{"timestamp": "2025-12-30T12:34:29.223251", "level": "INFO", "service": "order_generator", "event": "ORDER_CREATED", "order_id": "2a8c693c-58a0-4bbb-a103-cc122b2909b3", "message": "New order created", "meta": null}
{"timestamp": "2025-12-30T12:34:29.247852", "level": "INFO", "service": "order_generator", "event": "ORDER_CREATED", "order_id": "4092cef4-340a-45d6-a3d3-cdf13708c4be", "message": "New order created", "meta": null}
{"timestamp": "2025-12-30T12:34:29.272817", "level": "INFO", "service": "order_generator", "event": "ORDER_CREATED", "order_id": "fe92a292-539e-40d7-8cd2-5111ddb4d16e", "message": "New order created", "meta": null}
{"timestamp": "2025-12-30T12:34:29.305811", "level": "INFO", "service": "order_generator", "event": "ORDER_CREATED", "order_id": "b9f094b3-6b3c-456e-9627-326a0a1d044a", "message": "New order created", "meta": null}
{"timestamp": "2025-12-30T12:34:29.332210", "level": "INFO", "service": "order_generator", "event": "ORDER_CREATED", "order_id": "ac15a323-67f8-450d-9588-c222afa23e9a", "message": "New order created", "meta": null}
{"timestamp": "2025-12-30T12:34:29.357514", "level": "INFO", "service": "order_generator", "event": "ORDER_CREATED", "order_id": "7cb89df5-a0c0-410e-b855-38231134e5ce", "message": "New order created", "meta": null}
{"timestamp": "2025-12-30T12:34:29.378727", "level": "INFO", "service": "order_generator", "event": "ORDER_CREATED", "order_id": "0b1f64ac-2039-421f-b890-3d22aa64d5ef", "message": "New order created", "meta": null}
{"timestamp": "2025-12-30T12:34:29.398904", "level": "INFO", "service": "order_generator", "event": "ORDER_CREATED", "order_id": "93f31353-591e-452b-912d-32a08c30a609", "message": "New order created", "meta": null}
{"timestamp": "2025-12-30T12:34:29.422594", "level": "INFO", "service": "order_generator", "event": "ORDER_CREATED", "order_id": "7c160e9a-2d06-4f76-a215-ac7e5d43018a", "message": "New order created", "meta": null}
{"timestamp": "2025-12-30T12:34:29.448085", "level": "INFO", "service": "order_generator", "event": "ORDER_CREATED", "order_id": "0ca52537-22c5-40eb-a77d-6c6773fbaa72", "message": "New order created", "meta": null}
{"timestamp": "2025-12-30T12:34:29.468131", "level": "INFO", "service": "order_generator", "event": "ORDER_CREATED", "order_id": "6dff195e-14cb-47df-b350-2b4885ea9f69", "message": "New order created", "meta": null}
{"timestamp": "2025-12-30T12:34:29.489812", "level": "INFO", "service": "order_generator", "event": "ORDER_CREATED", "order_id": "7331f748-fa24-4047-90ed-67647495ea29", "message": "New order created", "meta": null}
{"timestamp": "2025-12-30T12:34:29.510659", "level": "INFO", "service": "order_generator", "event": "ORDER_CREATED", "order_id": "10be9f7a-81fd-464f-8ad7-9edd767dcbad", "message": "New order created", "meta": null}
{"timestamp": "2025-12-30T12:34:29.530300", "level": "INFO", "service": "order_generator", "event": "ORDER_CREATED", "order_id": "2ada0678-a0b2-45f4-95e7-91b256d93de6", "message": "New order created", "meta": null}
{"timestamp": "2025-12-30T12:34:29.548596", "level": "INFO", "service": "order_generator", "event": "ORDER_CREATED", "order_id": "90fb19a1-e480-45cc-912d-34ed19c85c25", "message": "New order created", "meta": null}
{"timestamp": "2025-12-30T12:34:29.570435", "level": "INFO", "service": "order_generator", "event": "ORDER_CREATED", "order_id": "dfd60f37-32ee-4c88-878c-d220c7ae6ebb", "message": "New order created", "meta": null}
{"timestamp": "2025-12-30T12:34:29.591616", "level": "INFO", "service": "order_generator", "event": "ORDER_CREATED", "order_id": "5724bf82-7666-490c-ba8e-41d428b7db0f", "message": "New order created", "meta": null}
{"timestamp": "2025-12-30T12:34:29.611816", "level": "INFO", "service": "order_generator", "event": "ORDER_CREATED", "order_id": "225a4bea-b95b-4175-a9ad-3cb95d5d5992", "message": "New order created", "meta": null}
{"timestamp": "2025-12-30T12:34:29.632228", "level": "INFO", "service": "order_generator", "event": "ORDER_CREATED", "order_id": "d0f821b8-5cde-4859-8b5e-dc51d870f41f", "message": "New order created", "meta": null}
{"timestamp": "2025-12-30T12:34:29.652770", "level": "INFO", "service": "order_generator", "event": "ORDER_CREATED", "order_id": "11b5e2a5-9659-425d-80bf-d0bcb9b4cc6c", "message": "New order created", "meta": null}
{"timestamp": "2025-12-30T12:34:29.676450", "level": "INFO", "service": "order_generator", "event": "ORDER_CREATED", "order_id": "2d2ec539-5172-48af-9633-539d5b069abc", "message": "New order created", "meta": null}
{"timestamp": "2025-12-30T12:34:29.699582", "level": "INFO", "service": "order_generator", "event": "ORDER_CREATED", "order_id": "b624d8b8-1bb0-4865-948c-830c3f603e23", "message": "New order created", "meta": null}
{"timestamp": "2025-12-30T12:34:29.720762", "level": "INFO", "service": "order_generator", "event": "ORDER_CREATED", "order_id": "eef09d09-7809-4358-862f-93ab55a388c7", "message": "New order created", "meta": null}
{"timestamp": "2025-12-30T12:34:29.742569", "level": "INFO", "service": "order_generator", "event": "ORDER_CREATED", "order_id": "7861eccf-88e1-441a-b6f8-a2d4afeaa62a", "message": "New order created", "meta": null}
{"timestamp": "2025-12-30T12:34:29.764673", "level": "INFO", "service": "order_generator", "event": "ORDER_CREATED", "order_id": "cae7d08b-e0c1-4397-ba50-dc8766441d95", "message": "New order created", "meta": null}
{"timestamp": "2025-12-30T12:34:29.787824", "level": "INFO", "service": "order_generator", "event": "ORDER_CREATED", "order_id": "40aa75e2-db09-4984-80f6-06b178af3755", "message": "New order created", "meta": null}
{"timestamp": "2025-12-30T12:34:29.810043", "level": "INFO", "service": "order_generator", "event": "ORDER_CREATED", "order_id": "892a955f-ebf9-4340-a6ca-00cf46618ebb", "message": "New order created", "meta": null}
{"timestamp": "2025-12-30T12:34:29.831286", "level": "INFO", "service": "order_generator", "event": "ORDER_CREATED", "order_id": "df68a7c9-ba88-459b-9ef4-546a54dbfa57", "message": "New order created", "meta": null}
{"timestamp": "2025-12-30T12:34:29.852603", "level": "INFO", "service": "order_generator", "event": "ORDER_CREATED", "order_id": "38141f60-c9ce-43b7-ae02-e356a4211ebf", "message": "New order created", "meta": null}
{"timestamp": "2025-12-30T12:34:29.875171", "level": "INFO", "service": "order_generator", "event": "ORDER_CREATED", "order_id": "3169a823-3b4a-4334-a8fd-ed5f6a41064d", "message": "New order created", "meta": null}
{"timestamp": "2025-12-30T12:34:29.894212", "level": "INFO", "service": "order_generator", "event": "ORDER_CREATED", "order_id": "99af5aee-573d-47f7-8fd4-34580dfe78d6", "message": "New order created", "meta": null}
{"timestamp": "2025-12-30T12:34:29.915010", "level": "INFO", "service": "order_generator", "event": "ORDER_CREATED", "order_id": "5bf50675-64fa-4234-ba5e-f1d6b570b65b", "message": "New order created", "meta": null}
{"timestamp": "2025-12-30T12:34:29.935183", "level": "INFO", "service": "order_generator", "event": "ORDER_CREATED", "order_id": "f1406191-2048-42bf-956d-f491263ae586", "message": "New order created", "meta": null}
{"timestamp": "2025-12-30T12:34:29.956796", "level": "INFO", "service": "order_generator", "event": "ORDER_CREATED", "order_id": "64e591f6-4a73-4c8b-9980-1d2dfb4d9762", "message": "New order created", "meta": null}
{"timestamp": "2025-12-30T12:34:29.977581", "level": "INFO", "service": "order_generator", "event": "ORDER_CREATED", "order_id": "76fb9656-2bcd-44d7-be02-fc515e89819b", "message": "New order created", "meta": null}
{"timestamp": "2025-12-30T12:34:29.998947", "level": "INFO", "service": "order_generator", "event": "ORDER_CREATED", "order_id": "cfe73504-34e1-437e-a230-2e1ee5606cf3", "message": "New order created", "meta": null}
{"timestamp": "2025-12-30T12:34:30.018603", "level": "INFO", "service": "order_generator", "event": "ORDER_CREATED", "order_id": "b7ec0265-b633-4d4d-9f90-93c7d7cef18f", "message": "New order created", "meta": null}
{"timestamp": "2025-12-30T12:34:30.040648", "level": "INFO", "service": "order_generator", "event": "ORDER_CREATED", "order_id": "82f3fe17-edf5-4954-974a-d095c79729ad", "message": "New order created", "meta": null}
{"timestamp": "2025-12-30T12:34:30.061048", "level": "INFO", "service": "order_generator", "event": "ORDER_CREATED", "order_id": "339d0fbd-a69c-4074-b9ed-84ed6db1c85b", "message": "New order created", "meta": null}
{"timestamp": "2025-12-30T12:34:30.079823", "level": "INFO", "service": "order_generator", "event": "ORDER_CREATED", "order_id": "f9a033e8-13ff-40a9-a2df-21cca9ec6921", "message": "New order created", "meta": null}
{"timestamp": "2025-12-30T12:34:30.102807", "level": "INFO", "service": "order_generator", "event": "ORDER_CREATED", "order_id": "2e7d096a-b455-48a3-9518-f85b4e290a55", "message": "New order created", "meta": null}
{"timestamp": "2025-12-30T12:34:30.124336", "level": "INFO", "service": "order_generator", "event": "ORDER_CREATED", "order_id": "781dd9b2-6543-4fc4-b9b4-b6551b40432d", "message": "New order created", "meta": null}
{"timestamp": "2025-12-30T12:34:30.146853", "level": "INFO", "service": "order_generator", "event": "ORDER_CREATED", "order_id": "aa67cee1-f9f1-4717-aab5-86a8a26bf060", "message": "New order created", "meta": null}
{"timestamp": "2025-12-30T12:34:30.215695", "level": "INFO", "service": "order_generator", "event": "ORDER_CREATED", "order_id": "70d61a6c-4e03-43ac-aa66-3682cd1fba7a", "message": "New order created", "meta": null}
{"timestamp": "2025-12-30T12:34:30.254127", "level": "INFO", "service": "order_generator", "event": "ORDER_CREATED", "order_id": "78bd3c15-5cbb-4f3e-8ba8-84cb62d653bc", "message": "New order created", "meta": null}
{"timestamp": "2025-12-30T12:34:30.282925", "level": "INFO", "service": "order_generator", "event": "ORDER_CREATED", "order_id": "03fc4750-ae5d-456b-bf6e-a75cfc7208c9", "message": "New order created", "meta": null}
{"timestamp": "2025-12-30T12:34:30.303840", "level": "INFO", "service": "order_generator", "event": "ORDER_CREATED", "order_id": "0bfa695a-522e-4552-9142-8e1c7b121b74", "message": "New order created", "meta": null}
{"timestamp": "2025-12-30T12:34:30.347153", "level": "INFO", "service": "order_generator", "event": "ORDER_CREATED", "order_id": "e398c16a-9dbb-45a7-b9c0-6b91b3c95fc5", "message": "New order created", "meta": null}
{"timestamp": "2025-12-30T12:34:30.368541", "level": "INFO", "service": "order_generator", "event": "ORDER_CREATED", "order_id": "62f36f63-fb0d-472b-ac79-d080d0b48824", "message": "New order created", "meta": null}
{"timestamp": "2025-12-30T12:34:30.397431", "level": "INFO", "service": "order_generator", "event": "ORDER_CREATED", "order_id": "86b1a7bd-c223-46ee-b4d8-e15e1bf2b8d3", "message": "New order created", "meta": null}
{"timestamp": "2025-12-30T12:34:30.420283", "level": "INFO", "service": "order_generator", "event": "ORDER_CREATED", "order_id": "b3cecb54-6aeb-4a56-ad8f-f219d4d5c2c4", "message": "New order created", "meta": null}
{"timestamp": "2025-12-30T12:34:30.444415", "level": "INFO", "service": "order_generator", "event": "ORDER_CREATED", "order_id": "a5d1365f-66e2-4a0e-a1cc-9a2734da3f08", "message": "New order created", "meta": null}
{"timestamp": "2025-12-30T12:34:30.474231", "level": "INFO", "service": "order_generator", "event": "ORDER_CREATED", "order_id": "bec78e2c-95be-461a-a823-538d780b131f", "message": "New order created", "meta": null}
{"timestamp": "2025-12-30T12:34:30.510084", "level": "INFO", "service": "order_generator", "event": "ORDER_CREATED", "order_id": "88d6d0f2-7572-490b-b481-31edd2870724", "message": "New order created", "meta": null}
{"timestamp": "2025-12-30T12:34:30.550942", "level": "INFO", "service": "order_generator", "event": "ORDER_CREATED", "order_id": "d83d915c-1d67-4574-b9ff-42937acfe2d7", "message": "New order created", "meta": null}
{"timestamp": "2025-12-30T12:34:30.589007", "level": "INFO", "service": "order_generator", "event": "ORDER_CREATED", "order_id": "810fecad-d53e-495b-a8c0-ab9d5bbcabde", "message": "New order created", "meta": null}
{"timestamp": "2025-12-30T12:34:30.634732", "level": "INFO", "service": "order_generator", "event": "ORDER_CREATED", "order_id": "e38acf80-f7ef-46f3-805f-ce9e7c7b0603", "message": "New order created", "meta": null}
{"timestamp": "2025-12-30T12:34:30.705085", "level": "INFO", "service": "order_generator", "event": "ORDER_CREATED", "order_id": "9613565d-eb76-4175-ac8f-83087b950db8", "message": "New order created", "meta": null}
{"timestamp": "2025-12-30T12:34:30.728474", "level": "INFO", "service": "order_generator", "event": "ORDER_CREATED", "order_id": "04d043f9-e987-4401-aaf0-d2bb8668405c", "message": "New order created", "meta": null}
{"timestamp": "2025-12-30T12:34:30.757186", "level": "INFO", "service": "order_generator", "event": "ORDER_CREATED", "order_id": "bdbb780b-e0c9-4649-82af-04b36e055e0f", "message": "New order created", "meta": null}
{"timestamp": "2025-12-30T12:34:30.782661", "level": "INFO", "service": "order_generator", "event": "ORDER_CREATED", "order_id": "42a13ee5-471f-45da-9d1e-908235479c28", "message": "New order created", "meta": null}
{"timestamp": "2025-12-30T12:34:30.807863", "level": "INFO", "service": "order_generator", "event": "ORDER_CREATED", "order_id": "c85a5554-99ae-4638-b148-5a74cea58b6e", "message": "New order created", "meta": null}
{"timestamp": "2025-12-30T12:34:30.832210", "level": "INFO", "service": "order_generator", "event": "ORDER_CREATED", "order_id": "c72b66d0-08ab-4aa4-95fc-e6f85f128838", "message": "New order created", "meta": null}
{"timestamp": "2025-12-30T12:34:30.858399", "level": "INFO", "service": "order_generator", "event": "ORDER_CREATED", "order_id": "c7ceac04-8248-4ce1-aab3-a9823433d835", "message": "New order created", "meta": null}
{"timestamp": "2025-12-30T12:34:30.881321", "level": "INFO", "service": "order_generator", "event": "ORDER_CREATED", "order_id": "335b0ac5-6eb4-44c5-af67-85e1c9554b96", "message": "New order created", "meta": null}
{"timestamp": "2025-12-30T12:34:30.909196", "level": "INFO", "service": "order_generator", "event": "ORDER_CREATED", "order_id": "c21272d1-3bb2-4925-a2c1-be43a24ad7c0", "message": "New order created", "meta": null}
{"timestamp": "2025-12-30T12:34:30.934480", "level": "INFO", "service": "order_generator", "event": "ORDER_CREATED", "order_id": "8f7c3ae1-9ccc-4a5f-b19b-831b0d064b86", "message": "New order created", "meta": null}
{"timestamp": "2025-12-30T12:34:30.969235", "level": "INFO", "service": "order_generator", "event": "ORDER_CREATED", "order_id": "cd2d80c2-1fc3-4413-84f4-441e38ceb941", "message": "New order created", "meta": null}
{"timestamp": "2025-12-30T12:34:30.995676", "level": "INFO", "service": "order_generator", "event": "ORDER_CREATED", "order_id": "d567cc59-681e-444d-a3f9-1355e90a7fa4", "message": "New order created", "meta": null}
{"timestamp": "2025-12-30T12:34:31.024676", "level": "INFO", "service": "order_generator", "event": "ORDER_CREATED", "order_id": "1308e41a-8f49-4819-968b-b16dbfd6d82b", "message": "New order created", "meta": null}
{"timestamp": "2025-12-30T12:34:31.050720", "level": "INFO", "service": "order_generator", "event": "ORDER_CREATED", "order_id": "af10283f-e021-41d7-95f4-ca49f2a8125c", "message": "New order created", "meta": null}
{"timestamp": "2025-12-30T12:34:31.073727", "level": "INFO", "service": "order_generator", "event": "ORDER_CREATED", "order_id": "fdac18ac-480d-42af-b544-d4a5d3c5b9d9", "message": "New order created", "meta": null}
{"timestamp": "2025-12-30T12:34:31.097857", "level": "INFO", "service": "order_generator", "event": "ORDER_CREATED", "order_id": "48569412-fe7b-45d5-bdf1-b6ee7c0e8f18", "message": "New order created", "meta": null}
{"timestamp": "2025-12-30T12:34:31.121438", "level": "INFO", "service": "order_generator", "event": "ORDER_CREATED", "order_id": "980189c1-7189-4571-8175-a369380d51b3", "message": "New order created", "meta": null}
{"timestamp": "2025-12-30T12:34:31.145384", "level": "INFO", "service": "order_generator", "event": "ORDER_CREATED", "order_id": "7debabe0-4a4c-4420-b2b6-56f891d04ebe", "message": "New order created", "meta": null}
{"timestamp": "2025-12-30T12:34:31.222826", "level": "INFO", "service": "order_generator", "event": "ORDER_CREATED", "order_id": "fd86cb3d-fa04-4f84-bbbc-da29b8d99711", "message": "New order created", "meta": null}
{"timestamp": "2025-12-30T12:34:31.246198", "level": "INFO", "service": "order_generator", "event": "ORDER_CREATED", "order_id": "2ae28540-142a-4cd9-a97c-e6de24763b43", "message": "New order created", "meta": null}
{"timestamp": "2025-12-30T12:34:31.272866", "level": "INFO", "service": "order_generator", "event": "ORDER_CREATED", "order_id": "ea9dab12-0e29-4f22-824b-4f698b7e817c", "message": "New order created", "meta": null}
{"timestamp": "2025-12-30T12:34:31.299747", "level": "INFO", "service": "order_generator", "event": "ORDER_CREATED", "order_id": "080d1dc4-7ecd-4f2c-85e0-bf56d7a04679", "message": "New order created", "meta": null}
{"timestamp": "2025-12-30T12:34:31.323846", "level": "INFO", "service": "order_generator", "event": "ORDER_CREATED", "order_id": "7f3eb303-7310-4884-b9f7-78a300cd0966", "message": "New order created", "meta": null}
{"timestamp": "2025-12-30T12:34:31.348690", "level": "INFO", "service": "order_generator", "event": "ORDER_CREATED", "order_id": "ffe63115-3976-4207-bfb0-ad82116f374e", "message": "New order created", "meta": null}
{"timestamp": "2025-12-30T12:34:31.374924", "level": "INFO", "service": "order_generator", "event": "ORDER_CREATED", "order_id": "917c6dab-a0ba-4921-877a-58ba2c278958", "message": "New order created", "meta": null}
{"timestamp": "2025-12-30T12:34:31.399098", "level": "INFO", "service": "order_generator", "event": "ORDER_CREATED", "order_id": "25842016-9d6a-49ef-8362-eccbf85bdf65", "message": "New order created", "meta": null}
{"timestamp": "2025-12-30T12:34:31.426586", "level": "INFO", "service": "order_generator", "event": "ORDER_CREATED", "order_id": "5bbd5cd7-9c59-4e25-8f1d-94b1bce6dc24", "message": "New order created", "meta": null}
{"timestamp": "2025-12-30T12:34:31.455024", "level": "INFO", "service": "order_generator", "event": "ORDER_CREATED", "order_id": "fe2506ac-63dc-41c1-88ff-1bb9e04058d9", "message": "New order created", "meta": null}
{"timestamp": "2025-12-30T12:34:31.484737", "level": "INFO", "service": "order_generator", "event": "ORDER_CREATED", "order_id": "f44655d3-3691-4a2d-b8fa-5d9bd1969b99", "message": "New order created", "meta": null}
{"timestamp": "2025-12-30T12:34:31.510982", "level": "INFO", "service": "order_generator", "event": "ORDER_CREATED", "order_id": "7a67dff2-2b49-4242-80ca-81d4da413e11", "message": "New order created", "meta": null}
{"timestamp": "2025-12-30T12:34:31.537374", "level": "INFO", "service": "order_generator", "event": "ORDER_CREATED", "order_id": "0ddf421c-cb86-4374-98a7-a68d4e798eb7", "message": "New order created", "meta": null}
{"timestamp": "2025-12-30T12:34:31.566808", "level": "INFO", "service": "order_generator", "event": "ORDER_CREATED", "order_id": "3eb25e1a-26c7-4684-921f-25c2664e1e57", "message": "New order created", "meta": null}
{"timestamp": "2025-12-30T12:34:31.594532", "level": "INFO", "service": "order_generator", "event": "ORDER_CREATED", "order_id": "b1f3c299-2bfe-424b-a4ff-42f65ebdace7", "message": "New order created", "meta": null}
{"timestamp": "2025-12-30T12:34:31.623074", "level": "INFO", "service": "order_generator", "event": "ORDER_CREATED", "order_id": "de8d205a-a444-4ab0-9f6c-1638615d7981", "message": "New order created", "meta": null}
{"timestamp": "2025-12-30T12:34:31.655571", "level": "INFO", "service": "order_generator", "event": "ORDER_CREATED", "order_id": "4010dfdc-eb26-4afb-b748-d9cab6899dbd", "message": "New order created", "meta": null}
{"timestamp": "2025-12-30T12:34:31.681854", "level": "INFO", "service": "order_generator", "event": "ORDER_CREATED", "order_id": "d054d4f3-4363-4d1c-8452-388af0da05e0", "message": "New order created", "meta": null}
{"timestamp": "2025-12-30T12:34:31.711056", "level": "INFO", "service": "order_generator", "event": "ORDER_CREATED", "order_id": "f47f0ffb-8cf7-47d3-88f2-81a7730d9f3f", "message": "New order created", "meta": null}
{"timestamp": "2025-12-30T12:34:31.740003", "level": "INFO", "service": "order_generator", "event": "ORDER_CREATED", "order_id": "bc6e80ab-44a9-461a-8406-29d104941aca", "message": "New order created", "meta": null}
{"timestamp": "2025-12-30T12:34:31.765252", "level": "INFO", "service": "order_generator", "event": "ORDER_CREATED", "order_id": "55b19cbc-fbae-4681-a346-46ed6724b13d", "message": "New order created", "meta": null}
{"timestamp": "2025-12-30T12:34:31.793037", "level": "INFO", "service": "order_generator", "event": "ORDER_CREATED", "order_id": "75d63999-4c8c-4d70-860c-7a81b0cfa826", "message": "New order created", "meta": null}
{"timestamp": "2025-12-30T12:34:31.827765", "level": "INFO", "service": "order_generator", "event": "ORDER_CREATED", "order_id": "06eb2cfc-c5fe-4649-a776-350144e0672f", "message": "New order created", "meta": null}
{"timestamp": "2025-12-30T12:34:31.856147", "level": "INFO", "service": "order_generator", "event": "ORDER_CREATED", "order_id": "1def8374-e95e-45a7-9dfb-72b394c81eca", "message": "New order created", "meta": null}
{"timestamp": "2025-12-30T12:34:31.883175", "level": "INFO", "service": "order_generator", "event": "ORDER_CREATED", "order_id": "a1cd4829-945c-41a2-8bfd-994d9fecc866", "message": "New order created", "meta": null}
{"timestamp": "2025-12-30T12:34:31.909503", "level": "INFO", "service": "order_generator", "event": "ORDER_CREATED", "order_id": "06f58f57-715e-42a8-82cb-4ee1a88c3515", "message": "New order created", "meta": null}
{"timestamp": "2025-12-30T12:34:31.937580", "level": "INFO", "service": "order_generator", "event": "ORDER_CREATED", "order_id": "b8bc078c-8b4b-4057-bbf7-fe6be60c8086", "message": "New order created", "meta": null}
{"timestamp": "2025-12-30T12:34:31.969961", "level": "INFO", "service": "order_generator", "event": "ORDER_CREATED", "order_id": "74175702-230a-4220-b9e0-a4f7e5bf8530", "message": "New order created", "meta": null}
{"timestamp": "2025-12-30T12:34:31.995827", "level": "INFO", "service": "order_generator", "event": "ORDER_CREATED", "order_id": "4b8dd6f2-e265-4f2d-a08b-d7dfe2279455", "message": "New order created", "meta": null}
{"timestamp": "2025-12-30T12:34:32.020392", "level": "INFO", "service": "order_generator", "event": "ORDER_CREATED", "order_id": "898e4fd0-ded7-4b10-b15d-3b72900f5dc3", "message": "New order created", "meta": null}
{"timestamp": "2025-12-30T12:34:32.044454", "level": "INFO", "service": "order_generator", "event": "ORDER_CREATED", "order_id": "4de72912-465f-4c66-b61b-62528ec74d56", "message": "New order created", "meta": null}
{"timestamp": "2025-12-30T12:34:32.068318", "level": "INFO", "service": "order_generator", "event": "ORDER_CREATED", "order_id": "ba3c6ba4-a01b-4579-94f2-d6b0caaddd7d", "message": "New order created", "meta": null}
{"timestamp": "2025-12-30T12:34:32.092666", "level": "INFO", "service": "order_generator", "event": "ORDER_CREATED", "order_id": "0ea34223-a549-4772-9748-b5481535c085", "message": "New order created", "meta": null}
{"timestamp": "2025-12-30T12:34:32.116262", "level": "INFO", "service": "order_generator", "event": "ORDER_CREATED", "order_id": "d95002b0-3501-4919-9a97-6c6b196a44c9", "message": "New order created", "meta": null}
{"timestamp": "2025-12-30T12:34:32.140896", "level": "INFO", "service": "order_generator", "event": "ORDER_CREATED", "order_id": "1d6ba998-1fac-479d-a8db-da046c0c5cac", "message": "New order created", "meta": null}
{"timestamp": "2025-12-30T12:34:32.175660", "level": "INFO", "service": "order_generator", "event": "ORDER_CREATED", "order_id": "125f0988-a4ae-4798-afab-ad729e5d631e", "message": "New order created", "meta": null}
{"timestamp": "2025-12-30T12:34:32.202852", "level": "INFO", "service": "order_generator", "event": "ORDER_CREATED", "order_id": "e5624d36-fc92-430d-8774-007124d146dd", "message": "New order created", "meta": null}
{"timestamp": "2025-12-30T12:34:32.230435", "level": "INFO", "service": "order_generator", "event": "ORDER_CREATED", "order_id": "068e00c4-d08b-4a87-b2cd-7b984538e5ef", "message": "New order created", "meta": null}
{"timestamp": "2025-12-30T12:34:32.256877", "level": "INFO", "service": "order_generator", "event": "ORDER_CREATED", "order_id": "6c114799-efae-4757-9303-72e32f5169a8", "message": "New order created", "meta": null}
{"timestamp": "2025-12-30T12:34:32.281250", "level": "INFO", "service": "order_generator", "event": "ORDER_CREATED", "order_id": "1cbeaf66-9089-4493-8083-10af50cdb3d5", "message": "New order created", "meta": null}
{"timestamp": "2025-12-30T12:34:32.302609", "level": "INFO", "service": "order_generator", "event": "ORDER_CREATED", "order_id": "6fa80b92-9fbe-4e9d-bdaa-0608f8a16b5a", "message": "New order created", "meta": null}
{"timestamp": "2025-12-30T12:34:32.327660", "level": "INFO", "service": "order_generator", "event": "ORDER_CREATED", "order_id": "673a8778-4c6a-4c77-9dc5-a8666b3b0096", "message": "New order created", "meta": null}
{"timestamp": "2025-12-30T12:34:32.349972", "level": "INFO", "service": "order_generator", "event": "ORDER_CREATED", "order_id": "4b979878-a861-4304-b91b-86aa6ac240fe", "message": "New order created", "meta": null}
{"timestamp": "2025-12-30T12:34:32.370411", "level": "INFO", "service": "order_generator", "event": "ORDER_CREATED", "order_id": "b44f86a4-d100-4827-9b0e-d8623de7d349", "message": "New order created", "meta": null}
{"timestamp": "2025-12-30T12:34:32.394875", "level": "INFO", "service": "order_generator", "event": "ORDER_CREATED", "order_id": "2bb104dc-6287-452b-aa6d-55cdfa2c8b89", "message": "New order created", "meta": null}
{"timestamp": "2025-12-30T12:34:32.412940", "level": "INFO", "service": "order_generator", "event": "ORDER_CREATED", "order_id": "fb0422dc-622d-4b49-a03e-9042fbef3e1d", "message": "New order created", "meta": null}
{"timestamp": "2025-12-30T12:34:32.434696", "level": "INFO", "service": "order_generator", "event": "ORDER_CREATED", "order_id": "c6aa69a1-c6f8-4794-840f-54d1dd5887a9", "message": "New order created", "meta": null}
{"timestamp": "2025-12-30T12:34:32.459702", "level": "INFO", "service": "order_generator", "event": "ORDER_CREATED", "order_id": "3ab42a66-0b33-4c54-bc11-b136b6c66a41", "message": "New order created", "meta": null}
{"timestamp": "2025-12-30T12:34:32.483554", "level": "INFO", "service": "order_generator", "event": "ORDER_CREATED", "order_id": "4322bab9-0c03-4176-adc8-e5c1054f8a5f", "message": "New order created", "meta": null}
{"timestamp": "2025-12-30T12:34:32.508499", "level": "INFO", "service": "order_generator", "event": "ORDER_CREATED", "order_id": "ab8fab8f-d530-4fb2-a70e-49b3f4fa83f5", "message": "New order created", "meta": null}
{"timestamp": "2025-12-30T12:34:32.533163", "level": "INFO", "service": "order_generator", "event": "ORDER_CREATED", "order_id": "012a18bb-a874-4d17-ad9e-117c6f88f5e4", "message": "New order created", "meta": null}
{"timestamp": "2025-12-30T12:34:32.555873", "level": "INFO", "service": "order_generator", "event": "ORDER_CREATED", "order_id": "a406a899-fad3-4d5f-9839-fcbf9ca37443", "message": "New order created", "meta": null}
{"timestamp": "2025-12-30T12:34:32.582566", "level": "INFO", "service": "order_generator", "event": "ORDER_CREATED", "order_id": "e19a1ced-a72d-4e6f-a1f2-22040bf5b2d0", "message": "New order created", "meta": null}
{"timestamp": "2025-12-30T12:34:32.610811", "level": "INFO", "service": "order_generator", "event": "ORDER_CREATED", "order_id": "da504ba3-cd21-44c9-b01c-a4a181c2749b", "message": "New order created", "meta": null}
{"timestamp": "2025-12-30T12:34:32.634152", "level": "INFO", "service": "order_generator", "event": "ORDER_CREATED", "order_id": "f2b79205-fdb1-4fb6-b942-13ee77a64245", "message": "New order created", "meta": null}
{"timestamp": "2025-12-30T12:34:32.658994", "level": "INFO", "service": "order_generator", "event": "ORDER_CREATED", "order_id": "305f9fa2-f92e-40e2-a1fe-f86fc02ee4e6", "message": "New order created", "meta": null}
{"timestamp": "2025-12-30T12:34:32.684988", "level": "INFO", "service": "order_generator", "event": "ORDER_CREATED", "order_id": "323676a4-7f1d-478d-a508-cff44e183aa9", "message": "New order created", "meta": null}
{"timestamp": "2025-12-30T12:34:32.712080", "level": "INFO", "service": "order_generator", "event": "ORDER_CREATED", "order_id": "4916be53-93d8-4c0f-bb4e-78a553753011", "message": "New order created", "meta": null}
{"timestamp": "2025-12-30T12:34:32.739271", "level": "INFO", "service": "order_generator", "event": "ORDER_CREATED", "order_id": "cf626463-67f9-4df9-b909-6cee7f21e1c8", "message": "New order created", "meta": null}
{"timestamp": "2025-12-30T12:34:32.762496", "level": "INFO", "service": "order_generator", "event": "ORDER_CREATED", "order_id": "f416b4ed-5b69-4e59-8fad-6be366eaae33", "message": "New order created", "meta": null}
{"timestamp": "2025-12-30T12:34:32.801115", "level": "INFO", "service": "order_generator", "event": "ORDER_CREATED", "order_id": "9c4fcec2-6d8d-4d3b-a719-93fc8c5684a5", "message": "New order created", "meta": null}
{"timestamp": "2025-12-30T12:34:32.824804", "level": "INFO", "service": "order_generator", "event": "ORDER_CREATED", "order_id": "20aa478b-9414-47e2-8cfa-c00c6929c260", "message": "New order created", "meta": null}
{"timestamp": "2025-12-30T12:34:32.854253", "level": "INFO", "service": "order_generator", "event": "ORDER_CREATED", "order_id": "428bc7e5-8605-4fd3-bf52-3a353c1676d2", "message": "New order created", "meta": null}
{"timestamp": "2025-12-30T12:34:32.881363", "level": "INFO", "service": "order_generator", "event": "ORDER_CREATED", "order_id": "864e8526-da52-4c70-8eeb-97d1f8266142", "message": "New order created", "meta": null}
{"timestamp": "2025-12-30T12:34:32.905762", "level": "INFO", "service": "order_generator", "event": "ORDER_CREATED", "order_id": "b979bdf6-abce-4fc5-bbf6-b88d57105ac0", "message": "New order created", "meta": null}
{"timestamp": "2025-12-30T12:34:32.929027", "level": "INFO", "service": "order_generator", "event": "ORDER_CREATED", "order_id": "2d7f4537-252b-479c-87ae-0163e6b16d25", "message": "New order created", "meta": null}
{"timestamp": "2025-12-30T12:34:32.953070", "level": "INFO", "service": "order_generator", "event": "ORDER_CREATED", "order_id": "3d94766a-fd2f-4240-8f12-c17d8387462e", "message": "New order created", "meta": null}
{"timestamp": "2025-12-30T12:34:32.978074", "level": "INFO", "service": "order_generator", "event": "ORDER_CREATED", "order_id": "579b6e0d-d059-4b33-a4da-7416266c3b49", "message": "New order created", "meta": null}
{"timestamp": "2025-12-30T12:34:32.999652", "level": "INFO", "service": "order_generator", "event": "ORDER_CREATED", "order_id": "28bbdb0e-514e-4bf4-ace8-e3978ee100ef", "message": "New order created", "meta": null}
{"timestamp": "2025-12-30T12:34:33.022500", "level": "INFO", "service": "order_generator", "event": "ORDER_CREATED", "order_id": "16c199d3-153f-4e20-ac9c-bf1102c24b78", "message": "New order created", "meta": null}
{"timestamp": "2025-12-30T12:34:33.042487", "level": "INFO", "service": "order_generator", "event": "ORDER_CREATED", "order_id": "fe33c94e-7dc9-440c-90bc-5096deb4a51a", "message": "New order created", "meta": null}
{"timestamp": "2025-12-30T12:34:33.064578", "level": "INFO", "service": "order_generator", "event": "ORDER_CREATED", "order_id": "d3bbbb70-30dd-4c30-ba7e-c0b718a4e607", "message": "New order created", "meta": null}
{"timestamp": "2025-12-30T12:34:33.087790", "level": "INFO", "service": "order_generator", "event": "ORDER_CREATED", "order_id": "b47eeb53-184e-4844-8957-4286b5bc2944", "message": "New order created", "meta": null}
{"timestamp": "2025-12-30T12:34:33.111340", "level": "INFO", "service": "order_generator", "event": "ORDER_CREATED", "order_id": "1cff30e9-b4af-4ad8-be9e-34f6f6e8a115", "message": "New order created", "meta": null}
{"timestamp": "2025-12-30T12:34:33.138167", "level": "INFO", "service": "order_generator", "event": "ORDER_CREATED", "order_id": "a729456e-3e36-41a4-9229-c298378793aa", "message": "New order created", "meta": null}
{"timestamp": "2025-12-30T12:34:33.161397", "level": "INFO", "service": "order_generator", "event": "ORDER_CREATED", "order_id": "33cebc0d-60b6-43db-bd4b-656eece8857b", "message": "New order created", "meta": null}
{"timestamp": "2025-12-30T12:34:33.194532", "level": "INFO", "service": "order_generator", "event": "ORDER_CREATED", "order_id": "18af4171-5450-45f1-bca6-668b834ff3ef", "message": "New order created", "meta": null}
{"timestamp": "2025-12-30T12:34:33.222534", "level": "INFO", "service": "order_generator", "event": "ORDER_CREATED", "order_id": "e8f35a30-118b-4a1b-ab73-941ca366d703", "message": "New order created", "meta": null}
{"timestamp": "2025-12-30T12:34:33.246704", "level": "INFO", "service": "order_generator", "event": "ORDER_CREATED", "order_id": "174004f9-b782-4845-937e-1e1b8f6cb264", "message": "New order created", "meta": null}
{"timestamp": "2025-12-30T12:34:33.265645", "level": "INFO", "service": "order_generator", "event": "ORDER_CREATED", "order_id": "b9a4d297-f09a-41c4-939f-f6907257dbe1", "message": "New order created", "meta": null}
{"timestamp": "2025-12-30T12:34:33.290022", "level": "INFO", "service": "order_generator", "event": "ORDER_CREATED", "order_id": "88e62b33-359d-41e2-834f-e490fa3a3b02", "message": "New order created", "meta": null}
{"timestamp": "2025-12-30T12:34:33.312468", "level": "INFO", "service": "order_generator", "event": "ORDER_CREATED", "order_id": "d5775131-b6ae-4e07-8ad1-f3ab765d6b25", "message": "New order created", "meta": null}
{"timestamp": "2025-12-30T12:34:33.333304", "level": "INFO", "service": "order_generator", "event": "ORDER_CREATED", "order_id": "54b49414-5e80-42f1-927f-967e4a7e6291", "message": "New order created", "meta": null}
{"timestamp": "2025-12-30T12:34:33.358707", "level": "INFO", "service": "order_generator", "event": "ORDER_CREATED", "order_id": "62e89d2f-c1a8-4884-8483-b4691940b77a", "message": "New order created", "meta": null}
{"timestamp": "2025-12-30T12:34:33.380427", "level": "INFO", "service": "order_generator", "event": "ORDER_CREATED", "order_id": "f969000a-20db-45d2-b314-beda797c1b27", "message": "New order created", "meta": null}
{"timestamp": "2025-12-30T12:34:33.403915", "level": "INFO", "service": "order_generator", "event": "ORDER_CREATED", "order_id": "b965f665-620a-4d03-aa14-c9a0a86bb6db", "message": "New order created", "meta": null}
{"timestamp": "2025-12-30T12:34:33.427995", "level": "INFO", "service": "order_generator", "event": "ORDER_CREATED", "order_id": "bc4bdad2-0c2d-4d9b-9d7e-dd2fc0df35fa", "message": "New order created", "meta": null}
{"timestamp": "2025-12-30T12:34:33.452177", "level": "INFO", "service": "order_generator", "event": "ORDER_CREATED", "order_id": "1d986707-313a-47a0-87cf-e1c68e2a3a67", "message": "New order created", "meta": null}
{"timestamp": "2025-12-30T12:34:33.475716", "level": "INFO", "service": "order_generator", "event": "ORDER_CREATED", "order_id": "5e2ad90a-7dd7-43a0-87e3-9a702849b5a2", "message": "New order created", "meta": null}
{"timestamp": "2025-12-30T12:34:33.501419", "level": "INFO", "service": "order_generator", "event": "ORDER_CREATED", "order_id": "a578f254-a6c7-4076-a427-f0842ccc712b", "message": "New order created", "meta": null}
{"timestamp": "2025-12-30T12:34:33.524992", "level": "INFO", "service": "order_generator", "event": "ORDER_CREATED", "order_id": "71320750-bba6-4391-b68a-87cbee6a8b28", "message": "New order created", "meta": null}
{"timestamp": "2025-12-30T12:34:33.553010", "level": "INFO", "service": "order_generator", "event": "ORDER_CREATED", "order_id": "dd86ad8f-f381-4436-a477-d76781d6247a", "message": "New order created", "meta": null}
{"timestamp": "2025-12-30T12:34:33.580443", "level": "INFO", "service": "order_generator", "event": "ORDER_CREATED", "order_id": "0c47917c-1a16-4d0d-8a9a-e5d89bef2231", "message": "New order created", "meta": null}
{"timestamp": "2025-12-30T12:34:33.607271", "level": "INFO", "service": "order_generator", "event": "ORDER_CREATED", "order_id": "caff0612-7b40-4b19-9ec2-e268529b6533", "message": "New order created", "meta": null}
{"timestamp": "2025-12-30T12:34:33.630678", "level": "INFO", "service": "order_generator", "event": "ORDER_CREATED", "order_id": "01894ff7-7eb0-4b94-8ac6-0abe93c1faf7", "message": "New order created", "meta": null}
{"timestamp": "2025-12-30T12:34:33.658262", "level": "INFO", "service": "order_generator", "event": "ORDER_CREATED", "order_id": "12cbfff6-2eec-43c3-885e-bd7ffdf508e9", "message": "New order created", "meta": null}
{"timestamp": "2025-12-30T12:34:33.684426", "level": "INFO", "service": "order_generator", "event": "ORDER_CREATED", "order_id": "7aac300b-02c3-4fe9-a3b1-4a18647566db", "message": "New order created", "meta": null}
{"timestamp": "2025-12-30T12:34:33.713169", "level": "INFO", "service": "order_generator", "event": "ORDER_CREATED", "order_id": "8d6568ef-5cd4-4448-b663-68b442b6ba2a", "message": "New order created", "meta": null}
{"timestamp": "2025-12-30T12:34:33.739257", "level": "INFO", "service": "order_generator", "event": "ORDER_CREATED", "order_id": "b6ee1e5d-a3ba-4d36-8b62-494b1a3bbea9", "message": "New order created", "meta": null}
{"timestamp": "2025-12-30T12:34:33.762889", "level": "INFO", "service": "order_generator", "event": "ORDER_CREATED", "order_id": "e6e254c0-43fa-4e6a-a998-a7aaf7c4cc84", "message": "New order created", "meta": null}
{"timestamp": "2025-12-30T12:34:33.794981", "level": "INFO", "service": "order_generator", "event": "ORDER_CREATED", "order_id": "f551de01-4801-4805-9df0-e38c799263fe", "message": "New order created", "meta": null}
{"timestamp": "2025-12-30T12:34:33.817954", "level": "INFO", "service": "order_generator", "event": "ORDER_CREATED", "order_id": "0d2ddaf5-1802-47c7-b728-334d21d28d18", "message": "New order created", "meta": null}
{"timestamp": "2025-12-30T12:34:33.853015", "level": "INFO", "service": "order_generator", "event": "ORDER_CREATED", "order_id": "971ab157-7c79-4097-8002-c87390e9b6ad", "message": "New order created", "meta": null}
{"timestamp": "2025-12-30T12:34:33.879990", "level": "INFO", "service": "order_generator", "event": "ORDER_CREATED", "order_id": "355477b9-f756-4ce4-85a9-1902412375b2", "message": "New order created", "meta": null}
{"timestamp": "2025-12-30T12:34:33.903294", "level": "INFO", "service": "order_generator", "event": "ORDER_CREATED", "order_id": "e923a99f-8862-4946-9fd3-560c0612330f", "message": "New order created", "meta": null}
{"timestamp": "2025-12-30T12:34:33.929058", "level": "INFO", "service": "order_generator", "event": "ORDER_CREATED", "order_id": "7065c442-d9dd-4cd2-ab40-a05ce001ae4f", "message": "New order created", "meta": null}
{"timestamp": "2025-12-30T12:34:33.959004", "level": "INFO", "service": "order_generator", "event": "ORDER_CREATED", "order_id": "2c6cc747-341a-4649-b949-5997c14f0ddf", "message": "New order created", "meta": null}
{"timestamp": "2025-12-30T12:34:33.984074", "level": "INFO", "service": "order_generator", "event": "ORDER_CREATED", "order_id": "e335928e-d2db-4c36-9bf2-7266c23d0769", "message": "New order created", "meta": null}
{"timestamp": "2025-12-30T12:34:34.012879", "level": "INFO", "service": "order_generator", "event": "ORDER_CREATED", "order_id": "81630850-c21c-4ae4-9437-f991cf0d993e", "message": "New order created", "meta": null}
{"timestamp": "2025-12-30T12:34:34.036760", "level": "INFO", "service": "order_generator", "event": "ORDER_CREATED", "order_id": "a10c886a-4205-448f-8011-9224e3000ef8", "message": "New order created", "meta": null}
{"timestamp": "2025-12-30T12:34:34.062116", "level": "INFO", "service": "order_generator", "event": "ORDER_CREATED", "order_id": "a520797c-c3b6-491e-9e5f-f1af271a64ab", "message": "New order created", "meta": null}
{"timestamp": "2025-12-30T12:34:34.086419", "level": "INFO", "service": "order_generator", "event": "ORDER_CREATED", "order_id": "d5bd088c-2431-492c-b196-be5e4ade6a84", "message": "New order created", "meta": null}
{"timestamp": "2025-12-30T12:34:34.111561", "level": "INFO", "service": "order_generator", "event": "ORDER_CREATED", "order_id": "5225107f-cd1f-4fd8-a312-9f534741d7a1", "message": "New order created", "meta": null}
{"timestamp": "2025-12-30T12:34:34.137779", "level": "INFO", "service": "order_generator", "event": "ORDER_CREATED", "order_id": "b71ebf91-0592-4281-8f2e-bbd4eb117180", "message": "New order created", "meta": null}
{"timestamp": "2025-12-30T12:34:34.164978", "level": "INFO", "service": "order_generator", "event": "ORDER_CREATED", "order_id": "ff84807c-f398-431f-aaee-a1a353a06241", "message": "New order created", "meta": null}
{"timestamp": "2025-12-30T12:34:34.208854", "level": "INFO", "service": "order_generator", "event": "ORDER_CREATED", "order_id": "ec255c92-ba5a-4c28-bfde-219220343eed", "message": "New order created", "meta": null}
{"timestamp": "2025-12-30T12:37:44.488801", "level": "INFO", "service": "order_generator", "event": "ORDER_CREATED", "order_id": "6c8043ae-e856-4949-8863-738f32fff2da", "message": "New order created", "meta": null}
{"timestamp": "2025-12-30T12:37:44.513203", "level": "INFO", "service": "order_generator", "event": "ORDER_CREATED", "order_id": "16bdc8ea-3467-4c6b-aac8-f58f527177d3", "message": "New order created", "meta": null}
{"timestamp": "2025-12-30T12:37:44.535201", "level": "INFO", "service": "order_generator", "event": "ORDER_CREATED", "order_id": "707a9ee2-d014-469e-85f8-f24bfdad5c11", "message": "New order created", "meta": null}
{"timestamp": "2025-12-30T12:37:44.558295", "level": "INFO", "service": "order_generator", "event": "ORDER_CREATED", "order_id": "593145ee-c530-4d08-a5d0-2a7bac1195f8", "message": "New order created", "meta": null}
{"timestamp": "2025-12-30T12:37:44.588655", "level": "INFO", "service": "order_generator", "event": "ORDER_CREATED", "order_id": "fac7df92-37f0-4c6a-9dee-2439a22b7d0c", "message": "New order created", "meta": null}
{"timestamp": "2025-12-30T12:37:44.620608", "level": "INFO", "service": "order_generator", "event": "ORDER_CREATED", "order_id": "a21d978c-d616-4dfd-a5c2-cb0869821898", "message": "New order created", "meta": null}
{"timestamp": "2025-12-30T12:37:44.649253", "level": "INFO", "service": "order_generator", "event": "ORDER_CREATED", "order_id": "94b3cca9-265a-4faf-8ac1-04670710dfa7", "message": "New order created", "meta": null}
{"timestamp": "2025-12-30T12:37:44.685154", "level": "INFO", "service": "order_generator", "event": "ORDER_CREATED", "order_id": "d2309a98-08ec-42d7-8df5-f725a1f6c1fc", "message": "New order created", "meta": null}
{"timestamp": "2025-12-30T12:37:44.709557", "level": "INFO", "service": "order_generator", "event": "ORDER_CREATED", "order_id": "c2ce4a92-5d53-4fc5-9c4b-3eda7a2747b3", "message": "New order created", "meta": null}
{"timestamp": "2025-12-30T12:37:44.731733", "level": "INFO", "service": "order_generator", "event": "ORDER_CREATED", "order_id": "98e0f862-fee1-4047-9191-14d1944c4f76", "message": "New order created", "meta": null}
{"timestamp": "2025-12-30T12:37:44.756796", "level": "INFO", "service": "order_generator", "event": "ORDER_CREATED", "order_id": "7ca708fe-c1ec-4c58-aff0-6022114adfb7", "message": "New order created", "meta": null}
{"timestamp": "2025-12-30T12:37:44.779862", "level": "INFO", "service": "order_generator", "event": "ORDER_CREATED", "order_id": "d6628e03-73c4-40a7-bb3b-68cea7d68d85", "message": "New order created", "meta": null}
{"timestamp": "2025-12-30T12:37:44.809896", "level": "INFO", "service": "order_generator", "event": "ORDER_CREATED", "order_id": "cb358319-4507-4efe-af3f-882f22b959a8", "message": "New order created", "meta": null}
{"timestamp": "2025-12-30T12:37:44.842612", "level": "INFO", "service": "order_generator", "event": "ORDER_CREATED", "order_id": "b77554e3-33ef-420d-a5df-2e641bf35847", "message": "New order created", "meta": null}
{"timestamp": "2025-12-30T12:37:44.876125", "level": "INFO", "service": "order_generator", "event": "ORDER_CREATED", "order_id": "53337463-ed78-42bf-bd3f-1665912901d0", "message": "New order created", "meta": null}
{"timestamp": "2025-12-30T12:37:44.908738", "level": "INFO", "service": "order_generator", "event": "ORDER_CREATED", "order_id": "9488beef-6286-4571-8a9c-f3178bd86d72", "message": "New order created", "meta": null}
{"timestamp": "2025-12-30T12:37:44.941280", "level": "INFO", "service": "order_generator", "event": "ORDER_CREATED", "order_id": "188847c9-43ff-4fc3-8fe9-9dde1d674d05", "message": "New order created", "meta": null}
{"timestamp": "2025-12-30T12:37:44.994697", "level": "INFO", "service": "order_generator", "event": "ORDER_CREATED", "order_id": "94220e70-e594-426a-aac0-0aee0fc4aec6", "message": "New order created", "meta": null}
{"timestamp": "2025-12-30T12:37:45.076411", "level": "INFO", "service": "order_generator", "event": "ORDER_CREATED", "order_id": "e8b47b3f-974e-4bbe-8681-b6368fb13c7d", "message": "New order created", "meta": null}
{"timestamp": "2025-12-30T12:37:45.106704", "level": "INFO", "service": "order_generator", "event": "ORDER_CREATED", "order_id": "ec9113c4-14e2-4e8b-96a9-7fb955859d06", "message": "New order created", "meta": null}
{"timestamp": "2025-12-30T12:37:45.131216", "level": "INFO", "service": "order_generator", "event": "ORDER_CREATED", "order_id": "a11bb46d-ef0b-466b-94f1-56474a354a8e", "message": "New order created", "meta": null}
{"timestamp": "2025-12-30T12:37:45.161196", "level": "INFO", "service": "order_generator", "event": "ORDER_CREATED", "order_id": "5f8bb084-30f5-45d7-8821-65afe08fc231", "message": "New order created", "meta": null}
{"timestamp": "2025-12-30T12:37:45.191218", "level": "INFO", "service": "order_generator", "event": "ORDER_CREATED", "order_id": "f2ab8cb6-6ac3-4e72-908e-9488d384ac92", "message": "New order created", "meta": null}
{"timestamp": "2025-12-30T12:37:45.222213", "level": "INFO", "service": "order_generator", "event": "ORDER_CREATED", "order_id": "fff5e5cd-611a-4160-b6e8-9f044e829e29", "message": "New order created", "meta": null}
{"timestamp": "2025-12-30T12:37:45.251098", "level": "INFO", "service": "order_generator", "event": "ORDER_CREATED", "order_id": "c2eaea91-2325-4b7d-b396-7f4087329b94", "message": "New order created", "meta": null}
{"timestamp": "2025-12-30T12:37:45.282618", "level": "INFO", "service": "order_generator", "event": "ORDER_CREATED", "order_id": "f00e482b-70f6-447d-a09c-0aab3b1d6cfb", "message": "New order created", "meta": null}
{"timestamp": "2025-12-30T12:37:45.310370", "level": "INFO", "service": "order_generator", "event": "ORDER_CREATED", "order_id": "1eed689f-806e-4856-800a-8f3a37c8e56c", "message": "New order created", "meta": null}
{"timestamp": "2025-12-30T12:37:45.336101", "level": "INFO", "service": "order_generator", "event": "ORDER_CREATED", "order_id": "f5c9fe2f-88c0-4dec-a122-c6e63532436a", "message": "New order created", "meta": null}
{"timestamp": "2025-12-30T12:37:45.366563", "level": "INFO", "service": "order_generator", "event": "ORDER_CREATED", "order_id": "b098ec25-f260-4624-95d6-8a4cb3a37a2a", "message": "New order created", "meta": null}
{"timestamp": "2025-12-30T12:37:45.389703", "level": "INFO", "service": "order_generator", "event": "ORDER_CREATED", "order_id": "594b6ffd-57a9-4ab5-8ecf-7385f9218138", "message": "New order created", "meta": null}
{"timestamp": "2025-12-30T12:37:45.410072", "level": "INFO", "service": "order_generator", "event": "ORDER_CREATED", "order_id": "76ce768d-39fc-4d55-a74b-02e13983732d", "message": "New order created", "meta": null}
{"timestamp": "2025-12-30T12:37:45.432940", "level": "INFO", "service": "order_generator", "event": "ORDER_CREATED", "order_id": "b2a1d41c-657a-431c-9195-805734065119", "message": "New order created", "meta": null}
{"timestamp": "2025-12-30T12:37:45.457223", "level": "INFO", "service": "order_generator", "event": "ORDER_CREATED", "order_id": "855031c1-8a5d-45c9-a749-8d8638f27814", "message": "New order created", "meta": null}
{"timestamp": "2025-12-30T12:37:45.479587", "level": "INFO", "service": "order_generator", "event": "ORDER_CREATED", "order_id": "3169a00d-0c25-42d8-af98-3650f2475705", "message": "New order created", "meta": null}
{"timestamp": "2025-12-30T12:37:45.505815", "level": "INFO", "service": "order_generator", "event": "ORDER_CREATED", "order_id": "766daa0a-b2e5-43d0-8c2a-7f2fbdd13d1b", "message": "New order created", "meta": null}
{"timestamp": "2025-12-30T12:37:45.526400", "level": "INFO", "service": "order_generator", "event": "ORDER_CREATED", "order_id": "e232b6f2-f0cc-4225-a94b-35accd868de8", "message": "New order created", "meta": null}
{"timestamp": "2025-12-30T12:37:45.548610", "level": "INFO", "service": "order_generator", "event": "ORDER_CREATED", "order_id": "5b641ed3-5e89-4574-b643-9dad0c724c02", "message": "New order created", "meta": null}
{"timestamp": "2025-12-30T12:37:45.570209", "level": "INFO", "service": "order_generator", "event": "ORDER_CREATED", "order_id": "b1752cc4-7a38-4b8e-bfdd-7d7c6769200c", "message": "New order created", "meta": null}
{"timestamp": "2025-12-30T12:37:45.590539", "level": "INFO", "service": "order_generator", "event": "ORDER_CREATED", "order_id": "ee7b4892-e0ba-4679-ba4f-f88df4b9a2b8", "message": "New order created", "meta": null}
{"timestamp": "2025-12-30T12:37:45.615231", "level": "INFO", "service": "order_generator", "event": "ORDER_CREATED", "order_id": "125942a9-ddbe-4c98-96ae-38f651da534c", "message": "New order created", "meta": null}
{"timestamp": "2025-12-30T12:37:45.634572", "level": "INFO", "service": "order_generator", "event": "ORDER_CREATED", "order_id": "b4c72585-02e2-4ce5-9cd0-1ad63639e32a", "message": "New order created", "meta": null}
{"timestamp": "2025-12-30T12:37:45.662838", "level": "INFO", "service": "order_generator", "event": "ORDER_CREATED", "order_id": "250935ac-6c1d-400a-b440-d2750afe37fb", "message": "New order created", "meta": null}
{"timestamp": "2025-12-30T12:37:45.686706", "level": "INFO", "service": "order_generator", "event": "ORDER_CREATED", "order_id": "27ceb646-9078-4220-a3d3-e37a99cba84c", "message": "New order created", "meta": null}
{"timestamp": "2025-12-30T12:37:45.709414", "level": "INFO", "service": "order_generator", "event": "ORDER_CREATED", "order_id": "24ccbccb-5fe8-499a-bd3b-140bbcfa8134", "message": "New order created", "meta": null}
{"timestamp": "2025-12-30T12:37:45.735873", "level": "INFO", "service": "order_generator", "event": "ORDER_CREATED", "order_id": "4dbe2b7a-0424-4b37-a389-04ebb8f6f968", "message": "New order created", "meta": null}
{"timestamp": "2025-12-30T12:37:45.763940", "level": "INFO", "service": "order_generator", "event": "ORDER_CREATED", "order_id": "b72bc3c7-3f9b-448c-9c23-6b0bda03bad0", "message": "New order created", "meta": null}
{"timestamp": "2025-12-30T12:37:45.792178", "level": "INFO", "service": "order_generator", "event": "ORDER_CREATED", "order_id": "a37b8a09-8d1c-4023-b0a4-786e4a4976e4", "message": "New order created", "meta": null}
{"timestamp": "2025-12-30T12:37:45.817266", "level": "INFO", "service": "order_generator", "event": "ORDER_CREATED", "order_id": "38b7c070-f4e9-4241-a3fe-8f9518c4fb16", "message": "New order created", "meta": null}
{"timestamp": "2025-12-30T12:37:45.844450", "level": "INFO", "service": "order_generator", "event": "ORDER_CREATED", "order_id": "b020042b-fa18-420a-9217-52b1ef2f2d37", "message": "New order created", "meta": null}
{"timestamp": "2025-12-30T12:37:45.878445", "level": "INFO", "service": "order_generator", "event": "ORDER_CREATED", "order_id": "85c5a388-15c8-4919-a10d-a0197dd9d693", "message": "New order created", "meta": null}
{"timestamp": "2025-12-30T12:37:45.902730", "level": "INFO", "service": "order_generator", "event": "ORDER_CREATED", "order_id": "6c6bce89-e173-4dc9-8649-76f0c4fc6873", "message": "New order created", "meta": null}
{"timestamp": "2025-12-30T12:37:45.931220", "level": "INFO", "service": "order_generator", "event": "ORDER_CREATED", "order_id": "3f48f39d-3faf-4eaf-a423-7f582d3f1d88", "message": "New order created", "meta": null}
{"timestamp": "2025-12-30T12:37:45.956189", "level": "INFO", "service": "order_generator", "event": "ORDER_CREATED", "order_id": "fd6f7b25-adc5-4296-86bd-6d5810dbf3f9", "message": "New order created", "meta": null}
{"timestamp": "2025-12-30T12:37:45.984702", "level": "INFO", "service": "order_generator", "event": "ORDER_CREATED", "order_id": "d359a13e-643d-4652-9820-63382a800c9b", "message": "New order created", "meta": null}
{"timestamp": "2025-12-30T12:37:46.012868", "level": "INFO", "service": "order_generator", "event": "ORDER_CREATED", "order_id": "f3940f79-28f9-4fd8-b2df-8f65743d8c95", "message": "New order created", "meta": null}
{"timestamp": "2025-12-30T12:37:46.042913", "level": "INFO", "service": "order_generator", "event": "ORDER_CREATED", "order_id": "755a0c22-ca0d-4135-b386-418795524fe2", "message": "New order created", "meta": null}
{"timestamp": "2025-12-30T12:37:46.071762", "level": "INFO", "service": "order_generator", "event": "ORDER_CREATED", "order_id": "9aaaf480-f33e-4638-a508-88e035040375", "message": "New order created", "meta": null}
{"timestamp": "2025-12-30T12:37:46.101723", "level": "INFO", "service": "order_generator", "event": "ORDER_CREATED", "order_id": "81c9d55b-0d2b-4f6b-acc7-ed49bc3069c4", "message": "New order created", "meta": null}
{"timestamp": "2025-12-30T12:37:46.130150", "level": "INFO", "service": "order_generator", "event": "ORDER_CREATED", "order_id": "61f9fa6c-b725-41d9-90b4-c8f93ce4c86c", "message": "New order created", "meta": null}
{"timestamp": "2025-12-30T12:37:46.162040", "level": "INFO", "service": "order_generator", "event": "ORDER_CREATED", "order_id": "98402ade-041c-424c-950e-7b0e516a59c9", "message": "New order created", "meta": null}
{"timestamp": "2025-12-30T12:37:46.198484", "level": "INFO", "service": "order_generator", "event": "ORDER_CREATED", "order_id": "88771665-7098-480d-9634-f6c45ef12c4f", "message": "New order created", "meta": null}
{"timestamp": "2025-12-30T12:37:46.224757", "level": "INFO", "service": "order_generator", "event": "ORDER_CREATED", "order_id": "afda8f71-501c-46b2-a709-88946814dbd2", "message": "New order created", "meta": null}
{"timestamp": "2025-12-30T12:37:46.257449", "level": "INFO", "service": "order_generator", "event": "ORDER_CREATED", "order_id": "8bb2ede2-319b-4803-8f1a-24240e48b1b4", "message": "New order created", "meta": null}
{"timestamp": "2025-12-30T12:37:46.286204", "level": "INFO", "service": "order_generator", "event": "ORDER_CREATED", "order_id": "89690c4b-f1f7-4223-8faf-22724812b50b", "message": "New order created", "meta": null}
{"timestamp": "2025-12-30T12:37:46.310962", "level": "INFO", "service": "order_generator", "event": "ORDER_CREATED", "order_id": "9f79d3d7-1184-40ee-be67-62a34cc305f9", "message": "New order created", "meta": null}
{"timestamp": "2025-12-30T12:37:46.333425", "level": "INFO", "service": "order_generator", "event": "ORDER_CREATED", "order_id": "9d6db2b5-e7d0-48b2-ba07-da42ad497b87", "message": "New order created", "meta": null}
{"timestamp": "2025-12-30T12:37:46.360848", "level": "INFO", "service": "order_generator", "event": "ORDER_CREATED", "order_id": "d7befd02-3dd5-49d0-b123-1f49cbf1f8cf", "message": "New order created", "meta": null}
{"timestamp": "2025-12-30T12:37:46.387795", "level": "INFO", "service": "order_generator", "event": "ORDER_CREATED", "order_id": "87a2ed31-81db-4596-a2fa-f250599b275e", "message": "New order created", "meta": null}
{"timestamp": "2025-12-30T12:37:46.417781", "level": "INFO", "service": "order_generator", "event": "ORDER_CREATED", "order_id": "f2c215c8-acc2-4bf2-a0d2-47444c08e8d5", "message": "New order created", "meta": null}
{"timestamp": "2025-12-30T12:37:46.444632", "level": "INFO", "service": "order_generator", "event": "ORDER_CREATED", "order_id": "dd6c6cf5-6613-4e16-a91d-7d208a2e6e3a", "message": "New order created", "meta": null}
{"timestamp": "2025-12-30T12:37:46.470006", "level": "INFO", "service": "order_generator", "event": "ORDER_CREATED", "order_id": "3b2bd1d6-5d24-4e24-80ee-252e59581c47", "message": "New order created", "meta": null}
{"timestamp": "2025-12-30T12:37:46.495482", "level": "INFO", "service": "order_generator", "event": "ORDER_CREATED", "order_id": "93fe31aa-dd59-4f83-89bd-b4e979d10827", "message": "New order created", "meta": null}
{"timestamp": "2025-12-30T12:37:46.520186", "level": "INFO", "service": "order_generator", "event": "ORDER_CREATED", "order_id": "c70d9b15-8101-49dd-ad00-b3d6a911fa37", "message": "New order created", "meta": null}
{"timestamp": "2025-12-30T12:37:46.550287", "level": "INFO", "service": "order_generator", "event": "ORDER_CREATED", "order_id": "279f8a5d-68d0-4f80-8fb0-8dedbb069d2d", "message": "New order created", "meta": null}
{"timestamp": "2025-12-30T12:37:46.576735", "level": "INFO", "service": "order_generator", "event": "ORDER_CREATED", "order_id": "369c1019-9432-472d-938c-6a3a9a8e3a86", "message": "New order created", "meta": null}
{"timestamp": "2025-12-30T12:37:46.603565", "level": "INFO", "service": "order_generator", "event": "ORDER_CREATED", "order_id": "66cf47a6-1e66-4144-82a0-f7a30870d9dc", "message": "New order created", "meta": null}
{"timestamp": "2025-12-30T12:37:46.639758", "level": "INFO", "service": "order_generator", "event": "ORDER_CREATED", "order_id": "bc571027-847a-48c3-9499-3b58221126fc", "message": "New order created", "meta": null}
{"timestamp": "2025-12-30T12:37:46.670773", "level": "INFO", "service": "order_generator", "event": "ORDER_CREATED", "order_id": "8627a9a7-1d93-4923-a3d0-2413519754cf", "message": "New order created", "meta": null}
{"timestamp": "2025-12-30T12:37:46.696806", "level": "INFO", "service": "order_generator", "event": "ORDER_CREATED", "order_id": "8a4f78b1-5298-40e1-b7f5-b29feb4852a6", "message": "New order created", "meta": null}
{"timestamp": "2025-12-30T12:37:46.724922", "level": "INFO", "service": "order_generator", "event": "ORDER_CREATED", "order_id": "dd193655-1932-4fa7-ab4b-2b33210ab7be", "message": "New order created", "meta": null}
{"timestamp": "2025-12-30T12:37:46.749258", "level": "INFO", "service": "order_generator", "event": "ORDER_CREATED", "order_id": "920105ce-c74c-44e1-a9ff-95f1b94bb056", "message": "New order created", "meta": null}
{"timestamp": "2025-12-30T12:37:46.772690", "level": "INFO", "service": "order_generator", "event": "ORDER_CREATED", "order_id": "0d6ac71a-11a2-412e-84db-755cf0ff2a50", "message": "New order created", "meta": null}
{"timestamp": "2025-12-30T12:37:46.801226", "level": "INFO", "service": "order_generator", "event": "ORDER_CREATED", "order_id": "91b78ba9-904b-489e-bb60-1dc7d9da3751", "message": "New order created", "meta": null}
{"timestamp": "2025-12-30T12:37:46.828471", "level": "INFO", "service": "order_generator", "event": "ORDER_CREATED", "order_id": "a09838a1-fa0e-4605-9b0a-7df461e6e666", "message": "New order created", "meta": null}
{"timestamp": "2025-12-30T12:37:46.849343", "level": "INFO", "service": "order_generator", "event": "ORDER_CREATED", "order_id": "6294f970-45b1-4a4b-9f7e-9e7e1614b378", "message": "New order created", "meta": null}
{"timestamp": "2025-12-30T12:37:46.886133", "level": "INFO", "service": "order_generator", "event": "ORDER_CREATED", "order_id": "67c1dec2-a8f0-446a-8470-1371f75d6fbb", "message": "New order created", "meta": null}
{"timestamp": "2025-12-30T12:37:46.910205", "level": "INFO", "service": "order_generator", "event": "ORDER_CREATED", "order_id": "5c4f1ca6-faa0-427e-a0bd-3d4baafda706", "message": "New order created", "meta": null}
{"timestamp": "2025-12-30T12:37:46.942427", "level": "INFO", "service": "order_generator", "event": "ORDER_CREATED", "order_id": "477790f5-784f-411a-abd9-1d596ca6ee34", "message": "New order created", "meta": null}
{"timestamp": "2025-12-30T12:37:46.964241", "level": "INFO", "service": "order_generator", "event": "ORDER_CREATED", "order_id": "ebdc35c7-252a-44c4-9afa-968f06c44dc0", "message": "New order created", "meta": null}
{"timestamp": "2025-12-30T12:37:46.988997", "level": "INFO", "service": "order_generator", "event": "ORDER_CREATED", "order_id": "675b59ef-d2da-427e-9618-21f26a46966b", "message": "New order created", "meta": null}
{"timestamp": "2025-12-30T12:37:47.031073", "level": "INFO", "service": "order_generator", "event": "ORDER_CREATED", "order_id": "b08c972c-8c2a-4c61-890f-2290682a7981", "message": "New order created", "meta": null}
{"timestamp": "2025-12-30T12:37:47.065660", "level": "INFO", "service": "order_generator", "event": "ORDER_CREATED", "order_id": "0d1c1977-11ae-4ccc-b2f2-f0559a719ce7", "message": "New order created", "meta": null}
{"timestamp": "2025-12-30T12:37:47.097864", "level": "INFO", "service": "order_generator", "event": "ORDER_CREATED", "order_id": "8d48968b-dc19-4389-a4c0-1ddaffc42116", "message": "New order created", "meta": null}
{"timestamp": "2025-12-30T12:37:47.123517", "level": "INFO", "service": "order_generator", "event": "ORDER_CREATED", "order_id": "8c7b0caa-c23b-4ecd-a7ab-b20f989d6364", "message": "New order created", "meta": null}
{"timestamp": "2025-12-30T12:37:47.154492", "level": "INFO", "service": "order_generator", "event": "ORDER_CREATED", "order_id": "efd3578e-8ad6-4cce-99f9-bbc21779ad71", "message": "New order created", "meta": null}
{"timestamp": "2025-12-30T12:37:47.183401", "level": "INFO", "service": "order_generator", "event": "ORDER_CREATED", "order_id": "3fddb3f6-788e-4112-a5ae-4f42e7673e1e", "message": "New order created", "meta": null}
{"timestamp": "2025-12-30T12:37:47.212027", "level": "INFO", "service": "order_generator", "event": "ORDER_CREATED", "order_id": "52f11b88-1792-4702-a13c-cd2774df9fb5", "message": "New order created", "meta": null}
{"timestamp": "2025-12-30T12:37:47.240118", "level": "INFO", "service": "order_generator", "event": "ORDER_CREATED", "order_id": "24fe0f56-e01d-461c-81ce-7556aebb375e", "message": "New order created", "meta": null}
{"timestamp": "2025-12-30T12:37:47.265296", "level": "INFO", "service": "order_generator", "event": "ORDER_CREATED", "order_id": "52079743-aa46-4c7d-a8e4-f0f0834d6c5e", "message": "New order created", "meta": null}
{"timestamp": "2025-12-30T12:37:47.289515", "level": "INFO", "service": "order_generator", "event": "ORDER_CREATED", "order_id": "acecec3a-1df4-42fc-b986-15efbe745be3", "message": "New order created", "meta": null}
{"timestamp": "2025-12-30T12:37:47.318297", "level": "INFO", "service": "order_generator", "event": "ORDER_CREATED", "order_id": "9f7cc58c-f6c5-484f-920f-d0de74e7a663", "message": "New order created", "meta": null}
{"timestamp": "2025-12-30T12:37:47.345864", "level": "INFO", "service": "order_generator", "event": "ORDER_CREATED", "order_id": "0c4c9ca7-e9bf-4dae-9542-4bfac9627c7b", "message": "New order created", "meta": null}
{"timestamp": "2025-12-30T12:37:47.379362", "level": "INFO", "service": "order_generator", "event": "ORDER_CREATED", "order_id": "0ed51d23-cab6-4189-954c-0f8f994121c5", "message": "New order created", "meta": null}
{"timestamp": "2025-12-30T12:37:47.406317", "level": "INFO", "service": "order_generator", "event": "ORDER_CREATED", "order_id": "0594cc49-f453-403c-b504-ef70df8cbba0", "message": "New order created", "meta": null}
{"timestamp": "2025-12-30T12:37:47.434208", "level": "INFO", "service": "order_generator", "event": "ORDER_CREATED", "order_id": "7da0fff3-5a09-42c7-95eb-2e35f8a8562f", "message": "New order created", "meta": null}
{"timestamp": "2025-12-30T12:37:47.460932", "level": "INFO", "service": "order_generator", "event": "ORDER_CREATED", "order_id": "f19b1073-7c30-40c6-9e36-5c2357339c47", "message": "New order created", "meta": null}
{"timestamp": "2025-12-30T12:37:47.485272", "level": "INFO", "service": "order_generator", "event": "ORDER_CREATED", "order_id": "00309240-2583-4e7a-aebc-4f0b19f6892c", "message": "New order created", "meta": null}
{"timestamp": "2025-12-30T12:37:47.508868", "level": "INFO", "service": "order_generator", "event": "ORDER_CREATED", "order_id": "1c6f7e46-6b85-4092-88b5-6f5d85b23218", "message": "New order created", "meta": null}
{"timestamp": "2025-12-30T12:37:47.540182", "level": "INFO", "service": "order_generator", "event": "ORDER_CREATED", "order_id": "e2fec616-ec4f-4df6-ace8-6f3b299c5df1", "message": "New order created", "meta": null}
{"timestamp": "2025-12-30T12:37:47.572775", "level": "INFO", "service": "order_generator", "event": "ORDER_CREATED", "order_id": "08a38b35-d893-43da-bde2-6423df549c50", "message": "New order created", "meta": null}
{"timestamp": "2025-12-30T12:37:47.607057", "level": "INFO", "service": "order_generator", "event": "ORDER_CREATED", "order_id": "3e88bd0b-c1fb-4e67-86bc-235c236dfab6", "message": "New order created", "meta": null}
{"timestamp": "2025-12-30T12:37:47.635320", "level": "INFO", "service": "order_generator", "event": "ORDER_CREATED", "order_id": "2c32546f-7a32-4dbe-b383-bed61998e6ef", "message": "New order created", "meta": null}
{"timestamp": "2025-12-30T12:37:47.667091", "level": "INFO", "service": "order_generator", "event": "ORDER_CREATED", "order_id": "57843173-34eb-4910-829a-4934d8f045e9", "message": "New order created", "meta": null}
{"timestamp": "2025-12-30T12:37:47.693133", "level": "INFO", "service": "order_generator", "event": "ORDER_CREATED", "order_id": "9ec8319b-3cbf-4f57-aa2c-c97cd2ccfd77", "message": "New order created", "meta": null}
{"timestamp": "2025-12-30T12:37:47.726532", "level": "INFO", "service": "order_generator", "event": "ORDER_CREATED", "order_id": "84b2ce99-b9de-489f-9d56-6b3f0daecf74", "message": "New order created", "meta": null}
{"timestamp": "2025-12-30T12:37:47.755412", "level": "INFO", "service": "order_generator", "event": "ORDER_CREATED", "order_id": "29b0ad7c-73a4-4d5a-8113-e35ae62c10f0", "message": "New order created", "meta": null}
{"timestamp": "2025-12-30T12:37:47.780936", "level": "INFO", "service": "order_generator", "event": "ORDER_CREATED", "order_id": "9e517f22-669f-4bf8-ba78-fed2d4b3858a", "message": "New order created", "meta": null}
{"timestamp": "2025-12-30T12:37:47.807832", "level": "INFO", "service": "order_generator", "event": "ORDER_CREATED", "order_id": "2b241c12-26e5-42fa-a680-81613cfb5d75", "message": "New order created", "meta": null}
{"timestamp": "2025-12-30T12:37:47.843279", "level": "INFO", "service": "order_generator", "event": "ORDER_CREATED", "order_id": "6f3f5422-bc99-4442-ba57-f78605ea8e71", "message": "New order created", "meta": null}
{"timestamp": "2025-12-30T12:37:47.871105", "level": "INFO", "service": "order_generator", "event": "ORDER_CREATED", "order_id": "7129f271-b00b-40c7-83e5-83f5e746b040", "message": "New order created", "meta": null}
{"timestamp": "2025-12-30T12:37:47.907991", "level": "INFO", "service": "order_generator", "event": "ORDER_CREATED", "order_id": "fbcce766-17dd-43d5-821d-ee7621b6bf30", "message": "New order created", "meta": null}
{"timestamp": "2025-12-30T12:37:47.938494", "level": "INFO", "service": "order_generator", "event": "ORDER_CREATED", "order_id": "4bcd3ad4-da53-4290-bfab-b20115f1feaf", "message": "New order created", "meta": null}
{"timestamp": "2025-12-30T12:37:47.966005", "level": "INFO", "service": "order_generator", "event": "ORDER_CREATED", "order_id": "a45f807c-6e97-41da-a49f-c9ac5dcac2b8", "message": "New order created", "meta": null}
{"timestamp": "2025-12-30T12:37:47.991594", "level": "INFO", "service": "order_generator", "event": "ORDER_CREATED", "order_id": "461e1c35-412a-4186-9053-79f76b04ed07", "message": "New order created", "meta": null}
{"timestamp": "2025-12-30T12:37:48.022349", "level": "INFO", "service": "order_generator", "event": "ORDER_CREATED", "order_id": "bd051d0d-2897-4fed-9f40-9a3b55a0f88f", "message": "New order created", "meta": null}
{"timestamp": "2025-12-30T12:37:48.046630", "level": "INFO", "service": "order_generator", "event": "ORDER_CREATED", "order_id": "0201f6a4-634b-4880-a2d2-87ec38d22b2b", "message": "New order created", "meta": null}
{"timestamp": "2025-12-30T12:37:48.072907", "level": "INFO", "service": "order_generator", "event": "ORDER_CREATED", "order_id": "d05b5bbd-7810-416a-8d87-901d42140f74", "message": "New order created", "meta": null}
{"timestamp": "2025-12-30T12:37:48.100068", "level": "INFO", "service": "order_generator", "event": "ORDER_CREATED", "order_id": "46fa1d0f-d4fe-4397-8f31-60d3e6c07299", "message": "New order created", "meta": null}
{"timestamp": "2025-12-30T12:37:48.127496", "level": "INFO", "service": "order_generator", "event": "ORDER_CREATED", "order_id": "60cf3298-dccd-4571-be13-444ebf5e8a47", "message": "New order created", "meta": null}
{"timestamp": "2025-12-30T12:37:48.157032", "level": "INFO", "service": "order_generator", "event": "ORDER_CREATED", "order_id": "33292306-89eb-4093-b50f-72116f82ad10", "message": "New order created", "meta": null}
{"timestamp": "2025-12-30T12:37:48.185178", "level": "INFO", "service": "order_generator", "event": "ORDER_CREATED", "order_id": "062b73fd-373b-41b5-8b22-489f0ec27ca7", "message": "New order created", "meta": null}
{"timestamp": "2025-12-30T12:37:48.211813", "level": "INFO", "service": "order_generator", "event": "ORDER_CREATED", "order_id": "e3199e8c-c0b7-4f4b-9d66-74bb68523b2a", "message": "New order created", "meta": null}
{"timestamp": "2025-12-30T12:37:48.236605", "level": "INFO", "service": "order_generator", "event": "ORDER_CREATED", "order_id": "0ec7f2b3-8992-4e8c-b464-4ecbad4cea66", "message": "New order created", "meta": null}
{"timestamp": "2025-12-30T12:37:48.273709", "level": "INFO", "service": "order_generator", "event": "ORDER_CREATED", "order_id": "1aaf9a6f-516a-4411-8ebe-637d8fe108ca", "message": "New order created", "meta": null}
{"timestamp": "2025-12-30T12:37:48.295484", "level": "INFO", "service": "order_generator", "event": "ORDER_CREATED", "order_id": "d6e66793-b7b0-40bc-a6cc-ae6f120294ca", "message": "New order created", "meta": null}
{"timestamp": "2025-12-30T12:37:48.321749", "level": "INFO", "service": "order_generator", "event": "ORDER_CREATED", "order_id": "c0f78d4d-9eb0-4814-8b01-5903efe27f22", "message": "New order created", "meta": null}
{"timestamp": "2025-12-30T12:37:48.346969", "level": "INFO", "service": "order_generator", "event": "ORDER_CREATED", "order_id": "cf5bee8b-eb9b-420a-98aa-76fafcef6cc5", "message": "New order created", "meta": null}
{"timestamp": "2025-12-30T12:37:48.376904", "level": "INFO", "service": "order_generator", "event": "ORDER_CREATED", "order_id": "879bf907-88f5-4686-bb16-616486a93c9b", "message": "New order created", "meta": null}
{"timestamp": "2025-12-30T12:37:48.407440", "level": "INFO", "service": "order_generator", "event": "ORDER_CREATED", "order_id": "7fe3766d-57f9-4191-b960-1a73c806cf95", "message": "New order created", "meta": null}
{"timestamp": "2025-12-30T12:37:48.435970", "level": "INFO", "service": "order_generator", "event": "ORDER_CREATED", "order_id": "3df78f26-d3b1-4a9c-8ef5-00b5608b5925", "message": "New order created", "meta": null}
{"timestamp": "2025-12-30T12:37:48.469723", "level": "INFO", "service": "order_generator", "event": "ORDER_CREATED", "order_id": "33e4d7a1-2ea6-4e83-8322-8846b6686b4e", "message": "New order created", "meta": null}
{"timestamp": "2025-12-30T12:37:48.502346", "level": "INFO", "service": "order_generator", "event": "ORDER_CREATED", "order_id": "b5c1177b-e004-4999-bb24-275a77d20bc2", "message": "New order created", "meta": null}
{"timestamp": "2025-12-30T12:37:48.528303", "level": "INFO", "service": "order_generator", "event": "ORDER_CREATED", "order_id": "a183d9b3-db73-4699-bfc5-71a7655dcf4b", "message": "New order created", "meta": null}
{"timestamp": "2025-12-30T12:37:48.558192", "level": "INFO", "service": "order_generator", "event": "ORDER_CREATED", "order_id": "497a5cdf-15bf-4f28-b864-d50c7a2db011", "message": "New order created", "meta": null}
{"timestamp": "2025-12-30T12:37:48.584066", "level": "INFO", "service": "order_generator", "event": "ORDER_CREATED", "order_id": "371c29b9-51ba-4dd1-8a49-0d372741e4eb", "message": "New order created", "meta": null}
{"timestamp": "2025-12-30T12:37:48.615855", "level": "INFO", "service": "order_generator", "event": "ORDER_CREATED", "order_id": "e21930fc-ddee-4294-8970-4da277f2221c", "message": "New order created", "meta": null}
{"timestamp": "2025-12-30T12:37:48.643459", "level": "INFO", "service": "order_generator", "event": "ORDER_CREATED", "order_id": "973fa1a0-95e4-407e-86a8-c105916ebad3", "message": "New order created", "meta": null}
{"timestamp": "2025-12-30T12:37:48.669098", "level": "INFO", "service": "order_generator", "event": "ORDER_CREATED", "order_id": "b9ec5277-bd3a-410e-97f6-4185977742c4", "message": "New order created", "meta": null}
{"timestamp": "2025-12-30T12:37:48.693190", "level": "INFO", "service": "order_generator", "event": "ORDER_CREATED", "order_id": "6ee73c47-8eff-4f56-8ac0-1d43a07146b0", "message": "New order created", "meta": null}
{"timestamp": "2025-12-30T12:37:48.727850", "level": "INFO", "service": "order_generator", "event": "ORDER_CREATED", "order_id": "9377759d-a1d6-4062-bce2-bbff9a434dc4", "message": "New order created", "meta": null}
{"timestamp": "2025-12-30T12:37:48.754598", "level": "INFO", "service": "order_generator", "event": "ORDER_CREATED", "order_id": "a9bf8b84-b937-46ae-a3d7-2f3ab63792ab", "message": "New order created", "meta": null}
{"timestamp": "2025-12-30T12:37:48.783600", "level": "INFO", "service": "order_generator", "event": "ORDER_CREATED", "order_id": "5d7174bc-dbd5-436b-bb0d-b8ab281c3ffb", "message": "New order created", "meta": null}
{"timestamp": "2025-12-30T12:37:48.809653", "level": "INFO", "service": "order_generator", "event": "ORDER_CREATED", "order_id": "90b394dd-33b5-40ab-9336-fa77326a6bed", "message": "New order created", "meta": null}
{"timestamp": "2025-12-30T12:37:48.839813", "level": "INFO", "service": "order_generator", "event": "ORDER_CREATED", "order_id": "5e97177f-6907-46de-87eb-53f226678a84", "message": "New order created", "meta": null}
{"timestamp": "2025-12-30T12:37:48.876828", "level": "INFO", "service": "order_generator", "event": "ORDER_CREATED", "order_id": "6517f15a-46e9-4be3-a15c-c86b8dfac756", "message": "New order created", "meta": null}
{"timestamp": "2025-12-30T12:37:48.915321", "level": "INFO", "service": "order_generator", "event": "ORDER_CREATED", "order_id": "805abbfe-5309-454d-af58-07ee81cb8756", "message": "New order created", "meta": null}
{"timestamp": "2025-12-30T12:37:48.943803", "level": "INFO", "service": "order_generator", "event": "ORDER_CREATED", "order_id": "7a4c25bc-13ac-44f1-8ff4-03cf9e12e6a1", "message": "New order created", "meta": null}
{"timestamp": "2025-12-30T12:37:48.972159", "level": "INFO", "service": "order_generator", "event": "ORDER_CREATED", "order_id": "2f4f72a2-c19a-4237-af8b-9093a90997d9", "message": "New order created", "meta": null}
{"timestamp": "2025-12-30T12:37:49.018541", "level": "INFO", "service": "order_generator", "event": "ORDER_CREATED", "order_id": "bc58d1c9-c173-4b9e-87cc-a5125688ce51", "message": "New order created", "meta": null}
{"timestamp": "2025-12-30T12:37:49.040542", "level": "INFO", "service": "order_generator", "event": "ORDER_CREATED", "order_id": "963fbbb0-5588-467f-a061-4a44a4de2643", "message": "New order created", "meta": null}
{"timestamp": "2025-12-30T12:37:49.068262", "level": "INFO", "service": "order_generator", "event": "ORDER_CREATED", "order_id": "6543b774-23cb-4903-afb0-d00f1ef83466", "message": "New order created", "meta": null}
{"timestamp": "2025-12-30T12:37:49.096921", "level": "INFO", "service": "order_generator", "event": "ORDER_CREATED", "order_id": "8e3e0424-84f9-4c64-b11d-1c139a375bc3", "message": "New order created", "meta": null}
{"timestamp": "2025-12-30T12:37:49.124581", "level": "INFO", "service": "order_generator", "event": "ORDER_CREATED", "order_id": "19d8eb48-37a7-4ee1-9cb8-0726681e908d", "message": "New order created", "meta": null}
{"timestamp": "2025-12-30T12:37:49.149283", "level": "INFO", "service": "order_generator", "event": "ORDER_CREATED", "order_id": "5e82becb-a0a9-4d1b-9c65-1773d4667917", "message": "New order created", "meta": null}
{"timestamp": "2025-12-30T12:37:49.176861", "level": "INFO", "service": "order_generator", "event": "ORDER_CREATED", "order_id": "e2c5a40f-d778-47de-bf92-d627c76027d9", "message": "New order created", "meta": null}
{"timestamp": "2025-12-30T12:37:49.219475", "level": "INFO", "service": "order_generator", "event": "ORDER_CREATED", "order_id": "f998fc6a-5c23-4acb-8e79-c6073b1e26bc", "message": "New order created", "meta": null}
{"timestamp": "2025-12-30T12:37:49.248533", "level": "INFO", "service": "order_generator", "event": "ORDER_CREATED", "order_id": "8c39cb10-5d84-4355-92b2-ca206b75c7eb", "message": "New order created", "meta": null}
{"timestamp": "2025-12-30T12:37:49.300239", "level": "INFO", "service": "order_generator", "event": "ORDER_CREATED", "order_id": "04103098-fb5d-4ae6-b1ad-e29187ba04fc", "message": "New order created", "meta": null}
{"timestamp": "2025-12-30T12:37:49.328755", "level": "INFO", "service": "order_generator", "event": "ORDER_CREATED", "order_id": "5c245fdc-d283-4f68-898b-ac6509056f46", "message": "New order created", "meta": null}
{"timestamp": "2025-12-30T12:37:49.358997", "level": "INFO", "service": "order_generator", "event": "ORDER_CREATED", "order_id": "c2af8e09-6bd2-4dfc-baea-37734c3ccd9f", "message": "New order created", "meta": null}
{"timestamp": "2025-12-30T12:37:49.383272", "level": "INFO", "service": "order_generator", "event": "ORDER_CREATED", "order_id": "8e43ef7c-f397-4357-b991-7a88b5e5e949", "message": "New order created", "meta": null}
{"timestamp": "2025-12-30T12:37:49.414031", "level": "INFO", "service": "order_generator", "event": "ORDER_CREATED", "order_id": "134fd522-f31a-4e34-adcf-abc9d3f26054", "message": "New order created", "meta": null}
{"timestamp": "2025-12-30T12:37:49.445498", "level": "INFO", "service": "order_generator", "event": "ORDER_CREATED", "order_id": "0f682ef5-0083-477f-8f46-c88764e6c538", "message": "New order created", "meta": null}
{"timestamp": "2025-12-30T12:37:49.472609", "level": "INFO", "service": "order_generator", "event": "ORDER_CREATED", "order_id": "aa5d2b08-8d73-4358-9f6c-4e99566356dc", "message": "New order created", "meta": null}
{"timestamp": "2025-12-30T12:37:49.502950", "level": "INFO", "service": "order_generator", "event": "ORDER_CREATED", "order_id": "8da56cff-7471-4da8-9b7d-9736bd776869", "message": "New order created", "meta": null}
{"timestamp": "2025-12-30T12:37:49.530595", "level": "INFO", "service": "order_generator", "event": "ORDER_CREATED", "order_id": "b8df047e-8b32-4e4f-bbd5-762d304aea28", "message": "New order created", "meta": null}
{"timestamp": "2025-12-30T12:37:49.557554", "level": "INFO", "service": "order_generator", "event": "ORDER_CREATED", "order_id": "d47c5651-a5b4-4161-b346-5c22ed5d1931", "message": "New order created", "meta": null}
{"timestamp": "2025-12-30T12:37:49.582201", "level": "INFO", "service": "order_generator", "event": "ORDER_CREATED", "order_id": "911457b1-fa24-4977-8664-998a15563c94", "message": "New order created", "meta": null}
{"timestamp": "2025-12-30T12:37:49.649013", "level": "INFO", "service": "order_generator", "event": "ORDER_CREATED", "order_id": "ccd083fd-cda2-4a68-9cd3-b097c2c4882e", "message": "New order created", "meta": null}
{"timestamp": "2025-12-30T12:37:49.689415", "level": "INFO", "service": "order_generator", "event": "ORDER_CREATED", "order_id": "42c6793b-5e16-4509-9fcc-ea62df36e8c0", "message": "New order created", "meta": null}
{"timestamp": "2025-12-30T12:37:49.732557", "level": "INFO", "service": "order_generator", "event": "ORDER_CREATED", "order_id": "5e087837-a1ba-494e-9bfc-4b9387a1df46", "message": "New order created", "meta": null}
{"timestamp": "2025-12-30T12:37:49.764957", "level": "INFO", "service": "order_generator", "event": "ORDER_CREATED", "order_id": "51bb845b-132b-4b63-82a6-0e497d9b2c07", "message": "New order created", "meta": null}
{"timestamp": "2025-12-30T12:37:49.794429", "level": "INFO", "service": "order_generator", "event": "ORDER_CREATED", "order_id": "82f9a67c-cba8-497c-bc0e-1841bb6054f4", "message": "New order created", "meta": null}
{"timestamp": "2025-12-30T12:37:49.832627", "level": "INFO", "service": "order_generator", "event": "ORDER_CREATED", "order_id": "dbb1563d-0465-4690-a652-843331e00a11", "message": "New order created", "meta": null}
{"timestamp": "2025-12-30T12:37:49.861109", "level": "INFO", "service": "order_generator", "event": "ORDER_CREATED", "order_id": "7e42b0cb-bd9b-44d6-bf65-b94b3e4cddb9", "message": "New order created", "meta": null}
{"timestamp": "2025-12-30T12:37:49.888535", "level": "INFO", "service": "order_generator", "event": "ORDER_CREATED", "order_id": "85cc6085-23ee-4081-bb89-81b83fbcd10c", "message": "New order created", "meta": null}
{"timestamp": "2025-12-30T12:37:49.945046", "level": "INFO", "service": "order_generator", "event": "ORDER_CREATED", "order_id": "48c1750d-a1ec-4625-b9d7-9b6498a21d0d", "message": "New order created", "meta": null}
{"timestamp": "2025-12-30T12:37:49.977967", "level": "INFO", "service": "order_generator", "event": "ORDER_CREATED", "order_id": "7736db6c-423b-4632-84bf-2652dcae695d", "message": "New order created", "meta": null}
{"timestamp": "2025-12-30T12:37:50.007218", "level": "INFO", "service": "order_generator", "event": "ORDER_CREATED", "order_id": "059e7f53-d8e9-4964-9818-f4c09bea591e", "message": "New order created", "meta": null}
{"timestamp": "2025-12-30T12:37:50.038010", "level": "INFO", "service": "order_generator", "event": "ORDER_CREATED", "order_id": "5f861403-1774-4067-8ac4-62156c0705c4", "message": "New order created", "meta": null}
{"timestamp": "2025-12-30T12:37:50.065516", "level": "INFO", "service": "order_generator", "event": "ORDER_CREATED", "order_id": "c8a3d5c4-19dc-4188-ad02-595b9d9232ff", "message": "New order created", "meta": null}
{"timestamp": "2025-12-30T12:37:50.092818", "level": "INFO", "service": "order_generator", "event": "ORDER_CREATED", "order_id": "c299656a-cd9c-46ee-a72b-5e877fd6e25a", "message": "New order created", "meta": null}
{"timestamp": "2025-12-30T12:37:50.118760", "level": "INFO", "service": "order_generator", "event": "ORDER_CREATED", "order_id": "a1fff8fd-2148-4e8a-bb3e-6dc6cb17310c", "message": "New order created", "meta": null}
{"timestamp": "2025-12-30T12:37:50.149102", "level": "INFO", "service": "order_generator", "event": "ORDER_CREATED", "order_id": "e1c9cac7-9f83-4671-8f2b-a50c40198e6c", "message": "New order created", "meta": null}
{"timestamp": "2025-12-30T12:37:50.177001", "level": "INFO", "service": "order_generator", "event": "ORDER_CREATED", "order_id": "b4760944-552c-4ad3-bc92-7cddf995418c", "message": "New order created", "meta": null}
{"timestamp": "2025-12-30T12:37:50.203081", "level": "INFO", "service": "order_generator", "event": "ORDER_CREATED", "order_id": "78a100be-8897-473a-b753-dd84a9a83e83", "message": "New order created", "meta": null}
{"timestamp": "2025-12-30T12:37:50.230782", "level": "INFO", "service": "order_generator", "event": "ORDER_CREATED", "order_id": "5d3d8ec6-a225-4d3a-bee6-fe0d5a086f17", "message": "New order created", "meta": null}
{"timestamp": "2025-12-30T12:37:50.258933", "level": "INFO", "service": "order_generator", "event": "ORDER_CREATED", "order_id": "079904b3-cc60-404c-9bac-b29565ede620", "message": "New order created", "meta": null}
{"timestamp": "2025-12-30T12:37:50.289717", "level": "INFO", "service": "order_generator", "event": "ORDER_CREATED", "order_id": "8f20074b-789b-4a48-88ba-c980af1ed2a8", "message": "New order created", "meta": null}
{"timestamp": "2025-12-30T12:37:50.315001", "level": "INFO", "service": "order_generator", "event": "ORDER_CREATED", "order_id": "ba19f298-5a9d-4422-8db2-bac11365ea16", "message": "New order created", "meta": null}
{"timestamp": "2025-12-30T12:37:50.341388", "level": "INFO", "service": "order_generator", "event": "ORDER_CREATED", "order_id": "33d8cce8-d5ef-4bf7-8cb7-271334eb7405", "message": "New order created", "meta": null}
{"timestamp": "2025-12-30T12:37:50.376616", "level": "INFO", "service": "order_generator", "event": "ORDER_CREATED", "order_id": "afaf1f79-e120-408b-8253-09e81d8606a6", "message": "New order created", "meta": null}
{"timestamp": "2025-12-30T12:37:50.407803", "level": "INFO", "service": "order_generator", "event": "ORDER_CREATED", "order_id": "c51deccb-8fc3-47e2-a67f-4262e7a1eeae", "message": "New order created", "meta": null}
{"timestamp": "2025-12-30T12:37:50.434485", "level": "INFO", "service": "order_generator", "event": "ORDER_CREATED", "order_id": "ab71dc6e-7162-49ed-b935-a6d50ab89ada", "message": "New order created", "meta": null}
{"timestamp": "2025-12-30T12:37:50.463704", "level": "INFO", "service": "order_generator", "event": "ORDER_CREATED", "order_id": "a659b52e-366f-4f44-a2da-bc7e9c51f13c", "message": "New order created", "meta": null}
{"timestamp": "2025-12-30T12:37:50.497005", "level": "INFO", "service": "order_generator", "event": "ORDER_CREATED", "order_id": "475d27b6-1ed9-462b-8b49-57ef55f2cd15", "message": "New order created", "meta": null}
{"timestamp": "2025-12-30T12:37:50.527822", "level": "INFO", "service": "order_generator", "event": "ORDER_CREATED", "order_id": "32c9b8b6-05ac-4674-8534-464233e3a32e", "message": "New order created", "meta": null}
{"timestamp": "2025-12-30T12:37:50.555173", "level": "INFO", "service": "order_generator", "event": "ORDER_CREATED", "order_id": "0b25dde4-933b-4f72-9348-891a50ec9dc5", "message": "New order created", "meta": null}
{"timestamp": "2025-12-30T12:37:50.588425", "level": "INFO", "service": "order_generator", "event": "ORDER_CREATED", "order_id": "f048c6ac-e33e-4625-936b-65c8d35be29e", "message": "New order created", "meta": null}
{"timestamp": "2025-12-30T12:37:50.619015", "level": "INFO", "service": "order_generator", "event": "ORDER_CREATED", "order_id": "ae5c8728-3a5d-417b-9a91-81c51c4e5396", "message": "New order created", "meta": null}
{"timestamp": "2025-12-30T12:37:50.648910", "level": "INFO", "service": "order_generator", "event": "ORDER_CREATED", "order_id": "1b072ee5-98e6-4e12-994e-3446f4fba6d6", "message": "New order created", "meta": null}
{"timestamp": "2025-12-30T12:37:50.676248", "level": "INFO", "service": "order_generator", "event": "ORDER_CREATED", "order_id": "241c92d1-be1b-498e-83ac-1c8516f54c9a", "message": "New order created", "meta": null}
{"timestamp": "2025-12-30T12:37:50.702673", "level": "INFO", "service": "order_generator", "event": "ORDER_CREATED", "order_id": "eb633695-a39e-4f41-917d-0de656f1e07a", "message": "New order created", "meta": null}
{"timestamp": "2025-12-30T12:37:50.730452", "level": "INFO", "service": "order_generator", "event": "ORDER_CREATED", "order_id": "5f8b5ff8-2013-48f1-a5a9-d551ad04f2d7", "message": "New order created", "meta": null}
{"timestamp": "2025-12-30T12:37:50.756171", "level": "INFO", "service": "order_generator", "event": "ORDER_CREATED", "order_id": "f02803f4-1de4-4bd6-acd7-1d27efb0aa47", "message": "New order created", "meta": null}
{"timestamp": "2025-12-30T12:37:50.781777", "level": "INFO", "service": "order_generator", "event": "ORDER_CREATED", "order_id": "aeb750a0-7ea1-40fd-88f9-d969fdfd9691", "message": "New order created", "meta": null}
{"timestamp": "2025-12-30T12:37:50.808747", "level": "INFO", "service": "order_generator", "event": "ORDER_CREATED", "order_id": "7cb148bc-1462-4229-a9c5-ce0169360131", "message": "New order created", "meta": null}
{"timestamp": "2025-12-30T12:37:50.836810", "level": "INFO", "service": "order_generator", "event": "ORDER_CREATED", "order_id": "ccd1fb22-9bff-452a-a19f-1e79cce36b14", "message": "New order created", "meta": null}
{"timestamp": "2025-12-30T12:37:50.865931", "level": "INFO", "service": "order_generator", "event": "ORDER_CREATED", "order_id": "2710bebf-2b6b-444b-83c6-b0a03590be81", "message": "New order created", "meta": null}
{"timestamp": "2025-12-30T12:37:50.894934", "level": "INFO", "service": "order_generator", "event": "ORDER_CREATED", "order_id": "8ebd7070-2d85-4d6d-b8d2-626a1a4129dd", "message": "New order created", "meta": null}
{"timestamp": "2025-12-30T12:37:50.920713", "level": "INFO", "service": "order_generator", "event": "ORDER_CREATED", "order_id": "224e0b5a-85ce-480c-8437-541e45cb3234", "message": "New order created", "meta": null}
{"timestamp": "2025-12-30T12:37:50.956243", "level": "INFO", "service": "order_generator", "event": "ORDER_CREATED", "order_id": "f5f526d1-279c-439f-ad18-61db08087285", "message": "New order created", "meta": null}
{"timestamp": "2025-12-30T12:37:50.987509", "level": "INFO", "service": "order_generator", "event": "ORDER_CREATED", "order_id": "75f72012-abaa-4db6-ba1f-0eb5a104c7de", "message": "New order created", "meta": null}
{"timestamp": "2025-12-30T12:37:51.028053", "level": "INFO", "service": "order_generator", "event": "ORDER_CREATED", "order_id": "5b546cff-9e40-4ee0-af80-d1245f817714", "message": "New order created", "meta": null}
{"timestamp": "2025-12-30T12:37:51.055279", "level": "INFO", "service": "order_generator", "event": "ORDER_CREATED", "order_id": "a5f87c19-8b5a-4d7b-aa99-78d85c17799d", "message": "New order created", "meta": null}
{"timestamp": "2025-12-30T12:37:51.079811", "level": "INFO", "service": "order_generator", "event": "ORDER_CREATED", "order_id": "f1d91f61-436c-46a4-90ec-733c56219bbe", "message": "New order created", "meta": null}
{"timestamp": "2025-12-30T12:37:51.117487", "level": "INFO", "service": "order_generator", "event": "ORDER_CREATED", "order_id": "c159776b-b683-4b51-abef-b85a04045be2", "message": "New order created", "meta": null}
{"timestamp": "2025-12-30T12:37:51.156137", "level": "INFO", "service": "order_generator", "event": "ORDER_CREATED", "order_id": "daa0060d-bdfc-4b3e-8ed0-553349637e44", "message": "New order created", "meta": null}
{"timestamp": "2025-12-30T12:37:51.182753", "level": "INFO", "service": "order_generator", "event": "ORDER_CREATED", "order_id": "016252dd-7fff-435d-968f-65bd1bdb6fd6", "message": "New order created", "meta": null}
{"timestamp": "2025-12-30T12:37:51.209038", "level": "INFO", "service": "order_generator", "event": "ORDER_CREATED", "order_id": "73c50991-2df7-4062-adcc-bce2f6986833", "message": "New order created", "meta": null}
{"timestamp": "2025-12-30T12:37:51.245506", "level": "INFO", "service": "order_generator", "event": "ORDER_CREATED", "order_id": "208879d0-8071-4756-b507-23e2e149d343", "message": "New order created", "meta": null}
{"timestamp": "2025-12-30T12:37:51.297320", "level": "INFO", "service": "order_generator", "event": "ORDER_CREATED", "order_id": "ffeb2204-e6c1-4d31-9f16-86543966f779", "message": "New order created", "meta": null}
{"timestamp": "2025-12-30T12:37:51.324574", "level": "INFO", "service": "order_generator", "event": "ORDER_CREATED", "order_id": "86b82d76-5fa4-4491-8a30-5b014bf8ce66", "message": "New order created", "meta": null}
{"timestamp": "2025-12-30T12:37:51.351792", "level": "INFO", "service": "order_generator", "event": "ORDER_CREATED", "order_id": "1a5f5b95-3c2c-42e7-9cf3-19f7947922a6", "message": "New order created", "meta": null}
{"timestamp": "2025-12-30T12:37:51.376358", "level": "INFO", "service": "order_generator", "event": "ORDER_CREATED", "order_id": "57f6618f-ebd4-41ed-9800-6b8ddd5822fd", "message": "New order created", "meta": null}
{"timestamp": "2025-12-30T12:37:51.411941", "level": "INFO", "service": "order_generator", "event": "ORDER_CREATED", "order_id": "b17bc70a-e042-4e17-b778-e4bd654b25d1", "message": "New order created", "meta": null}
{"timestamp": "2025-12-30T12:37:51.447161", "level": "INFO", "service": "order_generator", "event": "ORDER_CREATED", "order_id": "633f9e27-7568-4025-96ee-64056849f90d", "message": "New order created", "meta": null}
{"timestamp": "2025-12-30T12:37:51.471615", "level": "INFO", "service": "order_generator", "event": "ORDER_CREATED", "order_id": "120659b5-0105-4d09-b7ff-20a02566df53", "message": "New order created", "meta": null}
{"timestamp": "2025-12-30T12:37:51.499658", "level": "INFO", "service": "order_generator", "event": "ORDER_CREATED", "order_id": "e77ef6c4-2db7-4e6a-9cd3-57fbe572bd05", "message": "New order created", "meta": null}
{"timestamp": "2025-12-30T12:37:51.557224", "level": "INFO", "service": "order_generator", "event": "ORDER_CREATED", "order_id": "dfad9c89-54df-4998-b9f9-dc7f597e6c1f", "message": "New order created", "meta": null}
{"timestamp": "2025-12-30T12:37:51.583400", "level": "INFO", "service": "order_generator", "event": "ORDER_CREATED", "order_id": "fbe781f3-8695-4e9b-ade3-39eb509cd783", "message": "New order created", "meta": null}
{"timestamp": "2025-12-30T12:37:51.612587", "level": "INFO", "service": "order_generator", "event": "ORDER_CREATED", "order_id": "01448257-f505-4397-a52f-4a8ef69739e2", "message": "New order created", "meta": null}
{"timestamp": "2025-12-30T12:37:51.639887", "level": "INFO", "service": "order_generator", "event": "ORDER_CREATED", "order_id": "00ec8198-fd22-4f1c-aa70-f223bdd17a3e", "message": "New order created", "meta": null}
{"timestamp": "2025-12-30T12:37:51.668874", "level": "INFO", "service": "order_generator", "event": "ORDER_CREATED", "order_id": "9f40d49f-d1f6-4b50-a9d6-3c35582b4bb1", "message": "New order created", "meta": null}
{"timestamp": "2025-12-30T12:37:51.698740", "level": "INFO", "service": "order_generator", "event": "ORDER_CREATED", "order_id": "b7197339-fca6-463c-ad18-b1c6e911c6ba", "message": "New order created", "meta": null}
{"timestamp": "2025-12-30T12:37:51.726448", "level": "INFO", "service": "order_generator", "event": "ORDER_CREATED", "order_id": "09e8fa57-9ce8-4aef-a334-29d519fdd01f", "message": "New order created", "meta": null}
{"timestamp": "2025-12-30T12:37:51.758021", "level": "INFO", "service": "order_generator", "event": "ORDER_CREATED", "order_id": "1cd8e044-1896-48f6-a43e-19280069419e", "message": "New order created", "meta": null}
{"timestamp": "2025-12-30T12:37:51.792810", "level": "INFO", "service": "order_generator", "event": "ORDER_CREATED", "order_id": "5e567aff-ce3d-418f-a2f4-fbd68fabf801", "message": "New order created", "meta": null}
{"timestamp": "2025-12-30T12:37:51.853711", "level": "INFO", "service": "order_generator", "event": "ORDER_CREATED", "order_id": "fc5bbe1d-112e-4346-87ee-3d5662753791", "message": "New order created", "meta": null}
{"timestamp": "2025-12-30T12:37:51.913816", "level": "INFO", "service": "order_generator", "event": "ORDER_CREATED", "order_id": "001e8fde-edbe-4240-b0f3-b1a777b067b8", "message": "New order created", "meta": null}
{"timestamp": "2025-12-30T12:37:51.963686", "level": "INFO", "service": "order_generator", "event": "ORDER_CREATED", "order_id": "0e267c22-9391-4706-bded-389366e9c4ac", "message": "New order created", "meta": null}
{"timestamp": "2025-12-30T12:37:51.990407", "level": "INFO", "service": "order_generator", "event": "ORDER_CREATED", "order_id": "4d0b2c13-9a6f-40c8-a781-43b3c9709557", "message": "New order created", "meta": null}
{"timestamp": "2025-12-30T12:37:52.016683", "level": "INFO", "service": "order_generator", "event": "ORDER_CREATED", "order_id": "a0e23db0-1752-41f5-85a7-6a6dd85c6f6c", "message": "New order created", "meta": null}
{"timestamp": "2025-12-30T12:37:52.043792", "level": "INFO", "service": "order_generator", "event": "ORDER_CREATED", "order_id": "94b6f27b-3bd8-4289-aadf-b3eeb2d2500f", "message": "New order created", "meta": null}
{"timestamp": "2025-12-30T12:37:52.071275", "level": "INFO", "service": "order_generator", "event": "ORDER_CREATED", "order_id": "d6261e7c-84bd-4f00-b4d2-e50c2249b845", "message": "New order created", "meta": null}
{"timestamp": "2025-12-30T12:37:52.097377", "level": "INFO", "service": "order_generator", "event": "ORDER_CREATED", "order_id": "640056ad-98b8-458f-8bc3-33304126528d", "message": "New order created", "meta": null}
{"timestamp": "2025-12-30T12:37:52.126192", "level": "INFO", "service": "order_generator", "event": "ORDER_CREATED", "order_id": "996ac344-19f3-434b-b908-57f9de961909", "message": "New order created", "meta": null}
{"timestamp": "2025-12-30T12:37:52.149916", "level": "INFO", "service": "order_generator", "event": "ORDER_CREATED", "order_id": "b6d379ad-d710-47be-8317-e07fb512324d", "message": "New order created", "meta": null}
{"timestamp": "2025-12-30T12:37:52.183206", "level": "INFO", "service": "order_generator", "event": "ORDER_CREATED", "order_id": "335f1c26-a6fe-412c-aa08-44b429616b02", "message": "New order created", "meta": null}
{"timestamp": "2025-12-30T12:37:52.217434", "level": "INFO", "service": "order_generator", "event": "ORDER_CREATED", "order_id": "0e47714a-633a-4bd3-afa5-98132dfd0408", "message": "New order created", "meta": null}
{"timestamp": "2025-12-30T12:37:52.248030", "level": "INFO", "service": "order_generator", "event": "ORDER_CREATED", "order_id": "df539b0a-b285-4f86-b1e5-a1fda35ae342", "message": "New order created", "meta": null}
{"timestamp": "2025-12-30T12:37:52.272370", "level": "INFO", "service": "order_generator", "event": "ORDER_CREATED", "order_id": "a516fde3-d93d-40fb-9d50-a17cf58aa6bf", "message": "New order created", "meta": null}
{"timestamp": "2025-12-30T12:37:52.304422", "level": "INFO", "service": "order_generator", "event": "ORDER_CREATED", "order_id": "2125557c-82da-45d3-a49c-50ca8f81fa23", "message": "New order created", "meta": null}
{"timestamp": "2025-12-30T12:37:52.337405", "level": "INFO", "service": "order_generator", "event": "ORDER_CREATED", "order_id": "f7c4964c-1afc-4749-9393-bf1b29459700", "message": "New order created", "meta": null}
{"timestamp": "2025-12-30T12:37:52.366177", "level": "INFO", "service": "order_generator", "event": "ORDER_CREATED", "order_id": "274166db-d89b-489d-89b1-40bbdefabaf9", "message": "New order created", "meta": null}
{"timestamp": "2025-12-30T12:37:52.397361", "level": "INFO", "service": "order_generator", "event": "ORDER_CREATED", "order_id": "3c0b8c08-cb39-41ce-9f97-52df312791a2", "message": "New order created", "meta": null}
{"timestamp": "2025-12-30T12:37:52.430939", "level": "INFO", "service": "order_generator", "event": "ORDER_CREATED", "order_id": "c173f90e-45e9-44ca-a3c6-fc9acae4075c", "message": "New order created", "meta": null}
{"timestamp": "2025-12-30T12:37:52.457911", "level": "INFO", "service": "order_generator", "event": "ORDER_CREATED", "order_id": "ba7660bb-a3a1-494e-9b4a-1f7c1bdd6b2a", "message": "New order created", "meta": null}
{"timestamp": "2025-12-30T12:37:52.484486", "level": "INFO", "service": "order_generator", "event": "ORDER_CREATED", "order_id": "b94a4e5e-6ce2-4adc-8079-5286531662bd", "message": "New order created", "meta": null}
{"timestamp": "2025-12-30T12:37:52.511560", "level": "INFO", "service": "order_generator", "event": "ORDER_CREATED", "order_id": "ca52db96-59fc-4563-a8fe-61267921d982", "message": "New order created", "meta": null}
{"timestamp": "2025-12-30T12:37:52.535308", "level": "INFO", "service": "order_generator", "event": "ORDER_CREATED", "order_id": "4dff4988-d608-45d7-a0c3-102863a046a2", "message": "New order created", "meta": null}
{"timestamp": "2025-12-30T12:37:52.560140", "level": "INFO", "service": "order_generator", "event": "ORDER_CREATED", "order_id": "07cdc5a6-d173-4a92-b4fa-559e35aac11a", "message": "New order created", "meta": null}
{"timestamp": "2025-12-30T12:37:52.589164", "level": "INFO", "service": "order_generator", "event": "ORDER_CREATED", "order_id": "50d14ab9-c0b9-47f9-a953-f783c3a2878a", "message": "New order created", "meta": null}
{"timestamp": "2025-12-30T12:37:52.646187", "level": "INFO", "service": "order_generator", "event": "ORDER_CREATED", "order_id": "fb41e523-67b4-423b-be4e-ebff048c8f3c", "message": "New order created", "meta": null}
{"timestamp": "2025-12-30T12:37:52.675291", "level": "INFO", "service": "order_generator", "event": "ORDER_CREATED", "order_id": "f9922d78-5146-4b70-a6a2-b6616f130db6", "message": "New order created", "meta": null}
{"timestamp": "2025-12-30T12:37:52.702300", "level": "INFO", "service": "order_generator", "event": "ORDER_CREATED", "order_id": "2facce95-9de9-4fd4-9b11-72f92307aed7", "message": "New order created", "meta": null}
{"timestamp": "2025-12-30T12:37:52.728387", "level": "INFO", "service": "order_generator", "event": "ORDER_CREATED", "order_id": "6336ca39-db5a-434e-9ccb-a9ea87b09871", "message": "New order created", "meta": null}
{"timestamp": "2025-12-30T12:37:52.760051", "level": "INFO", "service": "order_generator", "event": "ORDER_CREATED", "order_id": "71cd2593-d427-4c81-8198-5dcefc2ccebd", "message": "New order created", "meta": null}
{"timestamp": "2025-12-30T12:37:52.786610", "level": "INFO", "service": "order_generator", "event": "ORDER_CREATED", "order_id": "2d2214ab-50ab-44cd-b906-fafba634fcaf", "message": "New order created", "meta": null}
{"timestamp": "2025-12-30T12:37:52.816578", "level": "INFO", "service": "order_generator", "event": "ORDER_CREATED", "order_id": "7b18ae7c-df39-462f-baf8-868c64ea464b", "message": "New order created", "meta": null}
{"timestamp": "2025-12-30T12:37:52.842944", "level": "INFO", "service": "order_generator", "event": "ORDER_CREATED", "order_id": "2c1777b0-4447-48ae-8b7c-07c99a5a9daa", "message": "New order created", "meta": null}
{"timestamp": "2025-12-30T12:37:52.870147", "level": "INFO", "service": "order_generator", "event": "ORDER_CREATED", "order_id": "c8061161-e97c-418e-84e0-732bed3199af", "message": "New order created", "meta": null}
{"timestamp": "2025-12-30T12:37:52.911818", "level": "INFO", "service": "order_generator", "event": "ORDER_CREATED", "order_id": "30c4ad6a-b2e4-4a38-a02e-ac1ad2fe2fed", "message": "New order created", "meta": null}
{"timestamp": "2025-12-30T12:37:52.942895", "level": "INFO", "service": "order_generator", "event": "ORDER_CREATED", "order_id": "e969ad5c-d95d-48b3-a7f6-b70f27353536", "message": "New order created", "meta": null}
{"timestamp": "2025-12-30T12:37:52.976841", "level": "INFO", "service": "order_generator", "event": "ORDER_CREATED", "order_id": "061aebf3-c49b-408d-930e-15b813e053b4", "message": "New order created", "meta": null}
{"timestamp": "2025-12-30T12:37:53.003472", "level": "INFO", "service": "order_generator", "event": "ORDER_CREATED", "order_id": "a4f42b0e-5327-4f8b-95ae-3da327376697", "message": "New order created", "meta": null}
{"timestamp": "2025-12-30T12:37:53.032522", "level": "INFO", "service": "order_generator", "event": "ORDER_CREATED", "order_id": "6a775944-d60e-4087-8dca-37ab245fd12e", "message": "New order created", "meta": null}
{"timestamp": "2025-12-30T12:37:53.061117", "level": "INFO", "service": "order_generator", "event": "ORDER_CREATED", "order_id": "3bb5475c-7b45-4a8f-801c-906210a550b2", "message": "New order created", "meta": null}
{"timestamp": "2025-12-30T12:37:53.090928", "level": "INFO", "service": "order_generator", "event": "ORDER_CREATED", "order_id": "a6258a49-817e-48e0-aa46-00eefce94496", "message": "New order created", "meta": null}
{"timestamp": "2025-12-30T12:37:53.120158", "level": "INFO", "service": "order_generator", "event": "ORDER_CREATED", "order_id": "75ab805c-8ebf-4b7c-97d0-6dbf994a397c", "message": "New order created", "meta": null}
{"timestamp": "2025-12-30T12:37:53.143428", "level": "INFO", "service": "order_generator", "event": "ORDER_CREATED", "order_id": "1db7df68-7fa1-4d4b-9b5d-002da729c9cc", "message": "New order created", "meta": null}
{"timestamp": "2025-12-30T12:37:53.167667", "level": "INFO", "service": "order_generator", "event": "ORDER_CREATED", "order_id": "440946c2-e6d1-4d7e-a70b-3c66b894a7ca", "message": "New order created", "meta": null}
{"timestamp": "2025-12-30T12:37:53.194492", "level": "INFO", "service": "order_generator", "event": "ORDER_CREATED", "order_id": "a618a08d-e889-42a5-9f46-653b1944ae33", "message": "New order created", "meta": null}
{"timestamp": "2025-12-30T12:37:53.226414", "level": "INFO", "service": "order_generator", "event": "ORDER_CREATED", "order_id": "2f8a047e-9c4d-4c05-893e-4986e86933ce", "message": "New order created", "meta": null}
{"timestamp": "2025-12-30T12:37:53.256848", "level": "INFO", "service": "order_generator", "event": "ORDER_CREATED", "order_id": "8af090fb-63ec-4277-a5e5-f82ff2d3d35e", "message": "New order created", "meta": null}
{"timestamp": "2025-12-30T12:37:53.283154", "level": "INFO", "service": "order_generator", "event": "ORDER_CREATED", "order_id": "c701e5ba-a406-459e-b45d-e36e64dfddac", "message": "New order created", "meta": null}
{"timestamp": "2025-12-30T12:37:53.313827", "level": "INFO", "service": "order_generator", "event": "ORDER_CREATED", "order_id": "0ae03592-6925-4252-b669-23d1fe8e483b", "message": "New order created", "meta": null}
{"timestamp": "2025-12-30T12:37:53.343745", "level": "INFO", "service": "order_generator", "event": "ORDER_CREATED", "order_id": "b0e0a67a-3dff-478d-94a1-d308df6bdc2d", "message": "New order created", "meta": null}
{"timestamp": "2025-12-30T12:37:53.374031", "level": "INFO", "service": "order_generator", "event": "ORDER_CREATED", "order_id": "cdb60761-fbaa-4ed4-8a06-601b0f8b0dcb", "message": "New order created", "meta": null}
{"timestamp": "2025-12-30T12:37:53.399891", "level": "INFO", "service": "order_generator", "event": "ORDER_CREATED", "order_id": "815cfd7c-9097-4729-8c16-a89ccaec721e", "message": "New order created", "meta": null}
{"timestamp": "2025-12-30T12:37:53.426919", "level": "INFO", "service": "order_generator", "event": "ORDER_CREATED", "order_id": "aa6da139-b52e-47ae-ba30-849b0a74864a", "message": "New order created", "meta": null}
{"timestamp": "2025-12-30T12:37:53.454427", "level": "INFO", "service": "order_generator", "event": "ORDER_CREATED", "order_id": "7a859864-63b4-495c-a5b5-5f685625fa09", "message": "New order created", "meta": null}
{"timestamp": "2025-12-30T12:37:53.484917", "level": "INFO", "service": "order_generator", "event": "ORDER_CREATED", "order_id": "ff4027c9-c9a0-44b8-a07b-f4c594a0fdec", "message": "New order created", "meta": null}
{"timestamp": "2025-12-30T12:37:53.516162", "level": "INFO", "service": "order_generator", "event": "ORDER_CREATED", "order_id": "61c822a6-add8-49b1-9285-775ef3eee3e5", "message": "New order created", "meta": null}
{"timestamp": "2025-12-30T12:37:53.548572", "level": "INFO", "service": "order_generator", "event": "ORDER_CREATED", "order_id": "4e9dfeda-bdb1-4384-b9df-aab51ecfb60e", "message": "New order created", "meta": null}
{"timestamp": "2025-12-30T12:37:53.575636", "level": "INFO", "service": "order_generator", "event": "ORDER_CREATED", "order_id": "6c8816ea-25ee-4294-9b69-59f67f18875b", "message": "New order created", "meta": null}
{"timestamp": "2025-12-30T12:37:53.612106", "level": "INFO", "service": "order_generator", "event": "ORDER_CREATED", "order_id": "cff87a3d-dd40-434f-846f-571aa56e8820", "message": "New order created", "meta": null}
{"timestamp": "2025-12-30T12:37:53.635949", "level": "INFO", "service": "order_generator", "event": "ORDER_CREATED", "order_id": "dbf15a7c-6330-4f61-8bd5-aa63971d74d6", "message": "New order created", "meta": null}
{"timestamp": "2025-12-30T12:37:53.661892", "level": "INFO", "service": "order_generator", "event": "ORDER_CREATED", "order_id": "1cec9269-76b1-440f-96d5-333ba776b797", "message": "New order created", "meta": null}
{"timestamp": "2025-12-30T12:37:53.688257", "level": "INFO", "service": "order_generator", "event": "ORDER_CREATED", "order_id": "07fdf6c4-f35f-4617-a311-98e23ecb9f16", "message": "New order created", "meta": null}
{"timestamp": "2025-12-30T12:37:53.715103", "level": "INFO", "service": "order_generator", "event": "ORDER_CREATED", "order_id": "07b78517-2147-4943-89d7-fe5033ff8e73", "message": "New order created", "meta": null}
{"timestamp": "2025-12-30T12:37:53.750971", "level": "INFO", "service": "order_generator", "event": "ORDER_CREATED", "order_id": "def10bab-8bde-4ad5-8ea1-f8654599bb10", "message": "New order created", "meta": null}
{"timestamp": "2025-12-30T12:37:53.782348", "level": "INFO", "service": "order_generator", "event": "ORDER_CREATED", "order_id": "a8ebf563-3843-4492-b841-4b23977a0872", "message": "New order created", "meta": null}
{"timestamp": "2025-12-30T12:37:53.813609", "level": "INFO", "service": "order_generator", "event": "ORDER_CREATED", "order_id": "71ed0751-4210-4922-b53e-a0ac6076a5b3", "message": "New order created", "meta": null}
{"timestamp": "2025-12-30T12:37:53.839716", "level": "INFO", "service": "order_generator", "event": "ORDER_CREATED", "order_id": "a1bcf335-abdd-4ed6-9626-40f74efd61b1", "message": "New order created", "meta": null}
{"timestamp": "2025-12-30T12:37:53.864764", "level": "INFO", "service": "order_generator", "event": "ORDER_CREATED", "order_id": "e5e204c5-0a4e-4da7-aa2e-c06893e3cc7a", "message": "New order created", "meta": null}
{"timestamp": "2025-12-30T12:37:53.894138", "level": "INFO", "service": "order_generator", "event": "ORDER_CREATED", "order_id": "5f12806e-badd-4856-b521-4a292325ddba", "message": "New order created", "meta": null}
{"timestamp": "2025-12-30T12:37:53.922682", "level": "INFO", "service": "order_generator", "event": "ORDER_CREATED", "order_id": "7ba91f0a-6931-4e13-8176-4c70a888530c", "message": "New order created", "meta": null}
{"timestamp": "2025-12-30T12:37:53.952505", "level": "INFO", "service": "order_generator", "event": "ORDER_CREATED", "order_id": "e93e0a66-aea3-426b-b940-e6d08905cdcd", "message": "New order created", "meta": null}
{"timestamp": "2025-12-30T12:37:53.977346", "level": "INFO", "service": "order_generator", "event": "ORDER_CREATED", "order_id": "7f499c57-632b-4bf0-a56d-0c9799e1cd36", "message": "New order created", "meta": null}
{"timestamp": "2025-12-30T12:37:54.005498", "level": "INFO", "service": "order_generator", "event": "ORDER_CREATED", "order_id": "0bee9646-cfcd-4451-a323-9997959f1a4b", "message": "New order created", "meta": null}
{"timestamp": "2025-12-30T12:37:54.035545", "level": "INFO", "service": "order_generator", "event": "ORDER_CREATED", "order_id": "967354e3-87d1-499d-b2d5-fc2762659bd0", "message": "New order created", "meta": null}
{"timestamp": "2025-12-30T12:37:54.058790", "level": "INFO", "service": "order_generator", "event": "ORDER_CREATED", "order_id": "158a01e6-4a88-4fe5-82f8-3a9385fb73bf", "message": "New order created", "meta": null}
{"timestamp": "2025-12-30T12:37:54.083029", "level": "INFO", "service": "order_generator", "event": "ORDER_CREATED", "order_id": "da2474c1-e44d-419c-9d29-b3cef1e7ec88", "message": "New order created", "meta": null}
{"timestamp": "2025-12-30T12:37:54.108165", "level": "INFO", "service": "order_generator", "event": "ORDER_CREATED", "order_id": "f78a28c9-e67c-4d1a-a127-cf6e2cad2dc7", "message": "New order created", "meta": null}
{"timestamp": "2025-12-30T12:37:54.134166", "level": "INFO", "service": "order_generator", "event": "ORDER_CREATED", "order_id": "468b4455-e660-45a8-8972-e6259a9229e9", "message": "New order created", "meta": null}
{"timestamp": "2025-12-30T12:37:54.160824", "level": "INFO", "service": "order_generator", "event": "ORDER_CREATED", "order_id": "84eaddf4-0510-41d0-9a99-f8703421967f", "message": "New order created", "meta": null}
{"timestamp": "2025-12-30T12:37:54.186005", "level": "INFO", "service": "order_generator", "event": "ORDER_CREATED", "order_id": "78a859dc-02cf-46de-940e-bdfdfe40b5ff", "message": "New order created", "meta": null}
{"timestamp": "2025-12-30T12:37:54.209606", "level": "INFO", "service": "order_generator", "event": "ORDER_CREATED", "order_id": "531ccd2d-86be-4fad-a56a-f28f8eced5bf", "message": "New order created", "meta": null}
{"timestamp": "2025-12-30T12:37:54.234653", "level": "INFO", "service": "order_generator", "event": "ORDER_CREATED", "order_id": "ff7725dd-7ead-41f3-8592-debe5abd3233", "message": "New order created", "meta": null}
{"timestamp": "2025-12-30T12:37:54.261216", "level": "INFO", "service": "order_generator", "event": "ORDER_CREATED", "order_id": "75d302d3-edb9-430e-bfd5-9de441d52236", "message": "New order created", "meta": null}
{"timestamp": "2025-12-30T12:37:54.292082", "level": "INFO", "service": "order_generator", "event": "ORDER_CREATED", "order_id": "5b9e24b7-d330-43f0-b55c-928e8e147980", "message": "New order created", "meta": null}
{"timestamp": "2025-12-30T12:37:54.351174", "level": "INFO", "service": "order_generator", "event": "ORDER_CREATED", "order_id": "5a539c50-192b-4190-b145-1234e05e1dda", "message": "New order created", "meta": null}
{"timestamp": "2025-12-30T12:37:54.384649", "level": "INFO", "service": "order_generator", "event": "ORDER_CREATED", "order_id": "41bc92ed-f40c-4f05-b9d9-5f942f46f3b6", "message": "New order created", "meta": null}
{"timestamp": "2025-12-30T12:37:54.426972", "level": "INFO", "service": "order_generator", "event": "ORDER_CREATED", "order_id": "63ca41ab-85c0-418c-9c71-8bb5d45beb6b", "message": "New order created", "meta": null}
{"timestamp": "2025-12-30T12:37:54.458845", "level": "INFO", "service": "order_generator", "event": "ORDER_CREATED", "order_id": "8d42293c-0aac-4bda-aba1-cbf2e7c2cbf0", "message": "New order created", "meta": null}
{"timestamp": "2025-12-30T12:37:54.488918", "level": "INFO", "service": "order_generator", "event": "ORDER_CREATED", "order_id": "0f058cec-f9bf-44fe-8c1c-25c8bc106dd5", "message": "New order created", "meta": null}
{"timestamp": "2025-12-30T12:37:54.514335", "level": "INFO", "service": "order_generator", "event": "ORDER_CREATED", "order_id": "10bbce03-f3e7-4481-983c-6fc4fad78b94", "message": "New order created", "meta": null}
{"timestamp": "2025-12-30T12:37:54.545154", "level": "INFO", "service": "order_generator", "event": "ORDER_CREATED", "order_id": "2a08e9c9-0145-4502-941a-eb3609540022", "message": "New order created", "meta": null}
{"timestamp": "2025-12-30T12:37:54.572277", "level": "INFO", "service": "order_generator", "event": "ORDER_CREATED", "order_id": "137e1aa2-15de-4f94-a970-0eb9d8e48780", "message": "New order created", "meta": null}
{"timestamp": "2025-12-30T12:37:54.596014", "level": "INFO", "service": "order_generator", "event": "ORDER_CREATED", "order_id": "3d1ee802-ddbf-4382-85bf-16a13547ff98", "message": "New order created", "meta": null}
{"timestamp": "2025-12-30T12:37:54.625501", "level": "INFO", "service": "order_generator", "event": "ORDER_CREATED", "order_id": "af0c7054-3148-4427-9db8-fa922f63de67", "message": "New order created", "meta": null}
{"timestamp": "2025-12-30T12:37:54.650563", "level": "INFO", "service": "order_generator", "event": "ORDER_CREATED", "order_id": "55d70577-cfa5-4863-aa96-2b29c35064d1", "message": "New order created", "meta": null}
{"timestamp": "2025-12-30T12:37:54.676248", "level": "INFO", "service": "order_generator", "event": "ORDER_CREATED", "order_id": "f50f9345-cb94-4f13-bb4f-66dbb22f26e4", "message": "New order created", "meta": null}
{"timestamp": "2025-12-30T12:37:54.702794", "level": "INFO", "service": "order_generator", "event": "ORDER_CREATED", "order_id": "7c6d4d57-1785-4296-bb59-2e2cd8837f81", "message": "New order created", "meta": null}
{"timestamp": "2025-12-30T12:37:54.729471", "level": "INFO", "service": "order_generator", "event": "ORDER_CREATED", "order_id": "e0818e63-3f2d-4607-92b3-b81f82fef800", "message": "New order created", "meta": null}
{"timestamp": "2025-12-30T12:37:54.762214", "level": "INFO", "service": "order_generator", "event": "ORDER_CREATED", "order_id": "237632e3-e673-44c6-9151-332f01b2614c", "message": "New order created", "meta": null}
{"timestamp": "2025-12-30T12:37:54.787264", "level": "INFO", "service": "order_generator", "event": "ORDER_CREATED", "order_id": "4832c9d5-e09e-460b-9ecf-5645a1e58214", "message": "New order created", "meta": null}
{"timestamp": "2025-12-30T12:37:54.812775", "level": "INFO", "service": "order_generator", "event": "ORDER_CREATED", "order_id": "e4bd300f-11c8-4286-a4fa-17d145cfc439", "message": "New order created", "meta": null}
{"timestamp": "2025-12-30T12:37:54.839498", "level": "INFO", "service": "order_generator", "event": "ORDER_CREATED", "order_id": "116ffcef-6211-4e5b-8202-b08304ef62d6", "message": "New order created", "meta": null}
{"timestamp": "2025-12-30T12:37:54.863602", "level": "INFO", "service": "order_generator", "event": "ORDER_CREATED", "order_id": "11c2358b-d618-436a-8196-968ea8dca0f3", "message": "New order created", "meta": null}
{"timestamp": "2025-12-30T12:37:54.890235", "level": "INFO", "service": "order_generator", "event": "ORDER_CREATED", "order_id": "0fd71465-cf41-40da-9922-ac9383ff1fcd", "message": "New order created", "meta": null}
{"timestamp": "2025-12-30T12:37:54.917607", "level": "INFO", "service": "order_generator", "event": "ORDER_CREATED", "order_id": "5825cec7-68f7-4dcd-bc05-cea29693dee9", "message": "New order created", "meta": null}
{"timestamp": "2025-12-30T12:37:54.953285", "level": "INFO", "service": "order_generator", "event": "ORDER_CREATED", "order_id": "d88f43a6-0d44-4d70-bd4f-0276d5a69997", "message": "New order created", "meta": null}
{"timestamp": "2025-12-30T12:37:54.988122", "level": "INFO", "service": "order_generator", "event": "ORDER_CREATED", "order_id": "36218bc5-b11e-4045-9ec8-22592561168c", "message": "New order created", "meta": null}
{"timestamp": "2025-12-30T12:37:55.013101", "level": "INFO", "service": "order_generator", "event": "ORDER_CREATED", "order_id": "0946b464-a089-4824-b2ce-c932fa718207", "message": "New order created", "meta": null}
{"timestamp": "2025-12-30T12:37:55.041176", "level": "INFO", "service": "order_generator", "event": "ORDER_CREATED", "order_id": "be1b5bb6-96a1-491b-a7ea-fdce857d8dce", "message": "New order created", "meta": null}
{"timestamp": "2025-12-30T12:37:55.064386", "level": "INFO", "service": "order_generator", "event": "ORDER_CREATED", "order_id": "f204f975-776a-47cc-9e15-4d220d5b7da9", "message": "New order created", "meta": null}
{"timestamp": "2025-12-30T12:37:55.088161", "level": "INFO", "service": "order_generator", "event": "ORDER_CREATED", "order_id": "8c58b371-21d5-4c68-a1b6-96bedda7a8b0", "message": "New order created", "meta": null}
{"timestamp": "2025-12-30T12:37:55.112628", "level": "INFO", "service": "order_generator", "event": "ORDER_CREATED", "order_id": "1a19ab9c-d2a0-4ee2-933a-b31b1204dd61", "message": "New order created", "meta": null}
{"timestamp": "2025-12-30T12:37:55.138351", "level": "INFO", "service": "order_generator", "event": "ORDER_CREATED", "order_id": "508e1ee6-2b8b-4a56-8e92-51433622b4b5", "message": "New order created", "meta": null}
{"timestamp": "2025-12-30T12:37:55.162426", "level": "INFO", "service": "order_generator", "event": "ORDER_CREATED", "order_id": "5cd44dee-cdd1-420e-9ee5-f5ac21f8e6f1", "message": "New order created", "meta": null}
{"timestamp": "2025-12-30T12:37:55.186028", "level": "INFO", "service": "order_generator", "event": "ORDER_CREATED", "order_id": "1acc438e-0aec-43cb-b96d-ee031276e485", "message": "New order created", "meta": null}
{"timestamp": "2025-12-30T12:37:55.210574", "level": "INFO", "service": "order_generator", "event": "ORDER_CREATED", "order_id": "15d9af47-8c52-4baf-9001-6eddd38dbd93", "message": "New order created", "meta": null}
{"timestamp": "2025-12-30T12:37:55.233030", "level": "INFO", "service": "order_generator", "event": "ORDER_CREATED", "order_id": "4995e705-091a-4d35-ae52-6e0b5e5ab730", "message": "New order created", "meta": null}
{"timestamp": "2025-12-30T12:37:55.262061", "level": "INFO", "service": "order_generator", "event": "ORDER_CREATED", "order_id": "39f985b4-a215-4f6d-a49e-6ba76379d934", "message": "New order created", "meta": null}
{"timestamp": "2025-12-30T12:37:55.290028", "level": "INFO", "service": "order_generator", "event": "ORDER_CREATED", "order_id": "b546662a-52bf-4236-83c2-99c91a454f07", "message": "New order created", "meta": null}
{"timestamp": "2025-12-30T12:37:55.316889", "level": "INFO", "service": "order_generator", "event": "ORDER_CREATED", "order_id": "1b9cd3f2-716a-4dea-b070-5a3038f0963a", "message": "New order created", "meta": null}
{"timestamp": "2025-12-30T12:37:55.341038", "level": "INFO", "service": "order_generator", "event": "ORDER_CREATED", "order_id": "934ce39f-f3e0-4aaa-92d4-426581dc54ec", "message": "New order created", "meta": null}
{"timestamp": "2025-12-30T12:37:55.369570", "level": "INFO", "service": "order_generator", "event": "ORDER_CREATED", "order_id": "0353c719-5e31-41b2-ba40-df78efc050cd", "message": "New order created", "meta": null}
{"timestamp": "2025-12-30T12:37:55.394090", "level": "INFO", "service": "order_generator", "event": "ORDER_CREATED", "order_id": "6de97321-fa55-42fe-8e4a-159b0f06788c", "message": "New order created", "meta": null}
{"timestamp": "2025-12-30T12:37:55.420678", "level": "INFO", "service": "order_generator", "event": "ORDER_CREATED", "order_id": "58ab2e0d-a2b0-4dad-a089-5e8bdf55b971", "message": "New order created", "meta": null}
{"timestamp": "2025-12-30T12:37:55.453370", "level": "INFO", "service": "order_generator", "event": "ORDER_CREATED", "order_id": "e78f4562-70d6-4097-b049-81c04801b714", "message": "New order created", "meta": null}
{"timestamp": "2025-12-30T12:37:55.479028", "level": "INFO", "service": "order_generator", "event": "ORDER_CREATED", "order_id": "6a40ee98-e317-458f-84c3-dbd11687fe2c", "message": "New order created", "meta": null}
{"timestamp": "2025-12-30T12:37:55.541203", "level": "INFO", "service": "order_generator", "event": "ORDER_CREATED", "order_id": "8d344788-cb9f-45b1-811c-36461386c7dc", "message": "New order created", "meta": null}
{"timestamp": "2025-12-30T12:37:55.581115", "level": "INFO", "service": "order_generator", "event": "ORDER_CREATED", "order_id": "d389f72b-0e24-4b33-9fef-2ad59811c7e7", "message": "New order created", "meta": null}
{"timestamp": "2025-12-30T12:37:55.616745", "level": "INFO", "service": "order_generator", "event": "ORDER_CREATED", "order_id": "9363471c-5fa9-462e-8eee-12795a70771a", "message": "New order created", "meta": null}
{"timestamp": "2025-12-30T12:37:55.643008", "level": "INFO", "service": "order_generator", "event": "ORDER_CREATED", "order_id": "8df0f25d-a0c3-48be-b46d-20797f36d6b7", "message": "New order created", "meta": null}
{"timestamp": "2025-12-30T12:37:55.670186", "level": "INFO", "service": "order_generator", "event": "ORDER_CREATED", "order_id": "ceb2ba3e-d708-4b2f-a94c-f55d8bcf25ea", "message": "New order created", "meta": null}
{"timestamp": "2025-12-30T12:37:55.698299", "level": "INFO", "service": "order_generator", "event": "ORDER_CREATED", "order_id": "aa1c1e63-7227-4d36-969b-d13c7b3c11fc", "message": "New order created", "meta": null}
{"timestamp": "2025-12-30T12:37:55.725705", "level": "INFO", "service": "order_generator", "event": "ORDER_CREATED", "order_id": "56de1052-74df-4c2f-a3a9-4b32a6363cb7", "message": "New order created", "meta": null}
{"timestamp": "2025-12-30T12:37:55.753591", "level": "INFO", "service": "order_generator", "event": "ORDER_CREATED", "order_id": "4bad3946-29b7-45aa-abfe-31d0671eb361", "message": "New order created", "meta": null}
{"timestamp": "2025-12-30T12:37:55.786115", "level": "INFO", "service": "order_generator", "event": "ORDER_CREATED", "order_id": "71c8666b-bb8f-416c-a4b8-ef210490fc57", "message": "New order created", "meta": null}
{"timestamp": "2025-12-30T12:37:55.808748", "level": "INFO", "service": "order_generator", "event": "ORDER_CREATED", "order_id": "a3faaabf-b892-4483-969d-b40c66d0d1e1", "message": "New order created", "meta": null}
{"timestamp": "2025-12-30T12:37:55.838649", "level": "INFO", "service": "order_generator", "event": "ORDER_CREATED", "order_id": "ff579154-a19e-4975-882c-118f2d2cf169", "message": "New order created", "meta": null}
{"timestamp": "2025-12-30T12:37:55.880383", "level": "INFO", "service": "order_generator", "event": "ORDER_CREATED", "order_id": "2c52f957-9b2a-4869-af37-bb06b77cebf6", "message": "New order created", "meta": null}
{"timestamp": "2025-12-30T12:37:55.910572", "level": "INFO", "service": "order_generator", "event": "ORDER_CREATED", "order_id": "f7283094-027f-4838-a1f7-7f755ff82cc2", "message": "New order created", "meta": null}
{"timestamp": "2025-12-30T12:37:55.940109", "level": "INFO", "service": "order_generator", "event": "ORDER_CREATED", "order_id": "4e4753c0-1649-4fc5-87d7-3ab6c61f7d43", "message": "New order created", "meta": null}
{"timestamp": "2025-12-30T12:37:55.977420", "level": "INFO", "service": "order_generator", "event": "ORDER_CREATED", "order_id": "0588a1d9-e691-4ee5-8aee-65aeba99b22c", "message": "New order created", "meta": null}
{"timestamp": "2025-12-30T12:37:56.013726", "level": "INFO", "service": "order_generator", "event": "ORDER_CREATED", "order_id": "4c504ff5-95d6-422e-9725-f87168069bc3", "message": "New order created", "meta": null}
{"timestamp": "2025-12-30T12:37:56.043556", "level": "INFO", "service": "order_generator", "event": "ORDER_CREATED", "order_id": "c7255149-82a9-438a-b212-727838804e8c", "message": "New order created", "meta": null}
{"timestamp": "2025-12-30T12:37:56.069926", "level": "INFO", "service": "order_generator", "event": "ORDER_CREATED", "order_id": "ef54b930-b330-485e-bc71-3ecff02c6755", "message": "New order created", "meta": null}
{"timestamp": "2025-12-30T12:37:56.093066", "level": "INFO", "service": "order_generator", "event": "ORDER_CREATED", "order_id": "c1b6237a-4c6a-4e42-ad50-2075dba8fe3f", "message": "New order created", "meta": null}
{"timestamp": "2025-12-30T12:37:56.129451", "level": "INFO", "service": "order_generator", "event": "ORDER_CREATED", "order_id": "1857adad-dfa2-4918-b1d1-f8c0f8e8544f", "message": "New order created", "meta": null}
{"timestamp": "2025-12-30T12:37:56.160223", "level": "INFO", "service": "order_generator", "event": "ORDER_CREATED", "order_id": "84e75523-9972-476c-9f03-b55a8c90759b", "message": "New order created", "meta": null}
{"timestamp": "2025-12-30T12:37:56.193319", "level": "INFO", "service": "order_generator", "event": "ORDER_CREATED", "order_id": "6a0fb3fa-41b8-418e-a79f-58dee31d44d5", "message": "New order created", "meta": null}
{"timestamp": "2025-12-30T12:37:56.224103", "level": "INFO", "service": "order_generator", "event": "ORDER_CREATED", "order_id": "a9ea12b8-fc3f-415a-ae55-961b7420f000", "message": "New order created", "meta": null}
{"timestamp": "2025-12-30T12:37:56.247363", "level": "INFO", "service": "order_generator", "event": "ORDER_CREATED", "order_id": "5b05617f-f738-4ccc-9758-c7c6891a6091", "message": "New order created", "meta": null}
{"timestamp": "2025-12-30T12:37:56.273167", "level": "INFO", "service": "order_generator", "event": "ORDER_CREATED", "order_id": "0e62525c-75cb-4039-bd80-a4566fcbf174", "message": "New order created", "meta": null}
{"timestamp": "2025-12-30T12:37:56.297083", "level": "INFO", "service": "order_generator", "event": "ORDER_CREATED", "order_id": "6890b963-1c0a-4e84-8f9f-77f2f8612d79", "message": "New order created", "meta": null}
{"timestamp": "2025-12-30T12:37:56.322878", "level": "INFO", "service": "order_generator", "event": "ORDER_CREATED", "order_id": "6a7c266e-3814-4e28-a640-317dd028785d", "message": "New order created", "meta": null}
{"timestamp": "2025-12-30T12:37:56.353447", "level": "INFO", "service": "order_generator", "event": "ORDER_CREATED", "order_id": "007db2b5-1602-4e51-81d6-f67d61e8c167", "message": "New order created", "meta": null}
{"timestamp": "2025-12-30T12:37:56.377172", "level": "INFO", "service": "order_generator", "event": "ORDER_CREATED", "order_id": "92ce781d-b6e8-4a68-a6c4-22ff0e05b4ba", "message": "New order created", "meta": null}
{"timestamp": "2025-12-30T12:37:56.405245", "level": "INFO", "service": "order_generator", "event": "ORDER_CREATED", "order_id": "66c096e1-16fc-430c-97c3-99323b17ca8f", "message": "New order created", "meta": null}
{"timestamp": "2025-12-30T12:37:56.431144", "level": "INFO", "service": "order_generator", "event": "ORDER_CREATED", "order_id": "e6df341c-41ab-4d64-a464-0d4960168f45", "message": "New order created", "meta": null}
{"timestamp": "2025-12-30T12:37:56.459309", "level": "INFO", "service": "order_generator", "event": "ORDER_CREATED", "order_id": "2dcb54e6-3b46-41b5-a5c6-2a9fedcb3eab", "message": "New order created", "meta": null}
{"timestamp": "2025-12-30T12:37:56.484536", "level": "INFO", "service": "order_generator", "event": "ORDER_CREATED", "order_id": "2a4a5dac-dd6e-443a-85a4-35f1c17e854d", "message": "New order created", "meta": null}
{"timestamp": "2025-12-30T12:37:56.509001", "level": "INFO", "service": "order_generator", "event": "ORDER_CREATED", "order_id": "35c9bdf9-a832-4084-9fc3-1da680917476", "message": "New order created", "meta": null}
{"timestamp": "2025-12-30T12:37:56.531875", "level": "INFO", "service": "order_generator", "event": "ORDER_CREATED", "order_id": "f7c56cf8-e51b-4fa3-b9b3-9e4cfbb13005", "message": "New order created", "meta": null}
{"timestamp": "2025-12-30T12:37:56.556399", "level": "INFO", "service": "order_generator", "event": "ORDER_CREATED", "order_id": "f484725d-c940-4112-be22-266d92ddd5a3", "message": "New order created", "meta": null}
{"timestamp": "2025-12-30T12:37:56.583214", "level": "INFO", "service": "order_generator", "event": "ORDER_CREATED", "order_id": "3b410f48-974d-429a-b3d7-b558543f710b", "message": "New order created", "meta": null}
{"timestamp": "2025-12-30T12:37:56.610154", "level": "INFO", "service": "order_generator", "event": "ORDER_CREATED", "order_id": "9c10875e-65e4-4994-90a1-2b70b07db946", "message": "New order created", "meta": null}
{"timestamp": "2025-12-30T12:37:56.640605", "level": "INFO", "service": "order_generator", "event": "ORDER_CREATED", "order_id": "145867db-de38-4869-9742-56ab6dcf0ae8", "message": "New order created", "meta": null}
{"timestamp": "2025-12-30T12:37:56.664882", "level": "INFO", "service": "order_generator", "event": "ORDER_CREATED", "order_id": "8b2ad376-afdc-41d2-80dd-1d6f7268cc8f", "message": "New order created", "meta": null}
{"timestamp": "2025-12-30T12:37:56.691666", "level": "INFO", "service": "order_generator", "event": "ORDER_CREATED", "order_id": "ed7bfd7e-ae78-4008-91f7-46cd787a2bde", "message": "New order created", "meta": null}
{"timestamp": "2025-12-30T12:37:56.719250", "level": "INFO", "service": "order_generator", "event": "ORDER_CREATED", "order_id": "e8aae65f-a274-408f-b657-bc66062f5801", "message": "New order created", "meta": null}
{"timestamp": "2025-12-30T12:37:56.747411", "level": "INFO", "service": "order_generator", "event": "ORDER_CREATED", "order_id": "6e394644-c102-4196-80f1-618af660df87", "message": "New order created", "meta": null}
{"timestamp": "2025-12-30T12:37:56.777490", "level": "INFO", "service": "order_generator", "event": "ORDER_CREATED", "order_id": "e61e5fc6-b950-4356-8df0-d533332d14ac", "message": "New order created", "meta": null}
{"timestamp": "2025-12-30T12:37:56.839883", "level": "INFO", "service": "order_generator", "event": "ORDER_CREATED", "order_id": "0d66b1b3-3257-4a30-8885-2b78236368f4", "message": "New order created", "meta": null}
{"timestamp": "2025-12-30T12:37:56.900105", "level": "INFO", "service": "order_generator", "event": "ORDER_CREATED", "order_id": "83c4f84d-776b-47be-b6d3-3cb5fbf62ea8", "message": "New order created", "meta": null}
{"timestamp": "2025-12-30T12:37:56.930485", "level": "INFO", "service": "order_generator", "event": "ORDER_CREATED", "order_id": "b8ad278b-1304-46ae-bd40-6903c9457104", "message": "New order created", "meta": null}
{"timestamp": "2025-12-30T12:37:56.961525", "level": "INFO", "service": "order_generator", "event": "ORDER_CREATED", "order_id": "8f1f99bc-230e-4863-8c86-c8cd10223761", "message": "New order created", "meta": null}
{"timestamp": "2025-12-30T12:37:56.987230", "level": "INFO", "service": "order_generator", "event": "ORDER_CREATED", "order_id": "b08ecd34-d403-40d2-8a80-75b8d2b2b281", "message": "New order created", "meta": null}
{"timestamp": "2025-12-30T12:37:57.013992", "level": "INFO", "service": "order_generator", "event": "ORDER_CREATED", "order_id": "d7186876-d173-4814-8580-9b707fc8774c", "message": "New order created", "meta": null}
{"timestamp": "2025-12-30T12:37:57.041368", "level": "INFO", "service": "order_generator", "event": "ORDER_CREATED", "order_id": "dbd6bb76-e4b4-4621-946d-9bf6dc28610c", "message": "New order created", "meta": null}
{"timestamp": "2025-12-30T12:37:57.069780", "level": "INFO", "service": "order_generator", "event": "ORDER_CREATED", "order_id": "bf5ebb87-7a57-4ae9-b39d-fd0db4ff5fea", "message": "New order created", "meta": null}
{"timestamp": "2025-12-30T12:37:57.107212", "level": "INFO", "service": "order_generator", "event": "ORDER_CREATED", "order_id": "4cb77d07-31d5-498c-83d8-3b16b4d8fefc", "message": "New order created", "meta": null}
{"timestamp": "2025-12-30T12:37:57.133158", "level": "INFO", "service": "order_generator", "event": "ORDER_CREATED", "order_id": "a6198376-f5ae-4c03-952c-d5ac0542bfbf", "message": "New order created", "meta": null}
{"timestamp": "2025-12-30T12:37:57.157823", "level": "INFO", "service": "order_generator", "event": "ORDER_CREATED", "order_id": "73f5045c-83a2-44f6-b1b6-f4840b48b983", "message": "New order created", "meta": null}
{"timestamp": "2025-12-30T12:37:57.183924", "level": "INFO", "service": "order_generator", "event": "ORDER_CREATED", "order_id": "09e75d96-257c-4241-b02a-1b4c7fd2159d", "message": "New order created", "meta": null}
{"timestamp": "2025-12-30T12:37:57.212636", "level": "INFO", "service": "order_generator", "event": "ORDER_CREATED", "order_id": "18ac103d-1b3f-4509-a82e-4bbfb7ec9691", "message": "New order created", "meta": null}
{"timestamp": "2025-12-30T12:37:57.242464", "level": "INFO", "service": "order_generator", "event": "ORDER_CREATED", "order_id": "6ea911f0-ec30-4248-8277-3b81bac218ec", "message": "New order created", "meta": null}
{"timestamp": "2025-12-30T12:37:57.269875", "level": "INFO", "service": "order_generator", "event": "ORDER_CREATED", "order_id": "67e78921-91c4-469a-8513-68e66b145473", "message": "New order created", "meta": null}
{"timestamp": "2025-12-30T12:37:57.295936", "level": "INFO", "service": "order_generator", "event": "ORDER_CREATED", "order_id": "14aba80f-23a7-49a7-9d36-c8975d45eeb0", "message": "New order created", "meta": null}
{"timestamp": "2025-12-30T12:37:57.327131", "level": "INFO", "service": "order_generator", "event": "ORDER_CREATED", "order_id": "5e290ec5-daa9-4acf-88eb-a93225f99d1d", "message": "New order created", "meta": null}
{"timestamp": "2025-12-30T12:37:57.355672", "level": "INFO", "service": "order_generator", "event": "ORDER_CREATED", "order_id": "ffea0b1f-52d7-4770-bca0-917c7333dc67", "message": "New order created", "meta": null}
{"timestamp": "2025-12-30T12:37:57.389642", "level": "INFO", "service": "order_generator", "event": "ORDER_CREATED", "order_id": "99029f1c-d799-4e11-b3c9-b6eb572b54ac", "message": "New order created", "meta": null}
{"timestamp": "2025-12-30T12:37:57.424584", "level": "INFO", "service": "order_generator", "event": "ORDER_CREATED", "order_id": "98bcb2ff-0c2b-4d2b-94f7-47f95ee264af", "message": "New order created", "meta": null}
{"timestamp": "2025-12-30T12:37:57.457410", "level": "INFO", "service": "order_generator", "event": "ORDER_CREATED", "order_id": "df5511c4-587e-402d-adec-c9b6436a63fd", "message": "New order created", "meta": null}
{"timestamp": "2025-12-30T12:37:57.489782", "level": "INFO", "service": "order_generator", "event": "ORDER_CREATED", "order_id": "88ffddb9-8a6d-4a1e-ad93-88285dba431c", "message": "New order created", "meta": null}
{"timestamp": "2025-12-30T12:37:57.522683", "level": "INFO", "service": "order_generator", "event": "ORDER_CREATED", "order_id": "400606f4-8f93-400f-9780-87ba3cf88022", "message": "New order created", "meta": null}
{"timestamp": "2025-12-30T12:37:57.548259", "level": "INFO", "service": "order_generator", "event": "ORDER_CREATED", "order_id": "61c1d583-68d4-478f-8ac0-d642b519210d", "message": "New order created", "meta": null}
{"timestamp": "2025-12-30T12:37:57.604950", "level": "INFO", "service": "order_generator", "event": "ORDER_CREATED", "order_id": "a0d63534-93b6-430c-b411-3bf5952e3a12", "message": "New order created", "meta": null}
{"timestamp": "2025-12-30T12:37:57.631175", "level": "INFO", "service": "order_generator", "event": "ORDER_CREATED", "order_id": "60bbd125-88e1-4f0e-a0ec-bf6d230f2269", "message": "New order created", "meta": null}
{"timestamp": "2025-12-30T12:37:57.659013", "level": "INFO", "service": "order_generator", "event": "ORDER_CREATED", "order_id": "99312352-e8f8-40d8-8f17-6fdb6d4938ca", "message": "New order created", "meta": null}
{"timestamp": "2025-12-30T12:37:57.686722", "level": "INFO", "service": "order_generator", "event": "ORDER_CREATED", "order_id": "f423b33d-75c9-49f0-890b-be369d7a974e", "message": "New order created", "meta": null}
{"timestamp": "2025-12-30T12:37:57.713353", "level": "INFO", "service": "order_generator", "event": "ORDER_CREATED", "order_id": "7466f20c-2eb5-49e8-a643-6f2fb989c557", "message": "New order created", "meta": null}
{"timestamp": "2025-12-30T12:37:57.746074", "level": "INFO", "service": "order_generator", "event": "ORDER_CREATED", "order_id": "27cb20a0-5a1d-4a95-8a93-bfe213893425", "message": "New order created", "meta": null}
{"timestamp": "2025-12-30T12:37:57.769918", "level": "INFO", "service": "order_generator", "event": "ORDER_CREATED", "order_id": "5d2f74d5-6929-4c2a-aebd-73f6e68c2ae8", "message": "New order created", "meta": null}
{"timestamp": "2025-12-30T12:37:57.797264", "level": "INFO", "service": "order_generator", "event": "ORDER_CREATED", "order_id": "b1ce39d0-1e59-4efe-9ab3-4581e7180e7e", "message": "New order created", "meta": null}
{"timestamp": "2025-12-30T12:37:57.826517", "level": "INFO", "service": "order_generator", "event": "ORDER_CREATED", "order_id": "97c61753-264e-4cfb-bbbd-5ac88740c460", "message": "New order created", "meta": null}
{"timestamp": "2025-12-30T12:37:57.857199", "level": "INFO", "service": "order_generator", "event": "ORDER_CREATED", "order_id": "15cdf627-681c-4cf6-a337-bb0cf36c557c", "message": "New order created", "meta": null}
{"timestamp": "2025-12-30T12:37:57.882987", "level": "INFO", "service": "order_generator", "event": "ORDER_CREATED", "order_id": "0db83862-5c5b-49e3-861f-43a0c1989c47", "message": "New order created", "meta": null}
{"timestamp": "2025-12-30T12:37:57.906144", "level": "INFO", "service": "order_generator", "event": "ORDER_CREATED", "order_id": "870793c6-5f65-4c58-8179-aeac9f7f8e61", "message": "New order created", "meta": null}
{"timestamp": "2025-12-30T12:37:57.977127", "level": "INFO", "service": "order_generator", "event": "ORDER_CREATED", "order_id": "96e3ab34-09ea-4f56-a6d5-1ec52a743c4c", "message": "New order created", "meta": null}
{"timestamp": "2025-12-30T12:37:58.018205", "level": "INFO", "service": "order_generator", "event": "ORDER_CREATED", "order_id": "45510c49-3cd2-4960-887a-5199dbf2f7f3", "message": "New order created", "meta": null}
{"timestamp": "2025-12-30T12:37:58.071887", "level": "INFO", "service": "order_generator", "event": "ORDER_CREATED", "order_id": "3044ea70-186c-4aac-87ee-251e422018a3", "message": "New order created", "meta": null}
{"timestamp": "2025-12-30T12:37:58.106479", "level": "INFO", "service": "order_generator", "event": "ORDER_CREATED", "order_id": "a16a2e6c-d61b-47df-ad3f-cee105ca6aa2", "message": "New order created", "meta": null}
{"timestamp": "2025-12-30T12:37:58.137966", "level": "INFO", "service": "order_generator", "event": "ORDER_CREATED", "order_id": "cdf5b343-3e41-4d36-a535-605a7f377aba", "message": "New order created", "meta": null}
{"timestamp": "2025-12-30T12:37:58.166121", "level": "INFO", "service": "order_generator", "event": "ORDER_CREATED", "order_id": "b240bc30-f29c-4e99-9e52-2ed47e1673ca", "message": "New order created", "meta": null}
{"timestamp": "2025-12-30T12:37:58.196492", "level": "INFO", "service": "order_generator", "event": "ORDER_CREATED", "order_id": "c7fd9630-ce81-4b0d-bff4-01c7fb78180c", "message": "New order created", "meta": null}
{"timestamp": "2025-12-30T12:37:58.219708", "level": "INFO", "service": "order_generator", "event": "ORDER_CREATED", "order_id": "d7769a40-60e9-46fb-a72f-cef1d5e41edf", "message": "New order created", "meta": null}
{"timestamp": "2025-12-30T12:37:58.248528", "level": "INFO", "service": "order_generator", "event": "ORDER_CREATED", "order_id": "13418adb-00c3-469b-8082-633cb713d954", "message": "New order created", "meta": null}
{"timestamp": "2025-12-30T12:37:58.275228", "level": "INFO", "service": "order_generator", "event": "ORDER_CREATED", "order_id": "975a1c08-abef-4c27-b507-b4a2d82e5760", "message": "New order created", "meta": null}
{"timestamp": "2025-12-30T12:37:58.302419", "level": "INFO", "service": "order_generator", "event": "ORDER_CREATED", "order_id": "f91e8368-4b31-4c30-8974-cf1c03f09af6", "message": "New order created", "meta": null}
{"timestamp": "2025-12-30T12:37:58.328774", "level": "INFO", "service": "order_generator", "event": "ORDER_CREATED", "order_id": "dc221d3d-185f-4abb-95e3-d53b04849037", "message": "New order created", "meta": null}
{"timestamp": "2025-12-30T12:37:58.355644", "level": "INFO", "service": "order_generator", "event": "ORDER_CREATED", "order_id": "88d99fda-f54a-47bb-b899-17a3648f7f74", "message": "New order created", "meta": null}
{"timestamp": "2025-12-30T12:37:58.386235", "level": "INFO", "service": "order_generator", "event": "ORDER_CREATED", "order_id": "0e7f5b59-4166-48cb-ba74-6062806562a5", "message": "New order created", "meta": null}
{"timestamp": "2025-12-30T12:37:58.409930", "level": "INFO", "service": "order_generator", "event": "ORDER_CREATED", "order_id": "12ab9711-5249-4cb0-8210-7dc358289fe0", "message": "New order created", "meta": null}
{"timestamp": "2025-12-30T12:37:58.437656", "level": "INFO", "service": "order_generator", "event": "ORDER_CREATED", "order_id": "c2f0ecb2-9904-4750-ba7b-e916696ab1fb", "message": "New order created", "meta": null}
{"timestamp": "2025-12-30T12:37:58.462232", "level": "INFO", "service": "order_generator", "event": "ORDER_CREATED", "order_id": "dda19165-a6d6-4b79-abbf-5bdc2db87934", "message": "New order created", "meta": null}
{"timestamp": "2025-12-30T12:37:58.488496", "level": "INFO", "service": "order_generator", "event": "ORDER_CREATED", "order_id": "48a91d23-8156-4b9b-a1d5-6f24eb4d9847", "message": "New order created", "meta": null}
{"timestamp": "2025-12-30T12:37:58.517019", "level": "INFO", "service": "order_generator", "event": "ORDER_CREATED", "order_id": "570e8637-3b93-4d0b-93e1-6f0c5ba6d9f8", "message": "New order created", "meta": null}
{"timestamp": "2025-12-30T12:37:58.568273", "level": "INFO", "service": "order_generator", "event": "ORDER_CREATED", "order_id": "8e916448-ad13-4520-8160-03c6d21af97d", "message": "New order created", "meta": null}
{"timestamp": "2025-12-30T12:37:58.594231", "level": "INFO", "service": "order_generator", "event": "ORDER_CREATED", "order_id": "0e874f8b-fae2-4999-9108-0460ff01d25b", "message": "New order created", "meta": null}
{"timestamp": "2025-12-30T12:37:58.622879", "level": "INFO", "service": "order_generator", "event": "ORDER_CREATED", "order_id": "b115fa1a-4de1-4a13-a973-b7b15a6694fb", "message": "New order created", "meta": null}
{"timestamp": "2025-12-30T12:37:58.652320", "level": "INFO", "service": "order_generator", "event": "ORDER_CREATED", "order_id": "c93b042f-a09c-4344-a117-ca1de971dedf", "message": "New order created", "meta": null}
{"timestamp": "2025-12-30T12:37:58.672251", "level": "INFO", "service": "order_generator", "event": "ORDER_CREATED", "order_id": "cf75f6a6-4807-435f-9aa1-f6c9be2764eb", "message": "New order created", "meta": null}
{"timestamp": "2025-12-30T12:37:58.698060", "level": "INFO", "service": "order_generator", "event": "ORDER_CREATED", "order_id": "beb789ed-cfb4-406c-8675-a2a4b0b8ff5a", "message": "New order created", "meta": null}
{"timestamp": "2025-12-30T12:37:58.742267", "level": "INFO", "service": "order_generator", "event": "ORDER_CREATED", "order_id": "8ffc7282-68b0-4abd-acdc-2bc5b21124f3", "message": "New order created", "meta": null}
{"timestamp": "2025-12-30T12:37:58.807757", "level": "INFO", "service": "order_generator", "event": "ORDER_CREATED", "order_id": "7df0779f-362c-445a-89bc-894b00cabe85", "message": "New order created", "meta": null}
{"timestamp": "2025-12-30T12:37:58.833837", "level": "INFO", "service": "order_generator", "event": "ORDER_CREATED", "order_id": "a83a810b-a7ee-46c6-be4d-ba016151a82b", "message": "New order created", "meta": null}
{"timestamp": "2025-12-30T12:37:58.863983", "level": "INFO", "service": "order_generator", "event": "ORDER_CREATED", "order_id": "8496aef3-ecc8-474f-9760-a75d36e8d8c2", "message": "New order created", "meta": null}
{"timestamp": "2025-12-30T12:37:58.897133", "level": "INFO", "service": "order_generator", "event": "ORDER_CREATED", "order_id": "4deef741-b74a-4e28-b6b5-47b456a22e62", "message": "New order created", "meta": null}
{"timestamp": "2025-12-30T12:37:58.929490", "level": "INFO", "service": "order_generator", "event": "ORDER_CREATED", "order_id": "a9b99a31-15a7-4b58-8aa1-f62e3ddf2efe", "message": "New order created", "meta": null}
{"timestamp": "2025-12-30T12:37:58.959253", "level": "INFO", "service": "order_generator", "event": "ORDER_CREATED", "order_id": "20cf1149-02c3-4adc-9be5-0faac03bf153", "message": "New order created", "meta": null}
{"timestamp": "2025-12-30T12:37:58.989341", "level": "INFO", "service": "order_generator", "event": "ORDER_CREATED", "order_id": "44e3dd04-d002-4440-8555-9610d14ea4e4", "message": "New order created", "meta": null}
{"timestamp": "2025-12-30T12:37:59.038327", "level": "INFO", "service": "order_generator", "event": "ORDER_CREATED", "order_id": "4cf75b66-9865-4ece-aa18-d15d72f287f6", "message": "New order created", "meta": null}
{"timestamp": "2025-12-30T12:37:59.068261", "level": "INFO", "service": "order_generator", "event": "ORDER_CREATED", "order_id": "f6bdfa2d-ee4d-4ce0-b3ac-cceb32342d28", "message": "New order created", "meta": null}
{"timestamp": "2025-12-30T12:37:59.116656", "level": "INFO", "service": "order_generator", "event": "ORDER_CREATED", "order_id": "560336cb-07e8-4cc1-bb93-e76f836c024f", "message": "New order created", "meta": null}
{"timestamp": "2025-12-30T12:37:59.202355", "level": "INFO", "service": "order_generator", "event": "ORDER_CREATED", "order_id": "4cd103e8-777f-42a3-a2c7-a6d93e731a85", "message": "New order created", "meta": null}
{"timestamp": "2025-12-30T12:37:59.228320", "level": "INFO", "service": "order_generator", "event": "ORDER_CREATED", "order_id": "bd40890b-ad99-4bbf-a9e3-90a2b5e92e83", "message": "New order created", "meta": null}
{"timestamp": "2025-12-30T12:37:59.369029", "level": "INFO", "service": "order_generator", "event": "ORDER_CREATED", "order_id": "0c270bb9-178b-41a1-a7ed-bc8873a9b3f6", "message": "New order created", "meta": null}
{"timestamp": "2025-12-30T12:37:59.411441", "level": "INFO", "service": "order_generator", "event": "ORDER_CREATED", "order_id": "60a83f23-7846-4884-9298-b530a8c8077a", "message": "New order created", "meta": null}
{"timestamp": "2025-12-30T12:37:59.457458", "level": "INFO", "service": "order_generator", "event": "ORDER_CREATED", "order_id": "838c5d37-1549-4913-a7ad-609c45555a45", "message": "New order created", "meta": null}
{"timestamp": "2025-12-30T12:37:59.481122", "level": "INFO", "service": "order_generator", "event": "ORDER_CREATED", "order_id": "0f2a4732-7af6-4086-85f7-2f4ceab8b6d2", "message": "New order created", "meta": null}
{"timestamp": "2025-12-30T12:37:59.516911", "level": "INFO", "service": "order_generator", "event": "ORDER_CREATED", "order_id": "38cdd19a-d846-4c3c-8667-5137a96b444b", "message": "New order created", "meta": null}
{"timestamp": "2025-12-30T12:37:59.538434", "level": "INFO", "service": "order_generator", "event": "ORDER_CREATED", "order_id": "f7e8387b-c372-4e78-b40a-ede097c53ff3", "message": "New order created", "meta": null}
{"timestamp": "2025-12-30T12:37:59.610278", "level": "INFO", "service": "order_generator", "event": "ORDER_CREATED", "order_id": "f514f76b-a546-4768-b777-1a7e4084a0de", "message": "New order created", "meta": null}
{"timestamp": "2025-12-30T12:37:59.637156", "level": "INFO", "service": "order_generator", "event": "ORDER_CREATED", "order_id": "062d38ef-3f6c-4606-b67a-b8e6ad4da061", "message": "New order created", "meta": null}
{"timestamp": "2025-12-30T12:37:59.662022", "level": "INFO", "service": "order_generator", "event": "ORDER_CREATED", "order_id": "20299b47-1bbe-4ca0-a630-682b04cec5d6", "message": "New order created", "meta": null}
{"timestamp": "2025-12-30T12:37:59.687106", "level": "INFO", "service": "order_generator", "event": "ORDER_CREATED", "order_id": "e1775799-e7df-4944-983b-a1a055aa9224", "message": "New order created", "meta": null}
{"timestamp": "2025-12-30T12:37:59.720201", "level": "INFO", "service": "order_generator", "event": "ORDER_CREATED", "order_id": "174637e6-62f6-4ec6-bf6e-e7da4ff228ae", "message": "New order created", "meta": null}
{"timestamp": "2025-12-30T12:37:59.753744", "level": "INFO", "service": "order_generator", "event": "ORDER_CREATED", "order_id": "89db6dd8-8f93-4255-9248-4434f444d806", "message": "New order created", "meta": null}
{"timestamp": "2025-12-30T12:37:59.780357", "level": "INFO", "service": "order_generator", "event": "ORDER_CREATED", "order_id": "4d9d0cbf-d5ca-4acd-80b4-deef66b3d408", "message": "New order created", "meta": null}
{"timestamp": "2025-12-30T12:37:59.803725", "level": "INFO", "service": "order_generator", "event": "ORDER_CREATED", "order_id": "84d06445-6f68-40c1-8978-41092b0e02fc", "message": "New order created", "meta": null}
{"timestamp": "2025-12-30T12:37:59.830673", "level": "INFO", "service": "order_generator", "event": "ORDER_CREATED", "order_id": "54d832a3-ac22-430f-a1f5-fe16c76df290", "message": "New order created", "meta": null}
{"timestamp": "2025-12-30T12:37:59.860609", "level": "INFO", "service": "order_generator", "event": "ORDER_CREATED", "order_id": "eb8860a2-0587-4beb-a690-9f9e3717a4fd", "message": "New order created", "meta": null}
{"timestamp": "2025-12-30T12:38:00.007019", "level": "INFO", "service": "order_generator", "event": "ORDER_CREATED", "order_id": "90f8d51d-8b9b-43e5-ad79-b0eb5a19df02", "message": "New order created", "meta": null}
{"timestamp": "2025-12-30T12:38:00.032312", "level": "INFO", "service": "order_generator", "event": "ORDER_CREATED", "order_id": "27829fc9-98d6-4555-bdcc-9aea450dd689", "message": "New order created", "meta": null}
{"timestamp": "2025-12-30T12:38:00.058407", "level": "INFO", "service": "order_generator", "event": "ORDER_CREATED", "order_id": "2e24a168-3b8b-4d1d-8f0e-4c1ec219c0f3", "message": "New order created", "meta": null}
{"timestamp": "2025-12-30T12:38:00.086071", "level": "INFO", "service": "order_generator", "event": "ORDER_CREATED", "order_id": "4259484c-6911-4f0e-bb1a-a9f0bf5beaa5", "message": "New order created", "meta": null}
{"timestamp": "2025-12-30T12:38:00.109342", "level": "INFO", "service": "order_generator", "event": "ORDER_CREATED", "order_id": "aca3cf44-ea80-4b3b-b443-9655f86d9143", "message": "New order created", "meta": null}
{"timestamp": "2025-12-30T12:38:00.125693", "level": "INFO", "service": "order_generator", "event": "ORDER_CREATED", "order_id": "0676b43b-6743-477f-8d3a-05f48aa6634c", "message": "New order created", "meta": null}
{"timestamp": "2025-12-30T12:38:00.172610", "level": "INFO", "service": "order_generator", "event": "ORDER_CREATED", "order_id": "5d30b117-18b4-4ac4-8c08-f149eeba8b56", "message": "New order created", "meta": null}
{"timestamp": "2025-12-30T12:38:00.267205", "level": "INFO", "service": "order_generator", "event": "ORDER_CREATED", "order_id": "556a3f89-d893-464e-b151-08e8d8f3bfd8", "message": "New order created", "meta": null}
{"timestamp": "2025-12-30T12:38:00.325290", "level": "INFO", "service": "order_generator", "event": "ORDER_CREATED", "order_id": "33821441-815a-4bb2-bd48-469c250576e9", "message": "New order created", "meta": null}
{"timestamp": "2025-12-30T12:38:00.355575", "level": "INFO", "service": "order_generator", "event": "ORDER_CREATED", "order_id": "72a702f9-3bad-496c-b21e-a6c32cb69c28", "message": "New order created", "meta": null}
{"timestamp": "2025-12-30T12:38:00.385695", "level": "INFO", "service": "order_generator", "event": "ORDER_CREATED", "order_id": "72c598dd-9535-4f5c-b991-a08861220e0a", "message": "New order created", "meta": null}
{"timestamp": "2025-12-30T12:38:00.416853", "level": "INFO", "service": "order_generator", "event": "ORDER_CREATED", "order_id": "81896d32-d161-405a-8a44-acafccf77cab", "message": "New order created", "meta": null}
{"timestamp": "2025-12-30T12:38:00.442735", "level": "INFO", "service": "order_generator", "event": "ORDER_CREATED", "order_id": "67a6a12e-35e3-4e92-affe-5b4b3077b190", "message": "New order created", "meta": null}
{"timestamp": "2025-12-30T12:38:00.467362", "level": "INFO", "service": "order_generator", "event": "ORDER_CREATED", "order_id": "986d263b-d228-484f-900f-bb79fc5dbe1a", "message": "New order created", "meta": null}
{"timestamp": "2025-12-30T12:38:00.501401", "level": "INFO", "service": "order_generator", "event": "ORDER_CREATED", "order_id": "9aea5a62-7f7a-4d13-8ec4-09f3215bac4c", "message": "New order created", "meta": null}
{"timestamp": "2025-12-30T12:38:00.525810", "level": "INFO", "service": "order_generator", "event": "ORDER_CREATED", "order_id": "2fe330fb-9922-4041-a6a4-61a34fe63bba", "message": "New order created", "meta": null}
{"timestamp": "2025-12-30T12:38:00.553103", "level": "INFO", "service": "order_generator", "event": "ORDER_CREATED", "order_id": "04db1945-17fc-4d2c-8451-c6cf0c79a35d", "message": "New order created", "meta": null}
{"timestamp": "2025-12-30T12:38:00.856280", "level": "INFO", "service": "order_generator", "event": "ORDER_CREATED", "order_id": "6a74ab30-3872-4809-ab89-fd09219a2eaa", "message": "New order created", "meta": null}
{"timestamp": "2025-12-30T12:38:00.963734", "level": "INFO", "service": "order_generator", "event": "ORDER_CREATED", "order_id": "db2edcec-2093-4b7a-8367-f13bc66c7907", "message": "New order created", "meta": null}
{"timestamp": "2025-12-30T12:38:01.167301", "level": "INFO", "service": "order_generator", "event": "ORDER_CREATED", "order_id": "cd7583a5-390a-48cb-8e1c-d08c95b26b2a", "message": "New order created", "meta": null}
{"timestamp": "2025-12-30T12:38:01.235310", "level": "INFO", "service": "order_generator", "event": "ORDER_CREATED", "order_id": "b9457ad4-ecaa-4e0e-ad51-ce3be0c7ee1f", "message": "New order created", "meta": null}
{"timestamp": "2025-12-30T12:38:01.296316", "level": "INFO", "service": "order_generator", "event": "ORDER_CREATED", "order_id": "2914787a-e275-4974-8c4d-750055f96d3a", "message": "New order created", "meta": null}
{"timestamp": "2025-12-30T12:38:01.348272", "level": "INFO", "service": "order_generator", "event": "ORDER_CREATED", "order_id": "6563115f-2bb9-4899-a5a4-4ee9678644b5", "message": "New order created", "meta": null}
{"timestamp": "2025-12-30T12:38:01.375760", "level": "INFO", "service": "order_generator", "event": "ORDER_CREATED", "order_id": "d7cc5ae1-894e-468b-a4da-c5a44b211129", "message": "New order created", "meta": null}
{"timestamp": "2025-12-30T12:38:01.430906", "level": "INFO", "service": "order_generator", "event": "ORDER_CREATED", "order_id": "e1390c06-4953-4fd0-86df-8c676740042b", "message": "New order created", "meta": null}
{"timestamp": "2025-12-30T12:38:01.466358", "level": "INFO", "service": "order_generator", "event": "ORDER_CREATED", "order_id": "0a51e62b-8e76-428a-abea-8b6b5198f74a", "message": "New order created", "meta": null}
{"timestamp": "2025-12-30T12:38:01.607616", "level": "INFO", "service": "order_generator", "event": "ORDER_CREATED", "order_id": "23ffcc64-57cb-4ca0-9570-45177e4f24fa", "message": "New order created", "meta": null}
{"timestamp": "2025-12-30T12:38:01.635361", "level": "INFO", "service": "order_generator", "event": "ORDER_CREATED", "order_id": "c4debb2b-1018-4cac-99f8-0f83b2da758e", "message": "New order created", "meta": null}
{"timestamp": "2025-12-30T12:38:01.659626", "level": "INFO", "service": "order_generator", "event": "ORDER_CREATED", "order_id": "a54afda8-431c-4151-b1fb-b4df0b034e47", "message": "New order created", "meta": null}
{"timestamp": "2025-12-30T12:38:01.695553", "level": "INFO", "service": "order_generator", "event": "ORDER_CREATED", "order_id": "345453ad-0f87-46f1-9c0a-8accdc6c899f", "message": "New order created", "meta": null}
{"timestamp": "2025-12-30T12:38:01.784472", "level": "INFO", "service": "order_generator", "event": "ORDER_CREATED", "order_id": "a2ce6fda-fc24-4378-93cc-307ec22729cd", "message": "New order created", "meta": null}
{"timestamp": "2025-12-30T12:38:01.804089", "level": "INFO", "service": "order_generator", "event": "ORDER_CREATED", "order_id": "f9c6961a-f410-49a2-b71f-387045555e10", "message": "New order created", "meta": null}
{"timestamp": "2025-12-30T12:38:01.865906", "level": "INFO", "service": "order_generator", "event": "ORDER_CREATED", "order_id": "756fce47-d903-45b5-9ef9-ca92cfe09b92", "message": "New order created", "meta": null}
{"timestamp": "2025-12-30T12:38:01.927104", "level": "INFO", "service": "order_generator", "event": "ORDER_CREATED", "order_id": "c678778f-f45e-4151-9452-5ff028404534", "message": "New order created", "meta": null}
{"timestamp": "2025-12-30T12:38:01.960253", "level": "INFO", "service": "order_generator", "event": "ORDER_CREATED", "order_id": "8a7133ce-5f7d-41c1-bbe1-0f49b4154c73", "message": "New order created", "meta": null}
{"timestamp": "2025-12-30T12:38:01.992803", "level": "INFO", "service": "order_generator", "event": "ORDER_CREATED", "order_id": "93939263-0dd8-41e7-bf51-3cab6f236357", "message": "New order created", "meta": null}
{"timestamp": "2025-12-30T12:38:02.018977", "level": "INFO", "service": "order_generator", "event": "ORDER_CREATED", "order_id": "ba706f03-ccda-40a7-8e08-16d00023baf6", "message": "New order created", "meta": null}
{"timestamp": "2025-12-30T12:38:02.046150", "level": "INFO", "service": "order_generator", "event": "ORDER_CREATED", "order_id": "f6b3548d-4524-486e-9b61-746caa90f8be", "message": "New order created", "meta": null}
{"timestamp": "2025-12-30T12:38:02.403257", "level": "INFO", "service": "order_generator", "event": "ORDER_CREATED", "order_id": "02239f72-4c28-4a1d-9274-05eeb5df3a4d", "message": "New order created", "meta": null}
{"timestamp": "2025-12-30T12:38:02.425560", "level": "INFO", "service": "order_generator", "event": "ORDER_CREATED", "order_id": "b0d7b365-5380-4410-a578-8d92dedcecf1", "message": "New order created", "meta": null}
{"timestamp": "2025-12-30T12:38:02.453841", "level": "INFO", "service": "order_generator", "event": "ORDER_CREATED", "order_id": "aa64c55f-612c-456d-8b3f-b1047cc9bc20", "message": "New order created", "meta": null}
{"timestamp": "2025-12-30T12:38:02.479813", "level": "INFO", "service": "order_generator", "event": "ORDER_CREATED", "order_id": "fd034ed3-8ef5-4a68-8f74-b91d25d4a61d", "message": "New order created", "meta": null}
{"timestamp": "2025-12-30T12:38:02.514014", "level": "INFO", "service": "order_generator", "event": "ORDER_CREATED", "order_id": "16c929bb-13c5-47c3-bfa3-6b0be7560844", "message": "New order created", "meta": null}
{"timestamp": "2025-12-30T12:38:02.542617", "level": "INFO", "service": "order_generator", "event": "ORDER_CREATED", "order_id": "52e55744-3b1f-4eb4-99aa-5cf4623a2bc2", "message": "New order created", "meta": null}
{"timestamp": "2025-12-30T12:38:02.602090", "level": "INFO", "service": "order_generator", "event": "ORDER_CREATED", "order_id": "bcc5a081-e75e-46ce-96ab-85f325d6fae4", "message": "New order created", "meta": null}
{"timestamp": "2025-12-30T12:38:02.671269", "level": "INFO", "service": "order_generator", "event": "ORDER_CREATED", "order_id": "1dfada17-c9b3-4927-8546-167d8e8f389d", "message": "New order created", "meta": null}
{"timestamp": "2025-12-30T12:38:02.694087", "level": "INFO", "service": "order_generator", "event": "ORDER_CREATED", "order_id": "617fce9e-d929-4683-9aa4-51b8b875fa7d", "message": "New order created", "meta": null}
{"timestamp": "2025-12-30T12:38:02.726003", "level": "INFO", "service": "order_generator", "event": "ORDER_CREATED", "order_id": "86dcc3fd-eaab-490a-928b-4bfc40d2a6cf", "message": "New order created", "meta": null}
{"timestamp": "2025-12-30T12:38:02.753324", "level": "INFO", "service": "order_generator", "event": "ORDER_CREATED", "order_id": "ed0bea58-2938-408b-9c00-bab02ff6c6d7", "message": "New order created", "meta": null}
{"timestamp": "2025-12-30T12:38:02.780648", "level": "INFO", "service": "order_generator", "event": "ORDER_CREATED", "order_id": "192ab5a5-072b-4431-a30c-186ac7cb28b7", "message": "New order created", "meta": null}
{"timestamp": "2025-12-30T12:38:02.799498", "level": "INFO", "service": "order_generator", "event": "ORDER_CREATED", "order_id": "da04512e-7649-4ca7-a372-533a82077ceb", "message": "New order created", "meta": null}
{"timestamp": "2025-12-30T12:38:02.931038", "level": "INFO", "service": "order_generator", "event": "ORDER_CREATED", "order_id": "5093b7d8-cc2f-4fb6-a387-cc904241bab3", "message": "New order created", "meta": null}
{"timestamp": "2025-12-30T12:38:02.960888", "level": "INFO", "service": "order_generator", "event": "ORDER_CREATED", "order_id": "b43f492e-064f-49e2-8bf1-b58846888a6e", "message": "New order created", "meta": null}
{"timestamp": "2025-12-30T12:38:02.993289", "level": "INFO", "service": "order_generator", "event": "ORDER_CREATED", "order_id": "b166796e-833a-4b3a-a637-a5ea2faec3ef", "message": "New order created", "meta": null}
{"timestamp": "2025-12-30T12:38:03.018911", "level": "INFO", "service": "order_generator", "event": "ORDER_CREATED", "order_id": "48fe5e0b-a4e5-4f6c-9551-7c41e6aaaf56", "message": "New order created", "meta": null}
{"timestamp": "2025-12-30T12:38:03.046208", "level": "INFO", "service": "order_generator", "event": "ORDER_CREATED", "order_id": "f4a66773-0aa0-443f-88d5-8ab1d92124d4", "message": "New order created", "meta": null}
{"timestamp": "2025-12-30T12:38:03.080477", "level": "INFO", "service": "order_generator", "event": "ORDER_CREATED", "order_id": "01d5e89c-44cb-436f-a9a4-79af9bf4c0bd", "message": "New order created", "meta": null}
{"timestamp": "2025-12-30T12:38:03.110181", "level": "INFO", "service": "order_generator", "event": "ORDER_CREATED", "order_id": "5257405f-50e8-4d92-a773-bad4299d690b", "message": "New order created", "meta": null}
{"timestamp": "2025-12-30T12:38:03.137144", "level": "INFO", "service": "order_generator", "event": "ORDER_CREATED", "order_id": "e1d1f8fb-4073-4fb0-9404-ac34683ea9b3", "message": "New order created", "meta": null}
{"timestamp": "2025-12-30T12:38:03.171216", "level": "INFO", "service": "order_generator", "event": "ORDER_CREATED", "order_id": "564bfc53-d5d3-4120-b5a8-5fcacb037db6", "message": "New order created", "meta": null}
{"timestamp": "2025-12-30T12:38:03.197962", "level": "INFO", "service": "order_generator", "event": "ORDER_CREATED", "order_id": "26d065b9-6cff-40c2-9498-9509059a1434", "message": "New order created", "meta": null}
{"timestamp": "2025-12-30T12:38:03.224142", "level": "INFO", "service": "order_generator", "event": "ORDER_CREATED", "order_id": "27db4763-9565-435e-ae70-e8abb502f7e8", "message": "New order created", "meta": null}
{"timestamp": "2025-12-30T12:38:03.250924", "level": "INFO", "service": "order_generator", "event": "ORDER_CREATED", "order_id": "79cfcbea-6c55-44bf-bd92-12c4ec5c5090", "message": "New order created", "meta": null}
{"timestamp": "2025-12-30T12:38:03.285628", "level": "INFO", "service": "order_generator", "event": "ORDER_CREATED", "order_id": "11c21295-9826-449c-af56-a012e3a38a1f", "message": "New order created", "meta": null}
{"timestamp": "2025-12-30T12:38:03.312235", "level": "INFO", "service": "order_generator", "event": "ORDER_CREATED", "order_id": "70984aa1-7e1a-4680-8e3c-7c9e666bdbcc", "message": "New order created", "meta": null}
{"timestamp": "2025-12-30T12:38:03.339977", "level": "INFO", "service": "order_generator", "event": "ORDER_CREATED", "order_id": "900e4a90-5b7d-4e12-a24c-7e7d137e6fd4", "message": "New order created", "meta": null}
{"timestamp": "2025-12-30T12:38:03.375044", "level": "INFO", "service": "order_generator", "event": "ORDER_CREATED", "order_id": "6515b19c-8abd-4fff-bfc3-b2ee526cd04c", "message": "New order created", "meta": null}
{"timestamp": "2025-12-30T12:38:03.398767", "level": "INFO", "service": "order_generator", "event": "ORDER_CREATED", "order_id": "0e7f791a-badc-4d36-b7e5-c2991abba222", "message": "New order created", "meta": null}
{"timestamp": "2025-12-30T12:38:03.436021", "level": "INFO", "service": "order_generator", "event": "ORDER_CREATED", "order_id": "2d91fa20-074d-4e02-a799-293560d519b4", "message": "New order created", "meta": null}
{"timestamp": "2025-12-30T12:38:03.463395", "level": "INFO", "service": "order_generator", "event": "ORDER_CREATED", "order_id": "a8f898bc-42f5-42fe-bb9e-5e0953e3e58c", "message": "New order created", "meta": null}
{"timestamp": "2025-12-30T12:38:03.497104", "level": "INFO", "service": "order_generator", "event": "ORDER_CREATED", "order_id": "1bebe81c-58c4-4e5e-89a5-eb1426e47555", "message": "New order created", "meta": null}
{"timestamp": "2025-12-30T12:38:03.721579", "level": "INFO", "service": "order_generator", "event": "ORDER_CREATED", "order_id": "8b30ad79-b32c-4dcb-ac57-5bf87d52df2d", "message": "New order created", "meta": null}
{"timestamp": "2025-12-30T12:38:04.018573", "level": "INFO", "service": "order_generator", "event": "ORDER_CREATED", "order_id": "cd8a2e5c-4618-47b7-8725-8c4c645d618f", "message": "New order created", "meta": null}
{"timestamp": "2025-12-30T12:38:04.046011", "level": "INFO", "service": "order_generator", "event": "ORDER_CREATED", "order_id": "8996bca2-3f41-4e0c-9d94-3821944cce25", "message": "New order created", "meta": null}
{"timestamp": "2025-12-30T12:38:04.074237", "level": "INFO", "service": "order_generator", "event": "ORDER_CREATED", "order_id": "dfa9c401-b445-41d0-bb45-7effc303165d", "message": "New order created", "meta": null}
{"timestamp": "2025-12-30T12:38:04.115941", "level": "INFO", "service": "order_generator", "event": "ORDER_CREATED", "order_id": "be2810af-9ce7-46e7-bece-279993e94471", "message": "New order created", "meta": null}
{"timestamp": "2025-12-30T12:38:04.141733", "level": "INFO", "service": "order_generator", "event": "ORDER_CREATED", "order_id": "a6b22254-3f81-433d-91f7-f526720599fc", "message": "New order created", "meta": null}
{"timestamp": "2025-12-30T12:38:04.178511", "level": "INFO", "service": "order_generator", "event": "ORDER_CREATED", "order_id": "d8190294-7fd1-4f7f-a83d-6c8116e1538d", "message": "New order created", "meta": null}
{"timestamp": "2025-12-30T12:38:04.204374", "level": "INFO", "service": "order_generator", "event": "ORDER_CREATED", "order_id": "d34cf6ea-aadc-41e9-9517-2981af74c110", "message": "New order created", "meta": null}
{"timestamp": "2025-12-30T12:38:04.231745", "level": "INFO", "service": "order_generator", "event": "ORDER_CREATED", "order_id": "6e402cb5-457d-418f-9f61-504df027e76f", "message": "New order created", "meta": null}
{"timestamp": "2025-12-30T12:38:04.254941", "level": "INFO", "service": "order_generator", "event": "ORDER_CREATED", "order_id": "6a0113cc-78e9-40ee-8698-93af60a6f84c", "message": "New order created", "meta": null}
{"timestamp": "2025-12-30T12:38:04.279492", "level": "INFO", "service": "order_generator", "event": "ORDER_CREATED", "order_id": "deba283d-bbd1-417a-bbb7-a80b4110a9ac", "message": "New order created", "meta": null}
{"timestamp": "2025-12-30T12:38:04.309057", "level": "INFO", "service": "order_generator", "event": "ORDER_CREATED", "order_id": "b9a5392a-eade-4b7d-a322-14ec96e0cb07", "message": "New order created", "meta": null}
{"timestamp": "2025-12-30T12:38:04.340060", "level": "INFO", "service": "order_generator", "event": "ORDER_CREATED", "order_id": "4455ad40-6ea3-49d0-872f-18315b1e5ffd", "message": "New order created", "meta": null}
{"timestamp": "2025-12-30T12:38:04.396399", "level": "INFO", "service": "order_generator", "event": "ORDER_CREATED", "order_id": "f622596d-085c-4614-a940-90026ef96854", "message": "New order created", "meta": null}
{"timestamp": "2025-12-30T12:38:04.437852", "level": "INFO", "service": "order_generator", "event": "ORDER_CREATED", "order_id": "da1f3141-46aa-456a-ae32-b21785d2c6c9", "message": "New order created", "meta": null}
{"timestamp": "2025-12-30T12:38:04.496820", "level": "INFO", "service": "order_generator", "event": "ORDER_CREATED", "order_id": "16cc6771-1c71-4ad0-aefe-35cff1a40138", "message": "New order created", "meta": null}
{"timestamp": "2025-12-30T12:38:04.530065", "level": "INFO", "service": "order_generator", "event": "ORDER_CREATED", "order_id": "f5c97ec5-2e95-4760-8456-bc37f71f25ed", "message": "New order created", "meta": null}
{"timestamp": "2025-12-30T12:38:04.557498", "level": "INFO", "service": "order_generator", "event": "ORDER_CREATED", "order_id": "b1a0c6a2-72d1-485d-ae7c-c20da8e9e85b", "message": "New order created", "meta": null}
{"timestamp": "2025-12-30T12:38:04.586704", "level": "INFO", "service": "order_generator", "event": "ORDER_CREATED", "order_id": "f0844741-7afd-434a-898f-155dac53d0df", "message": "New order created", "meta": null}
{"timestamp": "2025-12-30T12:38:04.612446", "level": "INFO", "service": "order_generator", "event": "ORDER_CREATED", "order_id": "452ee1a9-3092-47b2-bb52-99259792080f", "message": "New order created", "meta": null}
{"timestamp": "2025-12-30T12:38:04.652067", "level": "INFO", "service": "order_generator", "event": "ORDER_CREATED", "order_id": "c0d3abed-f9be-4c41-bff6-1b5460ae12b0", "message": "New order created", "meta": null}
{"timestamp": "2025-12-30T12:38:04.674198", "level": "INFO", "service": "order_generator", "event": "ORDER_CREATED", "order_id": "174a288b-3209-4208-ab30-0a8f8a4600cb", "message": "New order created", "meta": null}
{"timestamp": "2025-12-30T12:38:04.701633", "level": "INFO", "service": "order_generator", "event": "ORDER_CREATED", "order_id": "d075580f-5fd0-4ce3-8a77-210535e07323", "message": "New order created", "meta": null}
{"timestamp": "2025-12-30T12:38:04.726890", "level": "INFO", "service": "order_generator", "event": "ORDER_CREATED", "order_id": "b2800b70-1824-4200-a5b6-751de2c9d19a", "message": "New order created", "meta": null}
{"timestamp": "2025-12-30T12:38:04.761134", "level": "INFO", "service": "order_generator", "event": "ORDER_CREATED", "order_id": "a401fd35-a76f-4031-bed2-3a67b7a7a3a6", "message": "New order created", "meta": null}
{"timestamp": "2025-12-30T12:38:04.792826", "level": "INFO", "service": "order_generator", "event": "ORDER_CREATED", "order_id": "98b8fa03-df48-4b6c-8cf9-dd42da7c4804", "message": "New order created", "meta": null}
{"timestamp": "2025-12-30T12:38:04.818967", "level": "INFO", "service": "order_generator", "event": "ORDER_CREATED", "order_id": "8e913211-d6b7-4b11-adec-fb29f0006c0f", "message": "New order created", "meta": null}
{"timestamp": "2025-12-30T12:38:04.843880", "level": "INFO", "service": "order_generator", "event": "ORDER_CREATED", "order_id": "d0e73b6d-44a4-4213-a573-55f84fbcc395", "message": "New order created", "meta": null}
{"timestamp": "2025-12-30T12:38:04.870728", "level": "INFO", "service": "order_generator", "event": "ORDER_CREATED", "order_id": "ebe7abe9-2a59-48d5-ab7f-274cb4a0013b", "message": "New order created", "meta": null}
{"timestamp": "2025-12-30T12:38:04.902782", "level": "INFO", "service": "order_generator", "event": "ORDER_CREATED", "order_id": "c2bb17c2-421b-4f3c-bf6f-35091af030d9", "message": "New order created", "meta": null}
{"timestamp": "2025-12-30T12:38:04.934081", "level": "INFO", "service": "order_generator", "event": "ORDER_CREATED", "order_id": "0c0335c2-87d9-429f-b6ae-0f7a67a1cae2", "message": "New order created", "meta": null}
{"timestamp": "2025-12-30T12:38:05.013053", "level": "INFO", "service": "order_generator", "event": "ORDER_CREATED", "order_id": "8e402b2d-3be5-4f20-a2cc-29f4934e78f9", "message": "New order created", "meta": null}
{"timestamp": "2025-12-30T12:38:05.030062", "level": "INFO", "service": "order_generator", "event": "ORDER_CREATED", "order_id": "203fa89e-c800-41e2-b2fd-b9f46c2db4e6", "message": "New order created", "meta": null}
{"timestamp": "2025-12-30T12:38:05.052994", "level": "INFO", "service": "order_generator", "event": "ORDER_CREATED", "order_id": "770859f6-0d09-472d-a95f-59a9ebbcfbda", "message": "New order created", "meta": null}
{"timestamp": "2025-12-30T12:38:05.078856", "level": "INFO", "service": "order_generator", "event": "ORDER_CREATED", "order_id": "1b8b2ff8-78f7-469c-a794-bda4544f0810", "message": "New order created", "meta": null}
{"timestamp": "2025-12-30T12:38:05.104608", "level": "INFO", "service": "order_generator", "event": "ORDER_CREATED", "order_id": "0b4e0148-3606-40c0-b561-38919c9d364e", "message": "New order created", "meta": null}
{"timestamp": "2025-12-30T12:38:05.160315", "level": "INFO", "service": "order_generator", "event": "ORDER_CREATED", "order_id": "939d773b-b760-4dcb-ba5d-754e753bc588", "message": "New order created", "meta": null}
{"timestamp": "2025-12-30T12:38:05.217057", "level": "INFO", "service": "order_generator", "event": "ORDER_CREATED", "order_id": "89af81d9-0066-4171-9f09-02507f5f8b52", "message": "New order created", "meta": null}
{"timestamp": "2025-12-30T12:38:05.233956", "level": "INFO", "service": "order_generator", "event": "ORDER_CREATED", "order_id": "d81550ea-90d8-4562-9b6b-c9924b177270", "message": "New order created", "meta": null}
{"timestamp": "2025-12-30T12:38:05.254295", "level": "INFO", "service": "order_generator", "event": "ORDER_CREATED", "order_id": "adaf5e76-45b4-4697-90a8-70c6df90030e", "message": "New order created", "meta": null}
{"timestamp": "2025-12-30T12:38:05.288704", "level": "INFO", "service": "order_generator", "event": "ORDER_CREATED", "order_id": "1636dd4a-4782-4e51-afd8-b47d3b4f1a19", "message": "New order created", "meta": null}
{"timestamp": "2025-12-30T12:38:05.309118", "level": "INFO", "service": "order_generator", "event": "ORDER_CREATED", "order_id": "10c07aa7-2692-4c90-bb17-62120635798e", "message": "New order created", "meta": null}
{"timestamp": "2025-12-30T12:38:05.336284", "level": "INFO", "service": "order_generator", "event": "ORDER_CREATED", "order_id": "fddd60f6-f9dc-4360-98e1-3361edc34ca4", "message": "New order created", "meta": null}
{"timestamp": "2025-12-30T12:38:05.361498", "level": "INFO", "service": "order_generator", "event": "ORDER_CREATED", "order_id": "65d5991c-4408-4758-b5af-29a88f271e5d", "message": "New order created", "meta": null}
{"timestamp": "2025-12-30T12:38:05.387011", "level": "INFO", "service": "order_generator", "event": "ORDER_CREATED", "order_id": "e7708091-9fae-478d-b479-ae0b5d7a4265", "message": "New order created", "meta": null}
{"timestamp": "2025-12-30T12:38:05.413197", "level": "INFO", "service": "order_generator", "event": "ORDER_CREATED", "order_id": "52fabf96-c3b6-4c40-9d83-fb7478c4532d", "message": "New order created", "meta": null}
{"timestamp": "2025-12-30T12:38:05.436841", "level": "INFO", "service": "order_generator", "event": "ORDER_CREATED", "order_id": "b1730283-790a-43c5-8ff0-6aea149256cd", "message": "New order created", "meta": null}
{"timestamp": "2025-12-30T12:38:05.466668", "level": "INFO", "service": "order_generator", "event": "ORDER_CREATED", "order_id": "dadceaee-3446-4bd3-a0ff-497e764d06a1", "message": "New order created", "meta": null}
{"timestamp": "2025-12-30T12:38:05.494351", "level": "INFO", "service": "order_generator", "event": "ORDER_CREATED", "order_id": "f5ff308e-7fde-4b24-a455-68160f343e52", "message": "New order created", "meta": null}
{"timestamp": "2025-12-30T12:38:05.520257", "level": "INFO", "service": "order_generator", "event": "ORDER_CREATED", "order_id": "861297ed-f8f3-4616-acb9-eb365539be05", "message": "New order created", "meta": null}
{"timestamp": "2025-12-30T12:38:05.546113", "level": "INFO", "service": "order_generator", "event": "ORDER_CREATED", "order_id": "559485e8-2074-43fa-a455-426da9b9b2db", "message": "New order created", "meta": null}
{"timestamp": "2025-12-30T12:38:05.570594", "level": "INFO", "service": "order_generator", "event": "ORDER_CREATED", "order_id": "9aa1dadc-0e25-4de0-8a9f-35ef207ce115", "message": "New order created", "meta": null}
{"timestamp": "2025-12-30T12:38:05.598913", "level": "INFO", "service": "order_generator", "event": "ORDER_CREATED", "order_id": "8a7ab743-8597-4d5d-a3d5-7ede5fdd92e7", "message": "New order created", "meta": null}
{"timestamp": "2025-12-30T12:38:05.621791", "level": "INFO", "service": "order_generator", "event": "ORDER_CREATED", "order_id": "c322d51d-64b8-49ff-9c8c-342e9a69d80d", "message": "New order created", "meta": null}
{"timestamp": "2025-12-30T12:38:05.652129", "level": "INFO", "service": "order_generator", "event": "ORDER_CREATED", "order_id": "580d8fa7-e70a-409d-9f5a-61a849b87554", "message": "New order created", "meta": null}
{"timestamp": "2025-12-30T12:38:05.678433", "level": "INFO", "service": "order_generator", "event": "ORDER_CREATED", "order_id": "994b49b6-c103-417d-9485-93e165ac402c", "message": "New order created", "meta": null}
{"timestamp": "2025-12-30T12:38:05.702636", "level": "INFO", "service": "order_generator", "event": "ORDER_CREATED", "order_id": "d0f68d2f-d77c-456a-b3e3-af77804c281f", "message": "New order created", "meta": null}
{"timestamp": "2025-12-30T12:38:05.731488", "level": "INFO", "service": "order_generator", "event": "ORDER_CREATED", "order_id": "e05df192-3e12-4654-8268-3efd617e2cf2", "message": "New order created", "meta": null}
{"timestamp": "2025-12-30T12:38:05.755666", "level": "INFO", "service": "order_generator", "event": "ORDER_CREATED", "order_id": "7ffba378-e949-40f4-9fae-ab57be384d7d", "message": "New order created", "meta": null}
{"timestamp": "2025-12-30T12:38:05.781369", "level": "INFO", "service": "order_generator", "event": "ORDER_CREATED", "order_id": "f484f985-ac06-476a-b824-385817e058e6", "message": "New order created", "meta": null}
{"timestamp": "2025-12-30T12:38:05.807623", "level": "INFO", "service": "order_generator", "event": "ORDER_CREATED", "order_id": "ba597cbc-91ec-48d2-97bb-17b44c898ee1", "message": "New order created", "meta": null}
{"timestamp": "2025-12-30T12:38:05.832352", "level": "INFO", "service": "order_generator", "event": "ORDER_CREATED", "order_id": "2bb13390-f735-4cf0-8eb6-ec72a466c8b0", "message": "New order created", "meta": null}
{"timestamp": "2025-12-30T12:38:05.856078", "level": "INFO", "service": "order_generator", "event": "ORDER_CREATED", "order_id": "6d82eb6d-48d9-47c0-b875-a36bdf669008", "message": "New order created", "meta": null}
{"timestamp": "2025-12-30T12:38:05.881256", "level": "INFO", "service": "order_generator", "event": "ORDER_CREATED", "order_id": "8e8c9484-dc0c-467a-95b9-a29d52de1fa8", "message": "New order created", "meta": null}
{"timestamp": "2025-12-30T12:38:05.911967", "level": "INFO", "service": "order_generator", "event": "ORDER_CREATED", "order_id": "90090b71-9fc0-4e45-bada-d7a784dfaf27", "message": "New order created", "meta": null}
{"timestamp": "2025-12-30T12:38:05.936920", "level": "INFO", "service": "order_generator", "event": "ORDER_CREATED", "order_id": "06688e46-2e04-48b1-bbf7-ed9ab934c63d", "message": "New order created", "meta": null}
{"timestamp": "2025-12-30T12:38:05.961197", "level": "INFO", "service": "order_generator", "event": "ORDER_CREATED", "order_id": "ae258c91-0f54-4293-95cf-85a521100cdf", "message": "New order created", "meta": null}
{"timestamp": "2025-12-30T12:38:05.989145", "level": "INFO", "service": "order_generator", "event": "ORDER_CREATED", "order_id": "9480feb6-5eee-46d5-99cd-62f87e3dc5ef", "message": "New order created", "meta": null}
{"timestamp": "2025-12-30T12:38:06.014567", "level": "INFO", "service": "order_generator", "event": "ORDER_CREATED", "order_id": "bfcada54-8427-440c-b502-7352cc013ec6", "message": "New order created", "meta": null}
{"timestamp": "2025-12-30T12:38:06.037618", "level": "INFO", "service": "order_generator", "event": "ORDER_CREATED", "order_id": "bd189cbb-48f2-46b9-81e6-335a8add6749", "message": "New order created", "meta": null}
{"timestamp": "2025-12-30T12:38:06.062811", "level": "INFO", "service": "order_generator", "event": "ORDER_CREATED", "order_id": "b8b81f21-86b7-46bc-a01c-99956723f10b", "message": "New order created", "meta": null}
{"timestamp": "2025-12-30T12:38:06.084230", "level": "INFO", "service": "order_generator", "event": "ORDER_CREATED", "order_id": "82e30ed9-f4a0-4435-b156-ed676a4db0ab", "message": "New order created", "meta": null}
{"timestamp": "2025-12-30T12:38:06.107113", "level": "INFO", "service": "order_generator", "event": "ORDER_CREATED", "order_id": "42b06a55-4a47-4d3f-b56b-f6115489097b", "message": "New order created", "meta": null}
{"timestamp": "2025-12-30T12:38:06.130686", "level": "INFO", "service": "order_generator", "event": "ORDER_CREATED", "order_id": "d829862f-109b-481d-9a4a-9b89d8b8f9c6", "message": "New order created", "meta": null}
{"timestamp": "2025-12-30T12:38:06.157278", "level": "INFO", "service": "order_generator", "event": "ORDER_CREATED", "order_id": "3dc42d11-d17b-4ab9-a4a6-0c57d4fcd722", "message": "New order created", "meta": null}
{"timestamp": "2025-12-30T12:38:06.181246", "level": "INFO", "service": "order_generator", "event": "ORDER_CREATED", "order_id": "384af71f-989c-420b-9ebe-1a659fdae144", "message": "New order created", "meta": null}
{"timestamp": "2025-12-30T12:38:06.218275", "level": "INFO", "service": "order_generator", "event": "ORDER_CREATED", "order_id": "88d83a80-93b3-4b06-96cc-c138a5425d31", "message": "New order created", "meta": null}
{"timestamp": "2025-12-30T12:38:06.247849", "level": "INFO", "service": "order_generator", "event": "ORDER_CREATED", "order_id": "599d6a7b-e641-4953-852b-5eee42f893c2", "message": "New order created", "meta": null}
{"timestamp": "2025-12-30T12:38:06.274043", "level": "INFO", "service": "order_generator", "event": "ORDER_CREATED", "order_id": "1f9bca31-86f8-4196-9acc-b2d8e6289773", "message": "New order created", "meta": null}
{"timestamp": "2025-12-30T12:38:06.302542", "level": "INFO", "service": "order_generator", "event": "ORDER_CREATED", "order_id": "e51c6e4c-6a04-4a37-9b00-b8312932137b", "message": "New order created", "meta": null}
{"timestamp": "2025-12-30T12:38:06.326254", "level": "INFO", "service": "order_generator", "event": "ORDER_CREATED", "order_id": "f1affafc-25f3-40ab-a088-a7155089d9e3", "message": "New order created", "meta": null}
{"timestamp": "2025-12-30T12:38:06.354512", "level": "INFO", "service": "order_generator", "event": "ORDER_CREATED", "order_id": "44db19d2-3a6f-4b69-b996-1fd381a58572", "message": "New order created", "meta": null}
{"timestamp": "2025-12-30T12:38:06.383881", "level": "INFO", "service": "order_generator", "event": "ORDER_CREATED", "order_id": "719f1f3e-d220-4038-92c4-0c3bbd11877e", "message": "New order created", "meta": null}
{"timestamp": "2025-12-30T12:38:06.407576", "level": "INFO", "service": "order_generator", "event": "ORDER_CREATED", "order_id": "5beab480-5f82-420e-9b53-9faf5012bd74", "message": "New order created", "meta": null}
{"timestamp": "2025-12-30T12:38:06.435264", "level": "INFO", "service": "order_generator", "event": "ORDER_CREATED", "order_id": "7c6c1056-4d60-4e59-a79b-97ee63af44e1", "message": "New order created", "meta": null}
{"timestamp": "2025-12-30T12:38:06.460763", "level": "INFO", "service": "order_generator", "event": "ORDER_CREATED", "order_id": "68ffcc27-7f5f-45b5-b8dd-11693c38db94", "message": "New order created", "meta": null}
{"timestamp": "2025-12-30T12:38:06.484970", "level": "INFO", "service": "order_generator", "event": "ORDER_CREATED", "order_id": "b754eb28-436b-48ff-9fb2-81af3e11d8fb", "message": "New order created", "meta": null}
{"timestamp": "2025-12-30T12:38:06.516401", "level": "INFO", "service": "order_generator", "event": "ORDER_CREATED", "order_id": "4b26e2e5-2e77-4433-95e8-f67124470665", "message": "New order created", "meta": null}
{"timestamp": "2025-12-30T12:38:06.541893", "level": "INFO", "service": "order_generator", "event": "ORDER_CREATED", "order_id": "4773333a-9b80-4739-bc43-e286d3829810", "message": "New order created", "meta": null}
{"timestamp": "2025-12-30T12:38:06.568636", "level": "INFO", "service": "order_generator", "event": "ORDER_CREATED", "order_id": "c783dedd-7975-4a89-ac90-94a952ea13d0", "message": "New order created", "meta": null}
{"timestamp": "2025-12-30T12:38:06.596610", "level": "INFO", "service": "order_generator", "event": "ORDER_CREATED", "order_id": "2dfcfe2a-b3b7-420f-9c76-25b1b1a75380", "message": "New order created", "meta": null}
{"timestamp": "2025-12-30T12:38:06.627273", "level": "INFO", "service": "order_generator", "event": "ORDER_CREATED", "order_id": "62b651d7-f1bd-4fed-8ad5-29b3e46463cd", "message": "New order created", "meta": null}
{"timestamp": "2025-12-30T12:38:06.651701", "level": "INFO", "service": "order_generator", "event": "ORDER_CREATED", "order_id": "47caf48e-c209-4430-9103-32c341458e32", "message": "New order created", "meta": null}
{"timestamp": "2025-12-30T12:38:06.676238", "level": "INFO", "service": "order_generator", "event": "ORDER_CREATED", "order_id": "332e1b4a-bca5-4e08-b542-30d2b97e3bff", "message": "New order created", "meta": null}
{"timestamp": "2025-12-30T12:38:06.698642", "level": "INFO", "service": "order_generator", "event": "ORDER_CREATED", "order_id": "c426d556-155c-4c0c-8876-adcde5f04b1a", "message": "New order created", "meta": null}
{"timestamp": "2025-12-30T12:38:06.727460", "level": "INFO", "service": "order_generator", "event": "ORDER_CREATED", "order_id": "4fe4e5f1-0dcb-4dbb-9965-1ac1aa389b73", "message": "New order created", "meta": null}
{"timestamp": "2025-12-30T12:38:06.752216", "level": "INFO", "service": "order_generator", "event": "ORDER_CREATED", "order_id": "6d337518-4eeb-4091-ae81-0a2bdd3f64e5", "message": "New order created", "meta": null}
{"timestamp": "2025-12-30T12:38:06.774844", "level": "INFO", "service": "order_generator", "event": "ORDER_CREATED", "order_id": "959c50f7-e3ac-4ed6-aa14-ce1d8d90ace2", "message": "New order created", "meta": null}
{"timestamp": "2025-12-30T12:38:06.802156", "level": "INFO", "service": "order_generator", "event": "ORDER_CREATED", "order_id": "d9046372-8b92-4672-9e29-cbe78e73ca8d", "message": "New order created", "meta": null}
{"timestamp": "2025-12-30T12:38:06.827632", "level": "INFO", "service": "order_generator", "event": "ORDER_CREATED", "order_id": "664346fa-c7b7-47f2-9906-0dba65acbc90", "message": "New order created", "meta": null}
{"timestamp": "2025-12-30T12:38:06.855305", "level": "INFO", "service": "order_generator", "event": "ORDER_CREATED", "order_id": "0ffcadb0-080b-4632-8bf4-f183733762ce", "message": "New order created", "meta": null}
{"timestamp": "2025-12-30T12:38:06.879548", "level": "INFO", "service": "order_generator", "event": "ORDER_CREATED", "order_id": "15eff694-d25d-4ec1-bd4e-d8dd1237c16e", "message": "New order created", "meta": null}
{"timestamp": "2025-12-30T12:38:06.907524", "level": "INFO", "service": "order_generator", "event": "ORDER_CREATED", "order_id": "db2b84f8-8d70-4cb2-92a1-5a452c2d42cd", "message": "New order created", "meta": null}
{"timestamp": "2025-12-30T12:38:06.936909", "level": "INFO", "service": "order_generator", "event": "ORDER_CREATED", "order_id": "6b9ec1dc-e22d-4638-bbbc-f416d9de9572", "message": "New order created", "meta": null}
{"timestamp": "2025-12-30T12:38:06.966030", "level": "INFO", "service": "order_generator", "event": "ORDER_CREATED", "order_id": "9afcbfe1-8148-4427-9a4b-c12c07ade283", "message": "New order created", "meta": null}
{"timestamp": "2025-12-30T12:38:06.987539", "level": "INFO", "service": "order_generator", "event": "ORDER_CREATED", "order_id": "6eb650c2-74e3-4af8-bc88-499e5d351763", "message": "New order created", "meta": null}
{"timestamp": "2025-12-30T12:38:07.017038", "level": "INFO", "service": "order_generator", "event": "ORDER_CREATED", "order_id": "7270e371-c208-4851-81e4-155fb5d590b6", "message": "New order created", "meta": null}
{"timestamp": "2025-12-30T12:38:07.044667", "level": "INFO", "service": "order_generator", "event": "ORDER_CREATED", "order_id": "988be986-c430-4999-a19d-378df1c39b9f", "message": "New order created", "meta": null}
{"timestamp": "2025-12-30T12:38:07.070652", "level": "INFO", "service": "order_generator", "event": "ORDER_CREATED", "order_id": "cb3cf10d-f0d4-4951-95ec-b21e6e957cf3", "message": "New order created", "meta": null}
{"timestamp": "2025-12-30T12:38:07.097448", "level": "INFO", "service": "order_generator", "event": "ORDER_CREATED", "order_id": "d9ae7e08-f851-45e6-b934-0f8f9ae6bb19", "message": "New order created", "meta": null}
{"timestamp": "2025-12-30T12:38:07.160393", "level": "INFO", "service": "order_generator", "event": "ORDER_CREATED", "order_id": "5dba4698-df65-4635-b722-a6c4edacd0cc", "message": "New order created", "meta": null}
{"timestamp": "2025-12-30T12:38:07.191400", "level": "INFO", "service": "order_generator", "event": "ORDER_CREATED", "order_id": "aba0e991-82c0-4ebd-9137-269ce7e817c7", "message": "New order created", "meta": null}
{"timestamp": "2025-12-30T12:38:07.225291", "level": "INFO", "service": "order_generator", "event": "ORDER_CREATED", "order_id": "54ac642b-316a-471d-b5c7-d4e644dce5b4", "message": "New order created", "meta": null}
{"timestamp": "2025-12-30T12:38:07.249084", "level": "INFO", "service": "order_generator", "event": "ORDER_CREATED", "order_id": "03f843fc-86d8-49a1-8fce-67da6bec1ea2", "message": "New order created", "meta": null}
{"timestamp": "2025-12-30T12:38:07.275204", "level": "INFO", "service": "order_generator", "event": "ORDER_CREATED", "order_id": "88a81869-a863-4368-baf5-bb612513341f", "message": "New order created", "meta": null}
{"timestamp": "2025-12-30T12:38:07.302751", "level": "INFO", "service": "order_generator", "event": "ORDER_CREATED", "order_id": "537590dc-6cbf-4dd3-9d67-ef43b7639565", "message": "New order created", "meta": null}
{"timestamp": "2025-12-30T12:38:07.328106", "level": "INFO", "service": "order_generator", "event": "ORDER_CREATED", "order_id": "3360a556-c5df-4c8a-936a-09ddc08de054", "message": "New order created", "meta": null}
{"timestamp": "2025-12-30T12:38:07.349723", "level": "INFO", "service": "order_generator", "event": "ORDER_CREATED", "order_id": "18bc0056-1ebc-4890-ac26-a9adcb5eef8a", "message": "New order created", "meta": null}
{"timestamp": "2025-12-30T12:38:07.378884", "level": "INFO", "service": "order_generator", "event": "ORDER_CREATED", "order_id": "bc0e6668-ed94-4cd6-b437-16f1e64c4c28", "message": "New order created", "meta": null}
{"timestamp": "2025-12-30T12:38:07.406079", "level": "INFO", "service": "order_generator", "event": "ORDER_CREATED", "order_id": "4bcfda00-6dd4-460f-9ecf-5c25997ae8d4", "message": "New order created", "meta": null}
{"timestamp": "2025-12-30T12:38:07.430381", "level": "INFO", "service": "order_generator", "event": "ORDER_CREATED", "order_id": "2b736f6f-552b-4216-9db3-ab14c4a96473", "message": "New order created", "meta": null}
{"timestamp": "2025-12-30T12:38:07.453544", "level": "INFO", "service": "order_generator", "event": "ORDER_CREATED", "order_id": "2fbcb46b-2987-42f9-8a24-27d62cd62c7d", "message": "New order created", "meta": null}
{"timestamp": "2025-12-30T12:38:07.479887", "level": "INFO", "service": "order_generator", "event": "ORDER_CREATED", "order_id": "ee832a9a-356c-45ce-9347-f5848977e5da", "message": "New order created", "meta": null}
{"timestamp": "2025-12-30T12:38:07.508077", "level": "INFO", "service": "order_generator", "event": "ORDER_CREATED", "order_id": "fd5e7687-a9ab-4ec9-9238-e103231770a5", "message": "New order created", "meta": null}
{"timestamp": "2025-12-30T12:38:07.531421", "level": "INFO", "service": "order_generator", "event": "ORDER_CREATED", "order_id": "45d7f17a-7e4b-4498-8abe-5bcdc961a007", "message": "New order created", "meta": null}
{"timestamp": "2025-12-30T12:38:07.556818", "level": "INFO", "service": "order_generator", "event": "ORDER_CREATED", "order_id": "f7738fb3-b83f-4827-ae88-b97f5761b85e", "message": "New order created", "meta": null}
{"timestamp": "2025-12-30T12:38:07.581738", "level": "INFO", "service": "order_generator", "event": "ORDER_CREATED", "order_id": "1bb01851-6c08-4acd-93d3-20389635667e", "message": "New order created", "meta": null}
{"timestamp": "2025-12-30T12:38:07.604422", "level": "INFO", "service": "order_generator", "event": "ORDER_CREATED", "order_id": "88f0c285-41cf-45f5-8937-794f7e768ee0", "message": "New order created", "meta": null}
{"timestamp": "2025-12-30T12:38:07.632951", "level": "INFO", "service": "order_generator", "event": "ORDER_CREATED", "order_id": "a0700cda-3482-47b0-b869-4ab3615b68b2", "message": "New order created", "meta": null}
{"timestamp": "2025-12-30T12:38:07.701135", "level": "INFO", "service": "order_generator", "event": "ORDER_CREATED", "order_id": "2f300c90-5e0a-483e-bf92-98560fc94e63", "message": "New order created", "meta": null}
{"timestamp": "2025-12-30T12:38:07.726915", "level": "INFO", "service": "order_generator", "event": "ORDER_CREATED", "order_id": "cd1f14d4-464c-4fa6-b166-8d3058e036b1", "message": "New order created", "meta": null}
{"timestamp": "2025-12-30T12:38:07.752886", "level": "INFO", "service": "order_generator", "event": "ORDER_CREATED", "order_id": "2a097637-90e1-4845-ab2e-13a86391efb5", "message": "New order created", "meta": null}
{"timestamp": "2025-12-30T12:38:07.782039", "level": "INFO", "service": "order_generator", "event": "ORDER_CREATED", "order_id": "b5534347-cea8-4d30-9bd9-e4109d543a29", "message": "New order created", "meta": null}
{"timestamp": "2025-12-30T12:38:07.809921", "level": "INFO", "service": "order_generator", "event": "ORDER_CREATED", "order_id": "f9717acb-fa56-4772-8c67-443d70caa870", "message": "New order created", "meta": null}
{"timestamp": "2025-12-30T12:38:07.834500", "level": "INFO", "service": "order_generator", "event": "ORDER_CREATED", "order_id": "28306deb-d1e2-4f09-9423-cc31d3a3fbc4", "message": "New order created", "meta": null}
{"timestamp": "2025-12-30T12:38:07.860901", "level": "INFO", "service": "order_generator", "event": "ORDER_CREATED", "order_id": "3077e08b-003e-4748-93ba-81906053dd9f", "message": "New order created", "meta": null}
{"timestamp": "2025-12-30T12:38:07.887462", "level": "INFO", "service": "order_generator", "event": "ORDER_CREATED", "order_id": "fd9f6bcc-8d19-4f30-8e34-1c93ce0ee167", "message": "New order created", "meta": null}
{"timestamp": "2025-12-30T12:38:07.915560", "level": "INFO", "service": "order_generator", "event": "ORDER_CREATED", "order_id": "25b30012-29a6-4ace-a3b7-b563633c6194", "message": "New order created", "meta": null}
{"timestamp": "2025-12-30T12:38:07.942769", "level": "INFO", "service": "order_generator", "event": "ORDER_CREATED", "order_id": "41fd0eea-416e-4a63-bb3d-731c6fd74911", "message": "New order created", "meta": null}
{"timestamp": "2025-12-30T12:38:07.968385", "level": "INFO", "service": "order_generator", "event": "ORDER_CREATED", "order_id": "8a14d8ab-96b5-491d-97d8-c8a7cabb62ac", "message": "New order created", "meta": null}
{"timestamp": "2025-12-30T12:38:07.997976", "level": "INFO", "service": "order_generator", "event": "ORDER_CREATED", "order_id": "a7192eeb-61de-49e5-9ab9-f1397771bcc2", "message": "New order created", "meta": null}
{"timestamp": "2025-12-30T12:38:08.045026", "level": "INFO", "service": "order_generator", "event": "ORDER_CREATED", "order_id": "abd410f8-ccf1-4568-a3cd-0b750a5fabb0", "message": "New order created", "meta": null}
{"timestamp": "2025-12-30T12:38:08.072530", "level": "INFO", "service": "order_generator", "event": "ORDER_CREATED", "order_id": "fbbaa49c-a929-4996-93a3-39046a417122", "message": "New order created", "meta": null}
{"timestamp": "2025-12-30T12:38:08.098314", "level": "INFO", "service": "order_generator", "event": "ORDER_CREATED", "order_id": "62015703-871b-4afe-bca6-a89a507d6eaa", "message": "New order created", "meta": null}
{"timestamp": "2025-12-30T12:38:08.125183", "level": "INFO", "service": "order_generator", "event": "ORDER_CREATED", "order_id": "2ff5658e-eec8-4f2c-8cf4-51927d4c680b", "message": "New order created", "meta": null}
{"timestamp": "2025-12-30T12:38:08.156094", "level": "INFO", "service": "order_generator", "event": "ORDER_CREATED", "order_id": "348d8db1-69e8-4c16-a066-50ea7ae492ba", "message": "New order created", "meta": null}
{"timestamp": "2025-12-30T12:38:08.183167", "level": "INFO", "service": "order_generator", "event": "ORDER_CREATED", "order_id": "0f32d052-29a7-4c2f-865b-a3c573d52db0", "message": "New order created", "meta": null}
{"timestamp": "2025-12-30T12:38:08.212130", "level": "INFO", "service": "order_generator", "event": "ORDER_CREATED", "order_id": "62335eb1-bc94-4a1e-a161-376b56853a9a", "message": "New order created", "meta": null}
{"timestamp": "2025-12-30T12:38:08.240850", "level": "INFO", "service": "order_generator", "event": "ORDER_CREATED", "order_id": "74957e89-6cec-46d0-8aa7-aa0009b485a3", "message": "New order created", "meta": null}
{"timestamp": "2025-12-30T12:38:08.276717", "level": "INFO", "service": "order_generator", "event": "ORDER_CREATED", "order_id": "66b8ec6d-cce9-4301-8c64-e9c6fb02df3d", "message": "New order created", "meta": null}
{"timestamp": "2025-12-30T12:38:08.303337", "level": "INFO", "service": "order_generator", "event": "ORDER_CREATED", "order_id": "5f950302-3c84-44fd-9601-2699d00c7495", "message": "New order created", "meta": null}
{"timestamp": "2025-12-30T12:38:08.329686", "level": "INFO", "service": "order_generator", "event": "ORDER_CREATED", "order_id": "fae8d8ba-337e-4d92-845f-20973e912d02", "message": "New order created", "meta": null}
{"timestamp": "2025-12-30T12:38:08.376609", "level": "INFO", "service": "order_generator", "event": "ORDER_CREATED", "order_id": "65065cc0-8be4-48ed-95aa-2ba7fc07aa05", "message": "New order created", "meta": null}
{"timestamp": "2025-12-30T12:38:08.424520", "level": "INFO", "service": "order_generator", "event": "ORDER_CREATED", "order_id": "46cf45c8-67b0-46cd-96f3-f81c7935d766", "message": "New order created", "meta": null}
{"timestamp": "2025-12-30T12:38:08.445266", "level": "INFO", "service": "order_generator", "event": "ORDER_CREATED", "order_id": "878663cc-fbf1-4404-8385-0295d522722b", "message": "New order created", "meta": null}
{"timestamp": "2025-12-30T12:38:08.469940", "level": "INFO", "service": "order_generator", "event": "ORDER_CREATED", "order_id": "6159151a-62ce-4b24-9afb-f021cedd3d75", "message": "New order created", "meta": null}
{"timestamp": "2025-12-30T12:38:08.495717", "level": "INFO", "service": "order_generator", "event": "ORDER_CREATED", "order_id": "8503ac55-8a42-4f27-85a9-920cca690a92", "message": "New order created", "meta": null}
{"timestamp": "2025-12-30T12:38:08.518095", "level": "INFO", "service": "order_generator", "event": "ORDER_CREATED", "order_id": "416c16e4-69e2-4cd5-849d-57151447b303", "message": "New order created", "meta": null}
{"timestamp": "2025-12-30T12:38:08.543965", "level": "INFO", "service": "order_generator", "event": "ORDER_CREATED", "order_id": "0aebbdbb-9063-4dd2-81ee-f5becec5dac7", "message": "New order created", "meta": null}
{"timestamp": "2025-12-30T12:38:08.570003", "level": "INFO", "service": "order_generator", "event": "ORDER_CREATED", "order_id": "ab0b3257-d290-4a77-b662-5fcde858fbec", "message": "New order created", "meta": null}
{"timestamp": "2025-12-30T12:38:08.596192", "level": "INFO", "service": "order_generator", "event": "ORDER_CREATED", "order_id": "52d60608-5742-41ec-aec5-dfb567af9c0c", "message": "New order created", "meta": null}
{"timestamp": "2025-12-30T12:38:08.620530", "level": "INFO", "service": "order_generator", "event": "ORDER_CREATED", "order_id": "c44c53d9-f9ad-4f8a-bcdd-a8d0a20a3103", "message": "New order created", "meta": null}
{"timestamp": "2025-12-30T12:38:08.644285", "level": "INFO", "service": "order_generator", "event": "ORDER_CREATED", "order_id": "8acdec70-ce56-43d8-91fd-473d944f8324", "message": "New order created", "meta": null}
{"timestamp": "2025-12-30T12:38:08.668778", "level": "INFO", "service": "order_generator", "event": "ORDER_CREATED", "order_id": "94518a92-698e-485c-b092-4bd666556d52", "message": "New order created", "meta": null}
{"timestamp": "2025-12-30T12:38:08.694048", "level": "INFO", "service": "order_generator", "event": "ORDER_CREATED", "order_id": "2d0fb91b-cb63-465b-81a7-3d2142d0408e", "message": "New order created", "meta": null}
{"timestamp": "2025-12-30T12:38:08.725521", "level": "INFO", "service": "order_generator", "event": "ORDER_CREATED", "order_id": "551ce27b-a961-4f26-a25c-d9410e12b819", "message": "New order created", "meta": null}
{"timestamp": "2025-12-30T12:38:08.752902", "level": "INFO", "service": "order_generator", "event": "ORDER_CREATED", "order_id": "f88b6c2f-cb70-4c21-891d-9d4be3a3960e", "message": "New order created", "meta": null}
{"timestamp": "2025-12-30T12:38:08.781008", "level": "INFO", "service": "order_generator", "event": "ORDER_CREATED", "order_id": "62ae8313-ddaa-4e94-835e-8fcb075eb402", "message": "New order created", "meta": null}
{"timestamp": "2025-12-30T12:38:08.808731", "level": "INFO", "service": "order_generator", "event": "ORDER_CREATED", "order_id": "a1866b0e-a50d-4c5c-a0ea-76603a2ea673", "message": "New order created", "meta": null}
{"timestamp": "2025-12-30T12:38:08.831459", "level": "INFO", "service": "order_generator", "event": "ORDER_CREATED", "order_id": "83de8119-7bd1-445f-8328-e3d1793efa57", "message": "New order created", "meta": null}
{"timestamp": "2025-12-30T12:38:08.853563", "level": "INFO", "service": "order_generator", "event": "ORDER_CREATED", "order_id": "ff300057-b467-4ab2-b95a-1138ed71eaa8", "message": "New order created", "meta": null}
{"timestamp": "2025-12-30T12:38:08.878925", "level": "INFO", "service": "order_generator", "event": "ORDER_CREATED", "order_id": "b02f5f63-5955-46dc-bc9b-8574a5d080f8", "message": "New order created", "meta": null}
{"timestamp": "2025-12-30T12:38:08.904968", "level": "INFO", "service": "order_generator", "event": "ORDER_CREATED", "order_id": "ffbd31de-2405-424f-bde4-40d3945babec", "message": "New order created", "meta": null}
{"timestamp": "2025-12-30T12:38:08.929307", "level": "INFO", "service": "order_generator", "event": "ORDER_CREATED", "order_id": "60a3106c-6ab5-49df-9295-c882696cb481", "message": "New order created", "meta": null}
{"timestamp": "2025-12-30T12:38:08.956570", "level": "INFO", "service": "order_generator", "event": "ORDER_CREATED", "order_id": "b6bdd631-4c54-4d0e-942a-47e945d23485", "message": "New order created", "meta": null}
{"timestamp": "2025-12-30T12:38:08.985599", "level": "INFO", "service": "order_generator", "event": "ORDER_CREATED", "order_id": "f26dbc18-b334-419f-88dc-7c5967c1c923", "message": "New order created", "meta": null}
{"timestamp": "2025-12-30T12:38:09.012264", "level": "INFO", "service": "order_generator", "event": "ORDER_CREATED", "order_id": "b0080cb7-59da-40e8-b455-162cbb965225", "message": "New order created", "meta": null}
{"timestamp": "2025-12-30T12:38:09.040687", "level": "INFO", "service": "order_generator", "event": "ORDER_CREATED", "order_id": "adecad5f-869c-463f-bb7c-774dd435ea60", "message": "New order created", "meta": null}
{"timestamp": "2025-12-30T12:38:09.065236", "level": "INFO", "service": "order_generator", "event": "ORDER_CREATED", "order_id": "f2dc216c-328c-481f-ae37-92c4537f1fe8", "message": "New order created", "meta": null}
{"timestamp": "2025-12-30T12:38:09.090103", "level": "INFO", "service": "order_generator", "event": "ORDER_CREATED", "order_id": "b627d777-d60f-4745-97d3-0b3b602ada7c", "message": "New order created", "meta": null}
{"timestamp": "2025-12-30T12:38:09.113553", "level": "INFO", "service": "order_generator", "event": "ORDER_CREATED", "order_id": "14be0b21-81c1-4bdd-a188-5904d7064d6f", "message": "New order created", "meta": null}
{"timestamp": "2025-12-30T12:38:09.140951", "level": "INFO", "service": "order_generator", "event": "ORDER_CREATED", "order_id": "df0bdd23-e61c-4141-9ba2-2fb9709806ba", "message": "New order created", "meta": null}
{"timestamp": "2025-12-30T12:38:09.166183", "level": "INFO", "service": "order_generator", "event": "ORDER_CREATED", "order_id": "3ade0a1d-ce3a-452a-95bd-277a4fee00ce", "message": "New order created", "meta": null}
{"timestamp": "2025-12-30T12:38:09.202984", "level": "INFO", "service": "order_generator", "event": "ORDER_CREATED", "order_id": "d7fded65-9f1b-4bc1-9e42-51cfd8a65651", "message": "New order created", "meta": null}
{"timestamp": "2025-12-30T12:38:09.226273", "level": "INFO", "service": "order_generator", "event": "ORDER_CREATED", "order_id": "b38d6933-a3f2-41ba-8234-6ec3807c18ef", "message": "New order created", "meta": null}
{"timestamp": "2025-12-30T12:38:09.249998", "level": "INFO", "service": "order_generator", "event": "ORDER_CREATED", "order_id": "6ee205ed-a94d-4a0f-8399-47c883aa2f22", "message": "New order created", "meta": null}
{"timestamp": "2025-12-30T12:38:09.274051", "level": "INFO", "service": "order_generator", "event": "ORDER_CREATED", "order_id": "659918e2-e123-4056-b391-2858329c1012", "message": "New order created", "meta": null}
{"timestamp": "2025-12-30T12:38:09.296036", "level": "INFO", "service": "order_generator", "event": "ORDER_CREATED", "order_id": "d14191cb-c00f-4b39-9e61-e8d6d56381f4", "message": "New order created", "meta": null}
{"timestamp": "2025-12-30T12:38:09.319606", "level": "INFO", "service": "order_generator", "event": "ORDER_CREATED", "order_id": "c38e9317-ee7c-41a5-b2f5-abe1d3b1a7cf", "message": "New order created", "meta": null}
{"timestamp": "2025-12-30T12:38:09.349825", "level": "INFO", "service": "order_generator", "event": "ORDER_CREATED", "order_id": "dfa1f424-4b5f-4cfc-a646-7ebfdaa93460", "message": "New order created", "meta": null}
{"timestamp": "2025-12-30T12:38:09.376389", "level": "INFO", "service": "order_generator", "event": "ORDER_CREATED", "order_id": "e943d32b-9112-4332-8744-8ed181df90c0", "message": "New order created", "meta": null}
{"timestamp": "2025-12-30T12:38:09.403935", "level": "INFO", "service": "order_generator", "event": "ORDER_CREATED", "order_id": "44a439ee-0ab4-45d3-a8e5-c0e972edb6d6", "message": "New order created", "meta": null}
{"timestamp": "2025-12-30T12:38:09.430241", "level": "INFO", "service": "order_generator", "event": "ORDER_CREATED", "order_id": "b9657d85-df61-40b1-8a04-78ad8d73563d", "message": "New order created", "meta": null}
{"timestamp": "2025-12-30T12:38:09.456641", "level": "INFO", "service": "order_generator", "event": "ORDER_CREATED", "order_id": "74444b3c-d25d-4351-97d1-645776bcb61a", "message": "New order created", "meta": null}
{"timestamp": "2025-12-30T12:38:09.485385", "level": "INFO", "service": "order_generator", "event": "ORDER_CREATED", "order_id": "c20e2ca9-81d9-4902-a587-6ac36e6114cc", "message": "New order created", "meta": null}
{"timestamp": "2025-12-30T12:38:09.513259", "level": "INFO", "service": "order_generator", "event": "ORDER_CREATED", "order_id": "2f5c9303-b372-441b-8931-bae17e9317d0", "message": "New order created", "meta": null}
{"timestamp": "2025-12-30T12:38:09.537783", "level": "INFO", "service": "order_generator", "event": "ORDER_CREATED", "order_id": "a309ac41-c4ee-4f40-a979-6d223a8b9166", "message": "New order created", "meta": null}
{"timestamp": "2025-12-30T12:38:09.565568", "level": "INFO", "service": "order_generator", "event": "ORDER_CREATED", "order_id": "8b5f124c-3e94-4d8c-9145-f5fc2a6587b3", "message": "New order created", "meta": null}
{"timestamp": "2025-12-30T12:38:09.594588", "level": "INFO", "service": "order_generator", "event": "ORDER_CREATED", "order_id": "38e80a14-6e85-4a1b-b373-14a4335d3da4", "message": "New order created", "meta": null}
{"timestamp": "2025-12-30T12:38:09.621368", "level": "INFO", "service": "order_generator", "event": "ORDER_CREATED", "order_id": "00b62785-a2bd-4713-847e-fe07ad727379", "message": "New order created", "meta": null}
{"timestamp": "2025-12-30T12:38:09.649763", "level": "INFO", "service": "order_generator", "event": "ORDER_CREATED", "order_id": "a6fa97a7-5dcb-4f65-b449-f419e67d9730", "message": "New order created", "meta": null}
{"timestamp": "2025-12-30T12:38:09.697490", "level": "INFO", "service": "order_generator", "event": "ORDER_CREATED", "order_id": "8690da56-4149-4727-b66f-2ebd533ead9e", "message": "New order created", "meta": null}
{"timestamp": "2025-12-30T12:38:09.736976", "level": "INFO", "service": "order_generator", "event": "ORDER_CREATED", "order_id": "6ad98687-a960-4b94-8a5c-d4f039ce1186", "message": "New order created", "meta": null}
{"timestamp": "2025-12-30T12:38:09.766034", "level": "INFO", "service": "order_generator", "event": "ORDER_CREATED", "order_id": "9002adf4-0b15-47d7-853e-28188a9b3236", "message": "New order created", "meta": null}
{"timestamp": "2025-12-30T12:38:09.790615", "level": "INFO", "service": "order_generator", "event": "ORDER_CREATED", "order_id": "9aa6888d-ba73-4115-b313-d3270de0b2cf", "message": "New order created", "meta": null}
{"timestamp": "2025-12-30T12:38:09.827753", "level": "INFO", "service": "order_generator", "event": "ORDER_CREATED", "order_id": "ab7a5140-e464-46b3-b669-5e98542622d7", "message": "New order created", "meta": null}
{"timestamp": "2025-12-30T12:38:09.857219", "level": "INFO", "service": "order_generator", "event": "ORDER_CREATED", "order_id": "0c027ed7-a241-4ec9-b02f-5f61470ba816", "message": "New order created", "meta": null}
{"timestamp": "2025-12-30T12:38:09.885633", "level": "INFO", "service": "order_generator", "event": "ORDER_CREATED", "order_id": "6cef7d91-128f-4f32-962e-e3d7dc2d4d8e", "message": "New order created", "meta": null}
{"timestamp": "2025-12-30T12:38:09.914563", "level": "INFO", "service": "order_generator", "event": "ORDER_CREATED", "order_id": "3f4958f4-c3b7-4744-8613-29d9f95fcada", "message": "New order created", "meta": null}
{"timestamp": "2025-12-30T12:38:09.943046", "level": "INFO", "service": "order_generator", "event": "ORDER_CREATED", "order_id": "e763ab50-ef3e-461e-b867-89d6410cf799", "message": "New order created", "meta": null}
{"timestamp": "2025-12-30T12:38:09.967698", "level": "INFO", "service": "order_generator", "event": "ORDER_CREATED", "order_id": "a2d1d83c-4f19-42ad-9360-edb11ee1accc", "message": "New order created", "meta": null}
{"timestamp": "2025-12-30T12:38:09.995686", "level": "INFO", "service": "order_generator", "event": "ORDER_CREATED", "order_id": "f0f048c5-397b-4fc6-ae93-b349b038cb95", "message": "New order created", "meta": null}
{"timestamp": "2025-12-30T12:38:10.022359", "level": "INFO", "service": "order_generator", "event": "ORDER_CREATED", "order_id": "25340818-d448-4c07-a0d8-0654e7af31b5", "message": "New order created", "meta": null}
{"timestamp": "2025-12-30T12:38:10.048719", "level": "INFO", "service": "order_generator", "event": "ORDER_CREATED", "order_id": "3e6df97f-7b8e-4faf-8cf4-c411fa054004", "message": "New order created", "meta": null}
{"timestamp": "2025-12-30T12:38:10.072381", "level": "INFO", "service": "order_generator", "event": "ORDER_CREATED", "order_id": "a2012521-1801-4d9f-87eb-568acc6f96ed", "message": "New order created", "meta": null}
{"timestamp": "2025-12-30T12:38:10.096740", "level": "INFO", "service": "order_generator", "event": "ORDER_CREATED", "order_id": "873eec09-ce0d-4073-a6fb-c68eafb7d279", "message": "New order created", "meta": null}
{"timestamp": "2025-12-30T12:38:10.126895", "level": "INFO", "service": "order_generator", "event": "ORDER_CREATED", "order_id": "226eb549-f9b3-4819-850a-6e0022c02d0e", "message": "New order created", "meta": null}
{"timestamp": "2025-12-30T12:38:10.175876", "level": "INFO", "service": "order_generator", "event": "ORDER_CREATED", "order_id": "b50b57a0-68c1-4576-aa04-90792e08b2be", "message": "New order created", "meta": null}
{"timestamp": "2025-12-30T12:38:10.225665", "level": "INFO", "service": "order_generator", "event": "ORDER_CREATED", "order_id": "61ee3081-07f3-40e3-98e7-1adbf39bb55a", "message": "New order created", "meta": null}
{"timestamp": "2025-12-30T12:38:10.253848", "level": "INFO", "service": "order_generator", "event": "ORDER_CREATED", "order_id": "d6f29c58-2194-4688-910f-3f08c2ef60d8", "message": "New order created", "meta": null}
{"timestamp": "2025-12-30T12:38:10.332569", "level": "INFO", "service": "order_generator", "event": "ORDER_CREATED", "order_id": "ea4d3903-4603-475d-aee6-cde9fbc1605a", "message": "New order created", "meta": null}
{"timestamp": "2025-12-30T12:38:10.363149", "level": "INFO", "service": "order_generator", "event": "ORDER_CREATED", "order_id": "01accc60-de40-48a6-b618-8d4556f6ed1b", "message": "New order created", "meta": null}
{"timestamp": "2025-12-30T12:38:10.387814", "level": "INFO", "service": "order_generator", "event": "ORDER_CREATED", "order_id": "3105e9f7-25a8-4f9d-9331-6d9d4bb726f6", "message": "New order created", "meta": null}
{"timestamp": "2025-12-30T12:38:10.411921", "level": "INFO", "service": "order_generator", "event": "ORDER_CREATED", "order_id": "fdda8a78-6361-4b2b-ab1f-0f9a7a91e8da", "message": "New order created", "meta": null}
{"timestamp": "2025-12-30T12:38:10.437262", "level": "INFO", "service": "order_generator", "event": "ORDER_CREATED", "order_id": "c9e05075-6916-46e0-af6e-ed9af254f0a2", "message": "New order created", "meta": null}
{"timestamp": "2025-12-30T12:38:10.462671", "level": "INFO", "service": "order_generator", "event": "ORDER_CREATED", "order_id": "e4963402-57cf-49e0-8673-257573e6fc0f", "message": "New order created", "meta": null}
{"timestamp": "2025-12-30T12:38:10.489843", "level": "INFO", "service": "order_generator", "event": "ORDER_CREATED", "order_id": "8070e46e-74ce-4b64-8dab-90c2665e5dbe", "message": "New order created", "meta": null}
{"timestamp": "2025-12-30T12:38:10.518739", "level": "INFO", "service": "order_generator", "event": "ORDER_CREATED", "order_id": "748b65fd-8146-410f-b52d-2eccf87c9679", "message": "New order created", "meta": null}
{"timestamp": "2025-12-30T12:38:10.551421", "level": "INFO", "service": "order_generator", "event": "ORDER_CREATED", "order_id": "24e67dbe-ef23-4042-8bdd-02981ec30361", "message": "New order created", "meta": null}
{"timestamp": "2025-12-30T12:38:10.578007", "level": "INFO", "service": "order_generator", "event": "ORDER_CREATED", "order_id": "f7b81a71-5278-478a-a9e3-0b78b95e4065", "message": "New order created", "meta": null}
{"timestamp": "2025-12-30T12:38:10.605430", "level": "INFO", "service": "order_generator", "event": "ORDER_CREATED", "order_id": "9c46c1d7-9db0-4673-80ca-6d98f37a7fe0", "message": "New order created", "meta": null}
{"timestamp": "2025-12-30T12:38:10.629616", "level": "INFO", "service": "order_generator", "event": "ORDER_CREATED", "order_id": "8e7e49b9-4e25-45a3-b9e2-eebd6d9da9e8", "message": "New order created", "meta": null}
{"timestamp": "2025-12-30T12:38:10.651149", "level": "INFO", "service": "order_generator", "event": "ORDER_CREATED", "order_id": "bc274736-07e5-4332-8987-6507b8dc4cf1", "message": "New order created", "meta": null}
{"timestamp": "2025-12-30T12:38:10.677235", "level": "INFO", "service": "order_generator", "event": "ORDER_CREATED", "order_id": "df9e8ab1-15cb-41d9-8658-a729e7075153", "message": "New order created", "meta": null}
{"timestamp": "2025-12-30T12:38:10.699566", "level": "INFO", "service": "order_generator", "event": "ORDER_CREATED", "order_id": "7dda3a7f-5812-45fb-aa3b-84d925d8e195", "message": "New order created", "meta": null}
{"timestamp": "2025-12-30T12:38:10.729703", "level": "INFO", "service": "order_generator", "event": "ORDER_CREATED", "order_id": "6e98cb93-3b4e-43bd-9ce8-b0d980c67dd0", "message": "New order created", "meta": null}
{"timestamp": "2025-12-30T12:38:10.756593", "level": "INFO", "service": "order_generator", "event": "ORDER_CREATED", "order_id": "f837be1d-141f-4261-b259-5628e4389e09", "message": "New order created", "meta": null}
{"timestamp": "2025-12-30T12:38:10.793715", "level": "INFO", "service": "order_generator", "event": "ORDER_CREATED", "order_id": "0449a798-d128-4886-bf8c-a6ed97702b8c", "message": "New order created", "meta": null}
{"timestamp": "2025-12-30T12:38:10.824418", "level": "INFO", "service": "order_generator", "event": "ORDER_CREATED", "order_id": "2069ec4d-5839-4c98-8d3f-0e0558c7dba5", "message": "New order created", "meta": null}
{"timestamp": "2025-12-30T12:38:10.859223", "level": "INFO", "service": "order_generator", "event": "ORDER_CREATED", "order_id": "9216429f-f50b-4752-8b9b-3b876db48399", "message": "New order created", "meta": null}
{"timestamp": "2025-12-30T12:38:10.882179", "level": "INFO", "service": "order_generator", "event": "ORDER_CREATED", "order_id": "b978f41c-085e-4c8b-96bb-a07c00318ab2", "message": "New order created", "meta": null}
{"timestamp": "2025-12-30T12:38:10.905419", "level": "INFO", "service": "order_generator", "event": "ORDER_CREATED", "order_id": "ee522e69-0309-4ea2-923c-587f285f3901", "message": "New order created", "meta": null}
{"timestamp": "2025-12-30T12:38:10.929595", "level": "INFO", "service": "order_generator", "event": "ORDER_CREATED", "order_id": "f44bd685-7fe6-411a-8131-c4f14fda22d1", "message": "New order created", "meta": null}
{"timestamp": "2025-12-30T12:38:10.954707", "level": "INFO", "service": "order_generator", "event": "ORDER_CREATED", "order_id": "54ad3b88-9323-482a-9605-20e1bcd6968c", "message": "New order created", "meta": null}
{"timestamp": "2025-12-30T12:38:10.978654", "level": "INFO", "service": "order_generator", "event": "ORDER_CREATED", "order_id": "b69a0a6a-3708-4043-a5f2-410741b7e894", "message": "New order created", "meta": null}
{"timestamp": "2025-12-30T12:38:11.006017", "level": "INFO", "service": "order_generator", "event": "ORDER_CREATED", "order_id": "97d4c918-fca5-48c6-a11e-32da4104c970", "message": "New order created", "meta": null}
{"timestamp": "2025-12-30T12:38:11.037536", "level": "INFO", "service": "order_generator", "event": "ORDER_CREATED", "order_id": "e2966182-7039-4edd-9a3b-002769181d04", "message": "New order created", "meta": null}
{"timestamp": "2025-12-30T12:38:11.063877", "level": "INFO", "service": "order_generator", "event": "ORDER_CREATED", "order_id": "5e0769a7-2969-4489-924d-7daeb335f937", "message": "New order created", "meta": null}
{"timestamp": "2025-12-30T12:38:11.088119", "level": "INFO", "service": "order_generator", "event": "ORDER_CREATED", "order_id": "76c64dc4-aa93-4f3b-a809-63e4a8440087", "message": "New order created", "meta": null}
{"timestamp": "2025-12-30T12:38:11.111091", "level": "INFO", "service": "order_generator", "event": "ORDER_CREATED", "order_id": "c5b68386-8634-4394-8927-9943b97246bf", "message": "New order created", "meta": null}
{"timestamp": "2025-12-30T12:38:11.132602", "level": "INFO", "service": "order_generator", "event": "ORDER_CREATED", "order_id": "162df957-8f85-4ab4-9af6-141a118de2b8", "message": "New order created", "meta": null}
{"timestamp": "2025-12-30T12:38:11.164681", "level": "INFO", "service": "order_generator", "event": "ORDER_CREATED", "order_id": "818cded2-55d9-4a95-8617-bb12103c2ade", "message": "New order created", "meta": null}
{"timestamp": "2025-12-30T12:38:11.202612", "level": "INFO", "service": "order_generator", "event": "ORDER_CREATED", "order_id": "a94fcf29-341f-4682-be1d-4a150248c327", "message": "New order created", "meta": null}
{"timestamp": "2025-12-30T12:38:11.227275", "level": "INFO", "service": "order_generator", "event": "ORDER_CREATED", "order_id": "83b43f05-ca4b-44d0-8f40-14df6e96e5a4", "message": "New order created", "meta": null}
{"timestamp": "2025-12-30T12:38:11.251964", "level": "INFO", "service": "order_generator", "event": "ORDER_CREATED", "order_id": "525d1abb-30bc-474d-8c5d-fc358c5ce243", "message": "New order created", "meta": null}
{"timestamp": "2025-12-30T12:38:11.276755", "level": "INFO", "service": "order_generator", "event": "ORDER_CREATED", "order_id": "fdc21d00-5b05-4039-8470-06fb00ceba0c", "message": "New order created", "meta": null}
{"timestamp": "2025-12-30T12:38:11.302174", "level": "INFO", "service": "order_generator", "event": "ORDER_CREATED", "order_id": "8eaedd44-a75c-4bdf-8495-6d5aa882c734", "message": "New order created", "meta": null}
{"timestamp": "2025-12-30T12:38:11.325570", "level": "INFO", "service": "order_generator", "event": "ORDER_CREATED", "order_id": "5ae5f13b-affa-442d-9253-fe4abcec554e", "message": "New order created", "meta": null}
{"timestamp": "2025-12-30T12:38:11.352386", "level": "INFO", "service": "order_generator", "event": "ORDER_CREATED", "order_id": "26346176-e6f2-4c0a-9a85-d51a851f98fe", "message": "New order created", "meta": null}
{"timestamp": "2025-12-30T12:38:11.381236", "level": "INFO", "service": "order_generator", "event": "ORDER_CREATED", "order_id": "74d1188f-e235-4c0b-b76c-4406af4d6d04", "message": "New order created", "meta": null}
{"timestamp": "2025-12-30T12:38:11.407736", "level": "INFO", "service": "order_generator", "event": "ORDER_CREATED", "order_id": "110704c9-9585-496a-bf35-edafa386438f", "message": "New order created", "meta": null}
{"timestamp": "2025-12-30T12:38:11.432040", "level": "INFO", "service": "order_generator", "event": "ORDER_CREATED", "order_id": "e490e307-fcc8-424e-a48f-f49de0a86937", "message": "New order created", "meta": null}
{"timestamp": "2025-12-30T12:38:11.454632", "level": "INFO", "service": "order_generator", "event": "ORDER_CREATED", "order_id": "72784397-28be-4316-978d-0c6dd7d58e63", "message": "New order created", "meta": null}
{"timestamp": "2025-12-30T12:38:11.477413", "level": "INFO", "service": "order_generator", "event": "ORDER_CREATED", "order_id": "3d401787-663b-4665-9063-f502651da687", "message": "New order created", "meta": null}
{"timestamp": "2025-12-30T12:38:11.502780", "level": "INFO", "service": "order_generator", "event": "ORDER_CREATED", "order_id": "47d2be63-c6b4-4391-8b7f-6a3b0a7c4e17", "message": "New order created", "meta": null}
{"timestamp": "2025-12-30T12:38:11.523104", "level": "INFO", "service": "order_generator", "event": "ORDER_CREATED", "order_id": "5c09078e-d0c5-42c2-bae4-c981562e85e3", "message": "New order created", "meta": null}
{"timestamp": "2025-12-30T12:38:11.547579", "level": "INFO", "service": "order_generator", "event": "ORDER_CREATED", "order_id": "d8580659-5f8d-4ad9-b395-d6703db01a86", "message": "New order created", "meta": null}
{"timestamp": "2025-12-30T12:38:11.569590", "level": "INFO", "service": "order_generator", "event": "ORDER_CREATED", "order_id": "b3babdf2-affa-44e9-8f1f-aa7450a1ca08", "message": "New order created", "meta": null}
{"timestamp": "2025-12-30T12:38:11.597036", "level": "INFO", "service": "order_generator", "event": "ORDER_CREATED", "order_id": "a1ea69a7-d293-49b0-b62f-76afee2582e0", "message": "New order created", "meta": null}
{"timestamp": "2025-12-30T12:38:11.620211", "level": "INFO", "service": "order_generator", "event": "ORDER_CREATED", "order_id": "7898d9be-3eb3-44d0-8f84-3bee776ba333", "message": "New order created", "meta": null}
{"timestamp": "2025-12-30T12:38:11.642121", "level": "INFO", "service": "order_generator", "event": "ORDER_CREATED", "order_id": "003d8130-ead1-45a5-9993-50e0d7bf80ab", "message": "New order created", "meta": null}
{"timestamp": "2025-12-30T12:38:11.664716", "level": "INFO", "service": "order_generator", "event": "ORDER_CREATED", "order_id": "67df3908-ec21-4a86-a521-c3b7b3f207f8", "message": "New order created", "meta": null}
{"timestamp": "2025-12-30T12:38:11.686152", "level": "INFO", "service": "order_generator", "event": "ORDER_CREATED", "order_id": "5a091a6c-c3fc-479d-8136-f9f7a5f38ab7", "message": "New order created", "meta": null}
{"timestamp": "2025-12-30T12:38:11.710008", "level": "INFO", "service": "order_generator", "event": "ORDER_CREATED", "order_id": "a574f31d-9488-489b-81df-116d38b9b83e", "message": "New order created", "meta": null}
{"timestamp": "2025-12-30T12:38:11.737414", "level": "INFO", "service": "order_generator", "event": "ORDER_CREATED", "order_id": "02c9536b-e51b-4d1b-ad09-3773e707e0e2", "message": "New order created", "meta": null}
{"timestamp": "2025-12-30T12:38:11.766218", "level": "INFO", "service": "order_generator", "event": "ORDER_CREATED", "order_id": "2671108d-a86e-4d50-b3f3-c2a4146ad735", "message": "New order created", "meta": null}
{"timestamp": "2025-12-30T12:38:11.791907", "level": "INFO", "service": "order_generator", "event": "ORDER_CREATED", "order_id": "cf62e4e0-8ebc-4b72-b4e8-49f796da43d2", "message": "New order created", "meta": null}
{"timestamp": "2025-12-30T12:38:11.818297", "level": "INFO", "service": "order_generator", "event": "ORDER_CREATED", "order_id": "ec09b6bd-80fb-424d-a4a2-5ce916caa1d7", "message": "New order created", "meta": null}
{"timestamp": "2025-12-30T12:38:11.847123", "level": "INFO", "service": "order_generator", "event": "ORDER_CREATED", "order_id": "291c70f6-5767-4d52-8f77-9cccb0b01928", "message": "New order created", "meta": null}
{"timestamp": "2025-12-30T12:38:11.874813", "level": "INFO", "service": "order_generator", "event": "ORDER_CREATED", "order_id": "ac89c9e8-246e-46fb-be22-686e30bedb60", "message": "New order created", "meta": null}
{"timestamp": "2025-12-30T12:38:11.899781", "level": "INFO", "service": "order_generator", "event": "ORDER_CREATED", "order_id": "4264d9ef-6f09-4437-b9bb-6f9e61d45dd2", "message": "New order created", "meta": null}
{"timestamp": "2025-12-30T12:38:11.930572", "level": "INFO", "service": "order_generator", "event": "ORDER_CREATED", "order_id": "6efb1bd2-0f0a-4f0a-9912-a7a59320c322", "message": "New order created", "meta": null}
{"timestamp": "2025-12-30T12:38:11.959568", "level": "INFO", "service": "order_generator", "event": "ORDER_CREATED", "order_id": "82b650b7-9387-4beb-80eb-b4b09f1d92d4", "message": "New order created", "meta": null}
{"timestamp": "2025-12-30T12:38:11.987398", "level": "INFO", "service": "order_generator", "event": "ORDER_CREATED", "order_id": "560d0e32-42f7-499d-9961-0ad26c21d216", "message": "New order created", "meta": null}
{"timestamp": "2025-12-30T12:38:12.011553", "level": "INFO", "service": "order_generator", "event": "ORDER_CREATED", "order_id": "4c05af02-0427-4713-a812-57d81dce7d61", "message": "New order created", "meta": null}
{"timestamp": "2025-12-30T12:38:12.039496", "level": "INFO", "service": "order_generator", "event": "ORDER_CREATED", "order_id": "01fa1a34-920e-4e3a-ba27-097381830d37", "message": "New order created", "meta": null}
{"timestamp": "2025-12-30T12:38:12.066322", "level": "INFO", "service": "order_generator", "event": "ORDER_CREATED", "order_id": "7db1b00c-1c1b-4510-9424-32646981cb3f", "message": "New order created", "meta": null}
{"timestamp": "2025-12-30T12:38:12.088631", "level": "INFO", "service": "order_generator", "event": "ORDER_CREATED", "order_id": "403a17e9-22fd-47d2-b6a3-5744683313bc", "message": "New order created", "meta": null}
{"timestamp": "2025-12-30T12:38:12.113506", "level": "INFO", "service": "order_generator", "event": "ORDER_CREATED", "order_id": "46ac4fab-d397-431f-8ca3-0a7683f9f21f", "message": "New order created", "meta": null}
{"timestamp": "2025-12-30T12:38:12.137609", "level": "INFO", "service": "order_generator", "event": "ORDER_CREATED", "order_id": "39648627-132c-42c1-ac26-3764c2da7fce", "message": "New order created", "meta": null}
{"timestamp": "2025-12-30T12:38:12.178864", "level": "INFO", "service": "order_generator", "event": "ORDER_CREATED", "order_id": "0c46a97b-efde-43df-9424-eb700bf16c9b", "message": "New order created", "meta": null}
{"timestamp": "2025-12-30T12:38:12.258872", "level": "INFO", "service": "order_generator", "event": "ORDER_CREATED", "order_id": "98a391aa-6bc6-4371-8e9d-73f78a5eb863", "message": "New order created", "meta": null}
{"timestamp": "2025-12-30T12:38:12.281309", "level": "INFO", "service": "order_generator", "event": "ORDER_CREATED", "order_id": "4c7683de-58f6-4656-b916-09b6c9fbd50c", "message": "New order created", "meta": null}
{"timestamp": "2025-12-30T12:38:12.305849", "level": "INFO", "service": "order_generator", "event": "ORDER_CREATED", "order_id": "2d91388e-e4c0-442f-aa69-0576e329b086", "message": "New order created", "meta": null}
{"timestamp": "2025-12-30T12:38:12.331610", "level": "INFO", "service": "order_generator", "event": "ORDER_CREATED", "order_id": "b3e94fff-c698-4614-9592-7be11e5cdef1", "message": "New order created", "meta": null}
{"timestamp": "2025-12-30T12:38:12.354440", "level": "INFO", "service": "order_generator", "event": "ORDER_CREATED", "order_id": "292241ae-d5f5-4e7d-94c2-71d372468ad0", "message": "New order created", "meta": null}
{"timestamp": "2025-12-30T12:38:12.378733", "level": "INFO", "service": "order_generator", "event": "ORDER_CREATED", "order_id": "e022bc33-56a9-4ff4-af43-6709c4a643c0", "message": "New order created", "meta": null}
{"timestamp": "2025-12-30T12:38:12.401057", "level": "INFO", "service": "order_generator", "event": "ORDER_CREATED", "order_id": "a30be4e4-2c2c-4f1d-a854-504fb870ad81", "message": "New order created", "meta": null}
{"timestamp": "2025-12-30T12:38:12.441421", "level": "INFO", "service": "order_generator", "event": "ORDER_CREATED", "order_id": "654e55e4-ce0d-474b-a6f1-b80a44b90020", "message": "New order created", "meta": null}
{"timestamp": "2025-12-30T12:38:12.474580", "level": "INFO", "service": "order_generator", "event": "ORDER_CREATED", "order_id": "b4def25e-81bf-4e0b-9a0c-9de461a55e7f", "message": "New order created", "meta": null}
{"timestamp": "2025-12-30T12:38:12.503514", "level": "INFO", "service": "order_generator", "event": "ORDER_CREATED", "order_id": "0bfa3803-5fa1-47ee-b818-7c35a8bd994b", "message": "New order created", "meta": null}
{"timestamp": "2025-12-30T12:38:12.528300", "level": "INFO", "service": "order_generator", "event": "ORDER_CREATED", "order_id": "e3610528-007c-4f73-88bd-ddc8806d1441", "message": "New order created", "meta": null}
{"timestamp": "2025-12-30T12:38:12.554354", "level": "INFO", "service": "order_generator", "event": "ORDER_CREATED", "order_id": "949d20da-820b-4b94-b371-cbf1308df671", "message": "New order created", "meta": null}
{"timestamp": "2025-12-30T12:38:12.579410", "level": "INFO", "service": "order_generator", "event": "ORDER_CREATED", "order_id": "1e21a21f-6ff2-4d39-9840-86f742d984ef", "message": "New order created", "meta": null}
{"timestamp": "2025-12-30T12:38:12.601904", "level": "INFO", "service": "order_generator", "event": "ORDER_CREATED", "order_id": "b97f89c9-9e26-44bc-b238-52c5e2461d85", "message": "New order created", "meta": null}
{"timestamp": "2025-12-30T12:38:12.635432", "level": "INFO", "service": "order_generator", "event": "ORDER_CREATED", "order_id": "1ab69412-cb99-4430-a5f2-3facb3ff6e36", "message": "New order created", "meta": null}
{"timestamp": "2025-12-30T12:38:12.661298", "level": "INFO", "service": "order_generator", "event": "ORDER_CREATED", "order_id": "5d8dea63-4152-4384-9a7b-4a142530c957", "message": "New order created", "meta": null}
{"timestamp": "2025-12-30T12:38:12.686462", "level": "INFO", "service": "order_generator", "event": "ORDER_CREATED", "order_id": "cec08582-9615-469d-a8fc-57563dae384b", "message": "New order created", "meta": null}
{"timestamp": "2025-12-30T12:38:12.714706", "level": "INFO", "service": "order_generator", "event": "ORDER_CREATED", "order_id": "c4dafb82-be24-49fc-bc67-52c9b87cd735", "message": "New order created", "meta": null}
{"timestamp": "2025-12-30T12:38:12.765558", "level": "INFO", "service": "order_generator", "event": "ORDER_CREATED", "order_id": "2bd5e477-a37c-4e3a-83b4-c26419c75168", "message": "New order created", "meta": null}
{"timestamp": "2025-12-30T12:38:12.789594", "level": "INFO", "service": "order_generator", "event": "ORDER_CREATED", "order_id": "d7cd1e1c-da8e-41c3-ad5d-6a4ad96dbae6", "message": "New order created", "meta": null}
{"timestamp": "2025-12-30T12:38:12.811811", "level": "INFO", "service": "order_generator", "event": "ORDER_CREATED", "order_id": "9c90b50f-1309-4c1b-9d6f-3384407c3428", "message": "New order created", "meta": null}
{"timestamp": "2025-12-30T12:38:12.836563", "level": "INFO", "service": "order_generator", "event": "ORDER_CREATED", "order_id": "9c74a325-5cf2-45b6-b5fd-bf6ecc3502ac", "message": "New order created", "meta": null}
{"timestamp": "2025-12-30T12:38:12.881253", "level": "INFO", "service": "order_generator", "event": "ORDER_CREATED", "order_id": "7483ccf5-9f6a-4065-b824-4b08aecc93e8", "message": "New order created", "meta": null}
{"timestamp": "2025-12-30T12:38:12.935296", "level": "INFO", "service": "order_generator", "event": "ORDER_CREATED", "order_id": "89d36961-b919-4635-aa97-ff1105be2950", "message": "New order created", "meta": null}
{"timestamp": "2025-12-30T12:38:12.966407", "level": "INFO", "service": "order_generator", "event": "ORDER_CREATED", "order_id": "13f12c8b-df46-431b-8d89-1321e0be7d02", "message": "New order created", "meta": null}
{"timestamp": "2025-12-30T12:38:12.993486", "level": "INFO", "service": "order_generator", "event": "ORDER_CREATED", "order_id": "cb89c08a-10a4-4004-b0eb-dc725bb328ba", "message": "New order created", "meta": null}
{"timestamp": "2025-12-30T12:38:13.017599", "level": "INFO", "service": "order_generator", "event": "ORDER_CREATED", "order_id": "991a523e-fd6f-4409-916e-eb37e5df4f0c", "message": "New order created", "meta": null}
{"timestamp": "2025-12-30T12:38:13.045432", "level": "INFO", "service": "order_generator", "event": "ORDER_CREATED", "order_id": "12bc293c-aba7-42f7-95ac-aafb58b37dcd", "message": "New order created", "meta": null}
{"timestamp": "2025-12-30T12:38:13.067396", "level": "INFO", "service": "order_generator", "event": "ORDER_CREATED", "order_id": "7cce4433-2ee5-4120-bf81-dd0f1bdaec64", "message": "New order created", "meta": null}
{"timestamp": "2025-12-30T12:38:13.091391", "level": "INFO", "service": "order_generator", "event": "ORDER_CREATED", "order_id": "37e8d155-ae0e-4ae0-b7da-a2fd71e48966", "message": "New order created", "meta": null}
{"timestamp": "2025-12-30T12:38:13.116108", "level": "INFO", "service": "order_generator", "event": "ORDER_CREATED", "order_id": "96c5359b-13e1-49ae-8502-2397cd11b92a", "message": "New order created", "meta": null}
{"timestamp": "2025-12-30T12:38:13.140764", "level": "INFO", "service": "order_generator", "event": "ORDER_CREATED", "order_id": "88501f6a-6546-4163-8e04-a44f53d34ee1", "message": "New order created", "meta": null}
{"timestamp": "2025-12-30T12:38:13.166131", "level": "INFO", "service": "order_generator", "event": "ORDER_CREATED", "order_id": "636c3910-6c43-4c8b-b7ec-0ab95926e4c2", "message": "New order created", "meta": null}
{"timestamp": "2025-12-30T12:38:13.201740", "level": "INFO", "service": "order_generator", "event": "ORDER_CREATED", "order_id": "6cf0110d-991c-42de-89be-96ffde8505d9", "message": "New order created", "meta": null}
{"timestamp": "2025-12-30T12:38:13.229710", "level": "INFO", "service": "order_generator", "event": "ORDER_CREATED", "order_id": "017ca120-efc8-410d-a62d-137400937b0e", "message": "New order created", "meta": null}
{"timestamp": "2025-12-30T12:38:13.255960", "level": "INFO", "service": "order_generator", "event": "ORDER_CREATED", "order_id": "817b3145-5dfc-4eb7-8fc0-595be77aa945", "message": "New order created", "meta": null}
{"timestamp": "2025-12-30T12:38:13.283510", "level": "INFO", "service": "order_generator", "event": "ORDER_CREATED", "order_id": "46100bb0-541a-4080-8614-02f86947863a", "message": "New order created", "meta": null}
{"timestamp": "2025-12-30T12:38:13.307941", "level": "INFO", "service": "order_generator", "event": "ORDER_CREATED", "order_id": "fa0b1366-bd59-4bca-94d4-880855b9a029", "message": "New order created", "meta": null}
{"timestamp": "2025-12-30T12:38:13.330950", "level": "INFO", "service": "order_generator", "event": "ORDER_CREATED", "order_id": "cae47f63-19e6-4ee4-a59f-b8acfa181841", "message": "New order created", "meta": null}
{"timestamp": "2025-12-30T12:38:13.354812", "level": "INFO", "service": "order_generator", "event": "ORDER_CREATED", "order_id": "bf005723-caef-4187-a630-475a8a05b9c1", "message": "New order created", "meta": null}
{"timestamp": "2025-12-30T12:38:13.380559", "level": "INFO", "service": "order_generator", "event": "ORDER_CREATED", "order_id": "f9544392-b3e1-4647-99a1-78289ac511d1", "message": "New order created", "meta": null}
{"timestamp": "2025-12-30T12:38:13.404597", "level": "INFO", "service": "order_generator", "event": "ORDER_CREATED", "order_id": "1cc5cc37-ac5a-4e86-a649-584634095e38", "message": "New order created", "meta": null}
{"timestamp": "2025-12-30T12:38:13.432541", "level": "INFO", "service": "order_generator", "event": "ORDER_CREATED", "order_id": "56dbfba1-9b33-42d3-bdfd-5c4e71cfef3d", "message": "New order created", "meta": null}
{"timestamp": "2025-12-30T12:38:13.462229", "level": "INFO", "service": "order_generator", "event": "ORDER_CREATED", "order_id": "b0dee142-fa76-4823-b0e2-2d99cab69fd7", "message": "New order created", "meta": null}
{"timestamp": "2025-12-30T12:38:13.486269", "level": "INFO", "service": "order_generator", "event": "ORDER_CREATED", "order_id": "8f41fe55-3a5c-4f88-93f1-ce5e4ecb9971", "message": "New order created", "meta": null}
{"timestamp": "2025-12-30T12:38:13.511536", "level": "INFO", "service": "order_generator", "event": "ORDER_CREATED", "order_id": "10c4083c-ea78-49a6-9e6e-934302f7e221", "message": "New order created", "meta": null}
{"timestamp": "2025-12-30T12:38:13.533441", "level": "INFO", "service": "order_generator", "event": "ORDER_CREATED", "order_id": "41e79afe-4120-4e4b-90ef-9b5f004e26a7", "message": "New order created", "meta": null}
{"timestamp": "2025-12-30T12:38:13.560854", "level": "INFO", "service": "order_generator", "event": "ORDER_CREATED", "order_id": "9e483f55-ac53-4502-8a60-c03552c748bb", "message": "New order created", "meta": null}
{"timestamp": "2025-12-30T12:38:13.584775", "level": "INFO", "service": "order_generator", "event": "ORDER_CREATED", "order_id": "bdbf5d99-b68f-4960-af16-8d907ccdd5b1", "message": "New order created", "meta": null}
{"timestamp": "2025-12-30T12:38:13.609453", "level": "INFO", "service": "order_generator", "event": "ORDER_CREATED", "order_id": "aba2c0ff-fd50-41be-9271-58d10b22d816", "message": "New order created", "meta": null}
{"timestamp": "2025-12-30T12:38:13.633813", "level": "INFO", "service": "order_generator", "event": "ORDER_CREATED", "order_id": "9c68b05a-eb9c-4150-b27c-838ecd997d4d", "message": "New order created", "meta": null}
{"timestamp": "2025-12-30T12:38:13.658549", "level": "INFO", "service": "order_generator", "event": "ORDER_CREATED", "order_id": "4b59ab35-ba5b-4bc0-b40e-14846598b736", "message": "New order created", "meta": null}
{"timestamp": "2025-12-30T12:38:13.683242", "level": "INFO", "service": "order_generator", "event": "ORDER_CREATED", "order_id": "496ca94f-6ba3-4d92-8294-b6d67eedd21f", "message": "New order created", "meta": null}
{"timestamp": "2025-12-30T12:38:13.708962", "level": "INFO", "service": "order_generator", "event": "ORDER_CREATED", "order_id": "6b102dc7-ab3a-4068-be8f-664a2647c96d", "message": "New order created", "meta": null}
{"timestamp": "2025-12-30T12:38:13.731948", "level": "INFO", "service": "order_generator", "event": "ORDER_CREATED", "order_id": "44d0e6bb-ce2d-4605-bc7e-9af1d05b1b0b", "message": "New order created", "meta": null}
{"timestamp": "2025-12-30T12:38:13.755990", "level": "INFO", "service": "order_generator", "event": "ORDER_CREATED", "order_id": "b4c95727-afb2-442b-9668-8d523a0ee037", "message": "New order created", "meta": null}
{"timestamp": "2025-12-30T12:38:13.781763", "level": "INFO", "service": "order_generator", "event": "ORDER_CREATED", "order_id": "19c36b75-35cd-4858-b473-fc54d851090d", "message": "New order created", "meta": null}
{"timestamp": "2025-12-30T12:38:13.804458", "level": "INFO", "service": "order_generator", "event": "ORDER_CREATED", "order_id": "5d74ddda-3bf8-46d0-82c5-9e15c5978e08", "message": "New order created", "meta": null}
{"timestamp": "2025-12-30T12:38:13.829341", "level": "INFO", "service": "order_generator", "event": "ORDER_CREATED", "order_id": "98f4c4bc-af15-411e-9cc2-7683b753bdef", "message": "New order created", "meta": null}
{"timestamp": "2025-12-30T12:38:13.853695", "level": "INFO", "service": "order_generator", "event": "ORDER_CREATED", "order_id": "cc21bbb6-156a-419e-9524-a814c85baee3", "message": "New order created", "meta": null}
{"timestamp": "2025-12-30T12:38:13.884523", "level": "INFO", "service": "order_generator", "event": "ORDER_CREATED", "order_id": "68700734-b169-4c7b-a098-140294805bf2", "message": "New order created", "meta": null}
{"timestamp": "2025-12-30T12:38:13.910604", "level": "INFO", "service": "order_generator", "event": "ORDER_CREATED", "order_id": "ee127f6c-9cda-4890-9a8f-7a4c102956ad", "message": "New order created", "meta": null}
{"timestamp": "2025-12-30T12:38:13.934623", "level": "INFO", "service": "order_generator", "event": "ORDER_CREATED", "order_id": "9a12f128-8dd3-46c7-9c87-11c841fdfd65", "message": "New order created", "meta": null}
{"timestamp": "2025-12-30T12:38:13.962096", "level": "INFO", "service": "order_generator", "event": "ORDER_CREATED", "order_id": "c130d632-5ab9-41a4-b9c6-8563b6c9ed2c", "message": "New order created", "meta": null}
{"timestamp": "2025-12-30T12:38:13.987696", "level": "INFO", "service": "order_generator", "event": "ORDER_CREATED", "order_id": "5a0f2bda-0de9-4ee1-bad8-eb1df3dbf750", "message": "New order created", "meta": null}
{"timestamp": "2025-12-30T12:38:14.012774", "level": "INFO", "service": "order_generator", "event": "ORDER_CREATED", "order_id": "ab7288c1-40a0-41c9-89cf-ae2389da1fcd", "message": "New order created", "meta": null}
{"timestamp": "2025-12-30T12:38:14.038322", "level": "INFO", "service": "order_generator", "event": "ORDER_CREATED", "order_id": "53c39f07-e6ad-47c7-807f-ab27581e66a1", "message": "New order created", "meta": null}
{"timestamp": "2025-12-30T12:38:14.063422", "level": "INFO", "service": "order_generator", "event": "ORDER_CREATED", "order_id": "06af61ae-93c2-4c64-8b9c-cd929b40fb91", "message": "New order created", "meta": null}
{"timestamp": "2025-12-30T12:38:14.088981", "level": "INFO", "service": "order_generator", "event": "ORDER_CREATED", "order_id": "89907fed-89f0-4e7f-b48e-4285cecb87ef", "message": "New order created", "meta": null}
{"timestamp": "2025-12-30T12:38:14.114469", "level": "INFO", "service": "order_generator", "event": "ORDER_CREATED", "order_id": "a65b774e-80e5-4145-8ffb-e1f33fcdd4af", "message": "New order created", "meta": null}
{"timestamp": "2025-12-30T12:38:14.137332", "level": "INFO", "service": "order_generator", "event": "ORDER_CREATED", "order_id": "89a724f0-4acf-4665-9425-b66c707222fc", "message": "New order created", "meta": null}
{"timestamp": "2025-12-30T12:38:14.163847", "level": "INFO", "service": "order_generator", "event": "ORDER_CREATED", "order_id": "6590aa0f-4ebd-40e3-ac61-3b13a0d19d59", "message": "New order created", "meta": null}
{"timestamp": "2025-12-30T12:38:14.195946", "level": "INFO", "service": "order_generator", "event": "ORDER_CREATED", "order_id": "92957bf1-b3f0-4b77-90de-b6f61ed9b314", "message": "New order created", "meta": null}
{"timestamp": "2025-12-30T12:38:14.223174", "level": "INFO", "service": "order_generator", "event": "ORDER_CREATED", "order_id": "ca2c65e7-3990-4abf-bc79-364b8391fed1", "message": "New order created", "meta": null}
{"timestamp": "2025-12-30T12:38:14.246285", "level": "INFO", "service": "order_generator", "event": "ORDER_CREATED", "order_id": "f643ed10-7ebd-4194-ae89-326a649621de", "message": "New order created", "meta": null}
{"timestamp": "2025-12-30T12:38:14.268598", "level": "INFO", "service": "order_generator", "event": "ORDER_CREATED", "order_id": "149a5f8e-02c8-458a-9a2e-fb0eaf698a43", "message": "New order created", "meta": null}
{"timestamp": "2025-12-30T12:38:14.290877", "level": "INFO", "service": "order_generator", "event": "ORDER_CREATED", "order_id": "2dfe80fa-2b01-4574-a18d-9cebcdc72671", "message": "New order created", "meta": null}
{"timestamp": "2025-12-30T12:38:14.313455", "level": "INFO", "service": "order_generator", "event": "ORDER_CREATED", "order_id": "a5160d7d-6ba5-489c-86e2-fe5597fe0535", "message": "New order created", "meta": null}
{"timestamp": "2025-12-30T12:38:14.334122", "level": "INFO", "service": "order_generator", "event": "ORDER_CREATED", "order_id": "a58704f0-50b4-452b-b92c-dd36e12315ed", "message": "New order created", "meta": null}
{"timestamp": "2025-12-30T12:38:14.359596", "level": "INFO", "service": "order_generator", "event": "ORDER_CREATED", "order_id": "9f8903ee-dae5-4f96-83d7-4e90067a625b", "message": "New order created", "meta": null}
{"timestamp": "2025-12-30T12:38:14.384433", "level": "INFO", "service": "order_generator", "event": "ORDER_CREATED", "order_id": "63e334cf-0aa6-4ddc-82b2-2fd96216088c", "message": "New order created", "meta": null}
{"timestamp": "2025-12-30T12:38:14.406585", "level": "INFO", "service": "order_generator", "event": "ORDER_CREATED", "order_id": "a0ddc48f-232e-4ad1-975b-8f2908385074", "message": "New order created", "meta": null}
{"timestamp": "2025-12-30T12:38:14.430317", "level": "INFO", "service": "order_generator", "event": "ORDER_CREATED", "order_id": "83841cd2-0552-4b7b-a170-857ca7e49457", "message": "New order created", "meta": null}
{"timestamp": "2025-12-30T12:38:14.456141", "level": "INFO", "service": "order_generator", "event": "ORDER_CREATED", "order_id": "ce5a87ce-d29d-4ce8-b8ba-7c04ef93ccbc", "message": "New order created", "meta": null}
{"timestamp": "2025-12-30T12:38:14.480996", "level": "INFO", "service": "order_generator", "event": "ORDER_CREATED", "order_id": "35bf2fc5-7761-4cd7-97c7-0256bad327d4", "message": "New order created", "meta": null}
{"timestamp": "2025-12-30T12:38:14.512737", "level": "INFO", "service": "order_generator", "event": "ORDER_CREATED", "order_id": "0bb2da6f-4b6e-4987-945e-2801d71114cd", "message": "New order created", "meta": null}
{"timestamp": "2025-12-30T12:38:14.536111", "level": "INFO", "service": "order_generator", "event": "ORDER_CREATED", "order_id": "a9996f5d-b826-4332-b861-33adeada297c", "message": "New order created", "meta": null}
{"timestamp": "2025-12-30T12:38:14.561315", "level": "INFO", "service": "order_generator", "event": "ORDER_CREATED", "order_id": "c8fb8b70-f3ef-4481-8af8-dbadfd3e78fb", "message": "New order created", "meta": null}
{"timestamp": "2025-12-30T12:38:14.587023", "level": "INFO", "service": "order_generator", "event": "ORDER_CREATED", "order_id": "4372e04e-5b3e-4a82-8106-6f4cbb9c842e", "message": "New order created", "meta": null}
{"timestamp": "2025-12-30T12:38:14.612416", "level": "INFO", "service": "order_generator", "event": "ORDER_CREATED", "order_id": "c208a1c9-ede9-4669-852f-ada0ef0a55ce", "message": "New order created", "meta": null}
{"timestamp": "2025-12-30T12:38:14.634568", "level": "INFO", "service": "order_generator", "event": "ORDER_CREATED", "order_id": "3e2a4128-e955-4741-b543-79a04afbdc5a", "message": "New order created", "meta": null}
{"timestamp": "2025-12-30T12:38:14.659092", "level": "INFO", "service": "order_generator", "event": "ORDER_CREATED", "order_id": "a16582a1-f47d-4898-b159-a5f510ba2f44", "message": "New order created", "meta": null}
{"timestamp": "2025-12-30T12:38:14.686036", "level": "INFO", "service": "order_generator", "event": "ORDER_CREATED", "order_id": "6f9a4397-b713-43b9-85ec-e5288a230c7c", "message": "New order created", "meta": null}
{"timestamp": "2025-12-30T12:38:14.712856", "level": "INFO", "service": "order_generator", "event": "ORDER_CREATED", "order_id": "bcb17a39-08a5-4127-98d9-29bfaca89a23", "message": "New order created", "meta": null}
{"timestamp": "2025-12-30T12:38:14.741033", "level": "INFO", "service": "order_generator", "event": "ORDER_CREATED", "order_id": "d5202c2d-a316-4fec-bf82-788172c8a1ea", "message": "New order created", "meta": null}
{"timestamp": "2025-12-30T12:38:14.763378", "level": "INFO", "service": "order_generator", "event": "ORDER_CREATED", "order_id": "11e65f20-3c2a-4241-a58a-86c5fab9b3c3", "message": "New order created", "meta": null}
{"timestamp": "2025-12-30T12:38:14.787439", "level": "INFO", "service": "order_generator", "event": "ORDER_CREATED", "order_id": "43d4282d-0246-4d14-b5bb-30a2fe9cfcea", "message": "New order created", "meta": null}
{"timestamp": "2025-12-30T12:38:14.814844", "level": "INFO", "service": "order_generator", "event": "ORDER_CREATED", "order_id": "49f15bc4-35fd-4d6a-a195-ac3247ba3e14", "message": "New order created", "meta": null}
{"timestamp": "2025-12-30T12:38:14.838296", "level": "INFO", "service": "order_generator", "event": "ORDER_CREATED", "order_id": "3f4db338-6950-4067-8b69-734c776b0d93", "message": "New order created", "meta": null}
{"timestamp": "2025-12-30T12:38:14.895219", "level": "INFO", "service": "order_generator", "event": "ORDER_CREATED", "order_id": "bbf7ea75-4919-4bfb-93e6-0e0ae59df8b2", "message": "New order created", "meta": null}
{"timestamp": "2025-12-30T12:38:14.916694", "level": "INFO", "service": "order_generator", "event": "ORDER_CREATED", "order_id": "85ecae8b-8da5-48cb-9c0c-07dfe89058ae", "message": "New order created", "meta": null}
{"timestamp": "2025-12-30T12:38:14.941098", "level": "INFO", "service": "order_generator", "event": "ORDER_CREATED", "order_id": "ea3a984f-e870-42df-80cc-d5c4fb1ce731", "message": "New order created", "meta": null}
{"timestamp": "2025-12-30T12:38:14.966275", "level": "INFO", "service": "order_generator", "event": "ORDER_CREATED", "order_id": "5cd98c11-3fb9-43d0-afa5-94816819c03c", "message": "New order created", "meta": null}
{"timestamp": "2025-12-30T12:38:14.998203", "level": "INFO", "service": "order_generator", "event": "ORDER_CREATED", "order_id": "7b883a81-05d6-4e13-87a9-4c9d8a5c6f32", "message": "New order created", "meta": null}
{"timestamp": "2025-12-30T12:38:15.020412", "level": "INFO", "service": "order_generator", "event": "ORDER_CREATED", "order_id": "8e292732-b7a0-4f69-bcce-3f697847cd29", "message": "New order created", "meta": null}
{"timestamp": "2025-12-30T12:38:15.048999", "level": "INFO", "service": "order_generator", "event": "ORDER_CREATED", "order_id": "7bf8c529-6516-4880-b25d-e76ab1fd098f", "message": "New order created", "meta": null}
{"timestamp": "2025-12-30T12:38:15.079826", "level": "INFO", "service": "order_generator", "event": "ORDER_CREATED", "order_id": "3a8d26bb-5832-4393-ae87-78f392afae7f", "message": "New order created", "meta": null}
{"timestamp": "2025-12-30T12:38:15.105856", "level": "INFO", "service": "order_generator", "event": "ORDER_CREATED", "order_id": "ff31d56c-3997-4317-8470-5828130fae8b", "message": "New order created", "meta": null}
{"timestamp": "2025-12-30T12:38:15.130859", "level": "INFO", "service": "order_generator", "event": "ORDER_CREATED", "order_id": "77eadfe2-ff04-4e60-8228-fe33d71d7c01", "message": "New order created", "meta": null}
{"timestamp": "2025-12-30T12:38:15.156490", "level": "INFO", "service": "order_generator", "event": "ORDER_CREATED", "order_id": "d2bd1555-6933-4e09-ab1f-26e4c3293e61", "message": "New order created", "meta": null}
{"timestamp": "2025-12-30T12:38:15.183729", "level": "INFO", "service": "order_generator", "event": "ORDER_CREATED", "order_id": "ff62307f-be8b-4415-b814-4e3d8bff1d0c", "message": "New order created", "meta": null}
{"timestamp": "2025-12-30T12:38:15.210307", "level": "INFO", "service": "order_generator", "event": "ORDER_CREATED", "order_id": "1dc9bbe9-dfe9-40d9-af7c-e74a02a8dbff", "message": "New order created", "meta": null}
{"timestamp": "2025-12-30T12:38:15.316557", "level": "INFO", "service": "order_generator", "event": "ORDER_CREATED", "order_id": "176fc489-3ef7-4c5c-923c-fd665bca67ca", "message": "New order created", "meta": null}
{"timestamp": "2025-12-30T12:38:15.353183", "level": "INFO", "service": "order_generator", "event": "ORDER_CREATED", "order_id": "4df7129f-0454-43fc-9d15-8bfdfb97a052", "message": "New order created", "meta": null}
{"timestamp": "2025-12-30T12:38:15.383363", "level": "INFO", "service": "order_generator", "event": "ORDER_CREATED", "order_id": "eb25a379-ef81-4bfa-be1e-213e50a715de", "message": "New order created", "meta": null}
{"timestamp": "2025-12-30T12:38:15.411773", "level": "INFO", "service": "order_generator", "event": "ORDER_CREATED", "order_id": "e7742f0a-75f3-45ca-9bc9-c06306a44247", "message": "New order created", "meta": null}
{"timestamp": "2025-12-30T12:38:15.436906", "level": "INFO", "service": "order_generator", "event": "ORDER_CREATED", "order_id": "e7566786-a6ad-4553-aaf9-325c1e73eb30", "message": "New order created", "meta": null}
{"timestamp": "2025-12-30T12:38:15.468050", "level": "INFO", "service": "order_generator", "event": "ORDER_CREATED", "order_id": "b5183976-f32f-41cb-8907-b209826fcb4e", "message": "New order created", "meta": null}
{"timestamp": "2025-12-30T12:38:15.493400", "level": "INFO", "service": "order_generator", "event": "ORDER_CREATED", "order_id": "0b48b96f-c4b8-4721-8add-b16cf705ec3e", "message": "New order created", "meta": null}
{"timestamp": "2025-12-30T12:38:15.519462", "level": "INFO", "service": "order_generator", "event": "ORDER_CREATED", "order_id": "d2ec6fd4-aa3f-4fb9-aae5-4e3baa40a1c6", "message": "New order created", "meta": null}
{"timestamp": "2025-12-30T12:38:15.544960", "level": "INFO", "service": "order_generator", "event": "ORDER_CREATED", "order_id": "451fba3a-5980-4ffa-9b53-e74ff32720f4", "message": "New order created", "meta": null}
{"timestamp": "2025-12-30T12:38:15.567799", "level": "INFO", "service": "order_generator", "event": "ORDER_CREATED", "order_id": "4b88122c-94f6-4e00-b52d-23cde98ac913", "message": "New order created", "meta": null}
{"timestamp": "2025-12-30T12:38:15.600586", "level": "INFO", "service": "order_generator", "event": "ORDER_CREATED", "order_id": "05d279b1-7b4c-4300-aa0f-711ef656fd05", "message": "New order created", "meta": null}
{"timestamp": "2025-12-30T12:38:15.629425", "level": "INFO", "service": "order_generator", "event": "ORDER_CREATED", "order_id": "f90b7715-1946-4194-9fae-cf82104d0d5e", "message": "New order created", "meta": null}
{"timestamp": "2025-12-30T12:38:15.654035", "level": "INFO", "service": "order_generator", "event": "ORDER_CREATED", "order_id": "8992991e-420b-4059-97d1-35a8ff33400c", "message": "New order created", "meta": null}
{"timestamp": "2025-12-30T12:38:15.679045", "level": "INFO", "service": "order_generator", "event": "ORDER_CREATED", "order_id": "acee8dbc-1bd2-4674-bae7-66e5671c5fe1", "message": "New order created", "meta": null}
{"timestamp": "2025-12-30T12:38:15.700380", "level": "INFO", "service": "order_generator", "event": "ORDER_CREATED", "order_id": "41bbd21c-6d2a-4bfd-953a-639bc2df5096", "message": "New order created", "meta": null}
{"timestamp": "2025-12-30T12:38:15.721870", "level": "INFO", "service": "order_generator", "event": "ORDER_CREATED", "order_id": "f30a10f9-1632-408b-a2ef-55c1b96d065a", "message": "New order created", "meta": null}
{"timestamp": "2025-12-30T12:38:15.747413", "level": "INFO", "service": "order_generator", "event": "ORDER_CREATED", "order_id": "efc3b480-aba9-47c8-9ada-9978d3904e0a", "message": "New order created", "meta": null}
{"timestamp": "2025-12-30T12:38:15.770670", "level": "INFO", "service": "order_generator", "event": "ORDER_CREATED", "order_id": "1fd26dfb-7183-41b1-b59c-5e89f4f1fe3d", "message": "New order created", "meta": null}
{"timestamp": "2025-12-30T12:38:15.800277", "level": "INFO", "service": "order_generator", "event": "ORDER_CREATED", "order_id": "b3390505-c8c5-4230-8fa4-bfca1848cb47", "message": "New order created", "meta": null}
{"timestamp": "2025-12-30T12:38:15.826113", "level": "INFO", "service": "order_generator", "event": "ORDER_CREATED", "order_id": "e4451643-f7a7-4482-8456-c2605b4359eb", "message": "New order created", "meta": null}
{"timestamp": "2025-12-30T12:38:15.849030", "level": "INFO", "service": "order_generator", "event": "ORDER_CREATED", "order_id": "194aaf7e-3eff-437c-bc1e-6b6f25f2d9aa", "message": "New order created", "meta": null}
{"timestamp": "2025-12-30T12:38:15.874533", "level": "INFO", "service": "order_generator", "event": "ORDER_CREATED", "order_id": "b53aae3e-cf25-4432-a7a7-56b0efa2f14e", "message": "New order created", "meta": null}
{"timestamp": "2025-12-30T12:38:15.897489", "level": "INFO", "service": "order_generator", "event": "ORDER_CREATED", "order_id": "08c10ef9-c9f6-4ee4-bce9-5881330faddc", "message": "New order created", "meta": null}
{"timestamp": "2025-12-30T12:38:15.923559", "level": "INFO", "service": "order_generator", "event": "ORDER_CREATED", "order_id": "1f98933e-278f-456b-9b57-066cbb4a4a57", "message": "New order created", "meta": null}
{"timestamp": "2025-12-30T12:38:15.946724", "level": "INFO", "service": "order_generator", "event": "ORDER_CREATED", "order_id": "c5e3bbcf-68c9-4c2b-9917-57a77d6b2420", "message": "New order created", "meta": null}
{"timestamp": "2025-12-30T12:38:15.969600", "level": "INFO", "service": "order_generator", "event": "ORDER_CREATED", "order_id": "8782c9b5-e8c6-47b1-998c-a08840d72627", "message": "New order created", "meta": null}
{"timestamp": "2025-12-30T12:38:16.001125", "level": "INFO", "service": "order_generator", "event": "ORDER_CREATED", "order_id": "5f34bb12-c5d5-4909-bede-a02c479eb6dc", "message": "New order created", "meta": null}
{"timestamp": "2025-12-30T12:38:16.023307", "level": "INFO", "service": "order_generator", "event": "ORDER_CREATED", "order_id": "54a1d78f-616d-42c8-b5e0-a41a0d6a9785", "message": "New order created", "meta": null}
{"timestamp": "2025-12-30T12:38:16.048318", "level": "INFO", "service": "order_generator", "event": "ORDER_CREATED", "order_id": "92857521-d0ca-42a9-9823-42437b224190", "message": "New order created", "meta": null}
{"timestamp": "2025-12-30T12:38:16.071010", "level": "INFO", "service": "order_generator", "event": "ORDER_CREATED", "order_id": "4bf6cb2f-82a8-44d1-a1c5-178ae454fd46", "message": "New order created", "meta": null}
{"timestamp": "2025-12-30T12:38:16.093297", "level": "INFO", "service": "order_generator", "event": "ORDER_CREATED", "order_id": "227febc9-84db-4815-b7e7-79a68804b604", "message": "New order created", "meta": null}
{"timestamp": "2025-12-30T12:38:16.118122", "level": "INFO", "service": "order_generator", "event": "ORDER_CREATED", "order_id": "2f7f1ec4-4d37-43b8-8d50-fa6eb1d3a01e", "message": "New order created", "meta": null}
{"timestamp": "2025-12-30T12:38:16.149224", "level": "INFO", "service": "order_generator", "event": "ORDER_CREATED", "order_id": "65ef8b73-005f-4a9a-9e13-4fb1f053ed1a", "message": "New order created", "meta": null}
{"timestamp": "2025-12-30T12:38:16.173539", "level": "INFO", "service": "order_generator", "event": "ORDER_CREATED", "order_id": "ca156572-955a-4b85-8c18-6c11e97fcdad", "message": "New order created", "meta": null}
{"timestamp": "2025-12-30T12:38:16.206017", "level": "INFO", "service": "order_generator", "event": "ORDER_CREATED", "order_id": "0f5a01c3-dbf8-4d07-b1b5-c5847758064b", "message": "New order created", "meta": null}
{"timestamp": "2025-12-30T12:38:16.233120", "level": "INFO", "service": "order_generator", "event": "ORDER_CREATED", "order_id": "c1ea2d5f-308f-4d03-a32a-1d200d93ae77", "message": "New order created", "meta": null}
{"timestamp": "2025-12-30T12:38:16.258135", "level": "INFO", "service": "order_generator", "event": "ORDER_CREATED", "order_id": "093c5080-dd12-4b76-ab45-a1cb6e0dd1b4", "message": "New order created", "meta": null}
{"timestamp": "2025-12-30T12:38:16.280356", "level": "INFO", "service": "order_generator", "event": "ORDER_CREATED", "order_id": "fade47f5-d23a-44b6-a960-782b9b3b5407", "message": "New order created", "meta": null}
{"timestamp": "2025-12-30T12:38:16.307065", "level": "INFO", "service": "order_generator", "event": "ORDER_CREATED", "order_id": "1ac33565-4ac5-4f3c-b205-6a0f1f442fe6", "message": "New order created", "meta": null}
{"timestamp": "2025-12-30T12:38:16.331315", "level": "INFO", "service": "order_generator", "event": "ORDER_CREATED", "order_id": "bfae2931-f399-44c5-8b9f-5dcba9c613b4", "message": "New order created", "meta": null}
{"timestamp": "2025-12-30T12:38:16.366124", "level": "INFO", "service": "order_generator", "event": "ORDER_CREATED", "order_id": "e93d355a-d8fd-4574-bd5a-065c56a13d8a", "message": "New order created", "meta": null}
{"timestamp": "2025-12-30T12:38:16.394417", "level": "INFO", "service": "order_generator", "event": "ORDER_CREATED", "order_id": "fcfca58f-c18a-475f-b7b7-6c9f90b4ad56", "message": "New order created", "meta": null}
{"timestamp": "2025-12-30T12:38:16.416363", "level": "INFO", "service": "order_generator", "event": "ORDER_CREATED", "order_id": "c8ebd71a-e732-4bdd-a828-03d5d0fb0ba8", "message": "New order created", "meta": null}
{"timestamp": "2025-12-30T12:38:16.443203", "level": "INFO", "service": "order_generator", "event": "ORDER_CREATED", "order_id": "6523ede7-9ce8-430f-9168-04baa48023d2", "message": "New order created", "meta": null}
{"timestamp": "2025-12-30T12:38:16.468266", "level": "INFO", "service": "order_generator", "event": "ORDER_CREATED", "order_id": "e76d8db0-c8de-42ae-bcc6-051a251d4268", "message": "New order created", "meta": null}
{"timestamp": "2025-12-30T12:38:16.491573", "level": "INFO", "service": "order_generator", "event": "ORDER_CREATED", "order_id": "8dddad62-29ed-48d3-b223-85dc2f409ad2", "message": "New order created", "meta": null}
{"timestamp": "2025-12-30T12:38:16.518238", "level": "INFO", "service": "order_generator", "event": "ORDER_CREATED", "order_id": "4e3ef826-3c43-43d4-abaf-4d4f30c01bde", "message": "New order created", "meta": null}
{"timestamp": "2025-12-30T12:38:16.541075", "level": "INFO", "service": "order_generator", "event": "ORDER_CREATED", "order_id": "5eb0eb66-1d28-4175-849d-0264056d9b1d", "message": "New order created", "meta": null}
{"timestamp": "2025-12-30T12:38:16.561906", "level": "INFO", "service": "order_generator", "event": "ORDER_CREATED", "order_id": "3bbbb835-6b7f-4602-b0b4-c5136f08d3a1", "message": "New order created", "meta": null}
{"timestamp": "2025-12-30T12:38:16.584552", "level": "INFO", "service": "order_generator", "event": "ORDER_CREATED", "order_id": "7dca239c-70d3-4126-a169-3ca1576001c9", "message": "New order created", "meta": null}
{"timestamp": "2025-12-30T12:38:16.608723", "level": "INFO", "service": "order_generator", "event": "ORDER_CREATED", "order_id": "96e51bbf-0e69-45c9-9ac0-23753cbe8b47", "message": "New order created", "meta": null}
{"timestamp": "2025-12-30T12:38:16.769380", "level": "INFO", "service": "order_generator", "event": "ORDER_CREATED", "order_id": "43fa8954-4646-4bae-8094-54892f6c9048", "message": "New order created", "meta": null}
{"timestamp": "2025-12-30T12:38:16.793583", "level": "INFO", "service": "order_generator", "event": "ORDER_CREATED", "order_id": "21eacbc3-128c-42bd-8f0e-641c83041234", "message": "New order created", "meta": null}
{"timestamp": "2025-12-30T12:38:16.819190", "level": "INFO", "service": "order_generator", "event": "ORDER_CREATED", "order_id": "cd08b382-142d-4f4e-8769-f2346acdb521", "message": "New order created", "meta": null}
{"timestamp": "2025-12-30T12:38:16.844376", "level": "INFO", "service": "order_generator", "event": "ORDER_CREATED", "order_id": "7a59ce65-0fce-42f0-8605-123e2b992c4f", "message": "New order created", "meta": null}
{"timestamp": "2025-12-30T12:38:16.873883", "level": "INFO", "service": "order_generator", "event": "ORDER_CREATED", "order_id": "11b9f879-b775-411b-a333-c907971700d5", "message": "New order created", "meta": null}
{"timestamp": "2025-12-30T12:38:16.899981", "level": "INFO", "service": "order_generator", "event": "ORDER_CREATED", "order_id": "77976daa-fcd9-4e70-bb96-e30010366ee7", "message": "New order created", "meta": null}
{"timestamp": "2025-12-30T12:38:16.935674", "level": "INFO", "service": "order_generator", "event": "ORDER_CREATED", "order_id": "768ef916-9f5e-4bf1-8a85-9d53a162018f", "message": "New order created", "meta": null}
{"timestamp": "2025-12-30T12:38:16.961046", "level": "INFO", "service": "order_generator", "event": "ORDER_CREATED", "order_id": "edaac4a6-65a9-42da-b3a8-f710cd66aa56", "message": "New order created", "meta": null}
{"timestamp": "2025-12-30T12:38:16.986669", "level": "INFO", "service": "order_generator", "event": "ORDER_CREATED", "order_id": "b108fdd9-e0b2-4d1f-b91d-c0d25622931a", "message": "New order created", "meta": null}
{"timestamp": "2025-12-30T12:38:17.010494", "level": "INFO", "service": "order_generator", "event": "ORDER_CREATED", "order_id": "d6a71175-52d6-4fda-8cf2-8a9c237b2e64", "message": "New order created", "meta": null}
{"timestamp": "2025-12-30T12:38:17.032300", "level": "INFO", "service": "order_generator", "event": "ORDER_CREATED", "order_id": "56183535-0002-4116-8563-0d1c85620e97", "message": "New order created", "meta": null}
{"timestamp": "2025-12-30T12:38:17.085088", "level": "INFO", "service": "order_generator", "event": "ORDER_CREATED", "order_id": "d9e80b70-6c3a-4010-bebc-0012bafd5b85", "message": "New order created", "meta": null}
{"timestamp": "2025-12-30T12:38:17.109127", "level": "INFO", "service": "order_generator", "event": "ORDER_CREATED", "order_id": "8476cd65-778a-4446-9e8c-9e0ff2bb6f16", "message": "New order created", "meta": null}
{"timestamp": "2025-12-30T12:38:17.136720", "level": "INFO", "service": "order_generator", "event": "ORDER_CREATED", "order_id": "5595b86b-f02b-40e2-9feb-9c645379326b", "message": "New order created", "meta": null}
{"timestamp": "2025-12-30T12:38:17.160298", "level": "INFO", "service": "order_generator", "event": "ORDER_CREATED", "order_id": "6371bcaa-6ab0-4987-bb58-d6124b51af1f", "message": "New order created", "meta": null}
{"timestamp": "2025-12-30T12:38:17.187047", "level": "INFO", "service": "order_generator", "event": "ORDER_CREATED", "order_id": "718adae7-0a0e-49f5-8f52-2d6158cfbe81", "message": "New order created", "meta": null}
{"timestamp": "2025-12-30T12:38:17.212358", "level": "INFO", "service": "order_generator", "event": "ORDER_CREATED", "order_id": "59dd5845-4966-483b-82a2-bb2b3f1c696f", "message": "New order created", "meta": null}
{"timestamp": "2025-12-30T12:38:17.245864", "level": "INFO", "service": "order_generator", "event": "ORDER_CREATED", "order_id": "0c214ca1-45b8-485a-9cd3-1958fb23dc11", "message": "New order created", "meta": null}
{"timestamp": "2025-12-30T12:38:17.274700", "level": "INFO", "service": "order_generator", "event": "ORDER_CREATED", "order_id": "ed41d2f8-63b2-4fa9-92ee-cc44365fb3a3", "message": "New order created", "meta": null}
{"timestamp": "2025-12-30T12:38:17.405801", "level": "INFO", "service": "order_generator", "event": "ORDER_CREATED", "order_id": "551743f3-8fed-4d4e-912e-21e436fa5c3f", "message": "New order created", "meta": null}
{"timestamp": "2025-12-30T12:38:17.435993", "level": "INFO", "service": "order_generator", "event": "ORDER_CREATED", "order_id": "e47d33d5-a52b-4961-89b9-369abc2cf839", "message": "New order created", "meta": null}
{"timestamp": "2025-12-30T12:38:17.463236", "level": "INFO", "service": "order_generator", "event": "ORDER_CREATED", "order_id": "14b4b60d-1556-434a-b0e5-ddf45fff1fb3", "message": "New order created", "meta": null}
{"timestamp": "2025-12-30T12:38:17.488421", "level": "INFO", "service": "order_generator", "event": "ORDER_CREATED", "order_id": "718518f5-1cfd-4272-9b60-a8d9afe1287e", "message": "New order created", "meta": null}
{"timestamp": "2025-12-30T12:38:17.511004", "level": "INFO", "service": "order_generator", "event": "ORDER_CREATED", "order_id": "60582c90-2448-44eb-b5fd-10d466e59edf", "message": "New order created", "meta": null}
{"timestamp": "2025-12-30T12:38:17.648584", "level": "INFO", "service": "order_generator", "event": "ORDER_CREATED", "order_id": "9a143433-fde2-498a-a90f-866331980e65", "message": "New order created", "meta": null}
{"timestamp": "2025-12-30T12:38:17.735254", "level": "INFO", "service": "order_generator", "event": "ORDER_CREATED", "order_id": "f1379a36-59cb-407b-a42c-0f32c75798ed", "message": "New order created", "meta": null}
{"timestamp": "2025-12-30T12:38:17.771500", "level": "INFO", "service": "order_generator", "event": "ORDER_CREATED", "order_id": "a633dfa6-df12-4a62-ae8f-6272d02776ac", "message": "New order created", "meta": null}
{"timestamp": "2025-12-30T12:38:17.797701", "level": "INFO", "service": "order_generator", "event": "ORDER_CREATED", "order_id": "e5dc4483-c038-42a1-b4ed-727f5566bb8d", "message": "New order created", "meta": null}
{"timestamp": "2025-12-30T12:38:17.822302", "level": "INFO", "service": "order_generator", "event": "ORDER_CREATED", "order_id": "15d2c70b-aee9-4017-9851-71bb09225bad", "message": "New order created", "meta": null}
{"timestamp": "2025-12-30T12:38:17.853362", "level": "INFO", "service": "order_generator", "event": "ORDER_CREATED", "order_id": "6c9c590e-fffd-42f0-b543-b9d0c868528a", "message": "New order created", "meta": null}
{"timestamp": "2025-12-30T12:38:17.877168", "level": "INFO", "service": "order_generator", "event": "ORDER_CREATED", "order_id": "2096955f-77cb-4130-a145-fdcd42e13a75", "message": "New order created", "meta": null}
{"timestamp": "2025-12-30T12:38:17.904009", "level": "INFO", "service": "order_generator", "event": "ORDER_CREATED", "order_id": "9654fba1-f567-4c52-898f-ed0774e8cd08", "message": "New order created", "meta": null}
{"timestamp": "2025-12-30T12:38:17.928842", "level": "INFO", "service": "order_generator", "event": "ORDER_CREATED", "order_id": "41927b0c-11f5-4069-ae4a-f9b4971dbbe8", "message": "New order created", "meta": null}
{"timestamp": "2025-12-30T12:38:17.956033", "level": "INFO", "service": "order_generator", "event": "ORDER_CREATED", "order_id": "5789542a-f34c-4cf9-82fd-dd37281aadd7", "message": "New order created", "meta": null}
{"timestamp": "2025-12-30T12:38:17.978022", "level": "INFO", "service": "order_generator", "event": "ORDER_CREATED", "order_id": "6c665c32-f6fd-4e7f-920d-c8f479c1a077", "message": "New order created", "meta": null}
{"timestamp": "2025-12-30T12:38:18.000616", "level": "INFO", "service": "order_generator", "event": "ORDER_CREATED", "order_id": "fe306557-dcee-437f-8e43-02bf1c637683", "message": "New order created", "meta": null}
{"timestamp": "2025-12-30T12:38:18.021697", "level": "INFO", "service": "order_generator", "event": "ORDER_CREATED", "order_id": "6b7a5982-e42f-45fd-8ccd-448ea55be63e", "message": "New order created", "meta": null}
{"timestamp": "2025-12-30T12:38:18.045919", "level": "INFO", "service": "order_generator", "event": "ORDER_CREATED", "order_id": "7aaf3d35-adc4-41d9-bf49-faf8776a0038", "message": "New order created", "meta": null}
{"timestamp": "2025-12-30T12:38:18.077326", "level": "INFO", "service": "order_generator", "event": "ORDER_CREATED", "order_id": "e910b1ab-ad6b-423f-95d9-de56021688d0", "message": "New order created", "meta": null}
{"timestamp": "2025-12-30T12:38:18.105144", "level": "INFO", "service": "order_generator", "event": "ORDER_CREATED", "order_id": "3a980b94-5f43-4d77-a3ed-e171a2da244a", "message": "New order created", "meta": null}
{"timestamp": "2025-12-30T12:38:18.129741", "level": "INFO", "service": "order_generator", "event": "ORDER_CREATED", "order_id": "bd940149-2e61-4408-8ab1-896bc042f8e0", "message": "New order created", "meta": null}
{"timestamp": "2025-12-30T12:38:18.161635", "level": "INFO", "service": "order_generator", "event": "ORDER_CREATED", "order_id": "0901dd41-7fc7-45f2-aa11-deb017d2a49c", "message": "New order created", "meta": null}
{"timestamp": "2025-12-30T12:38:18.185348", "level": "INFO", "service": "order_generator", "event": "ORDER_CREATED", "order_id": "62de05c0-c88c-40e8-9e94-f62a0683eeb4", "message": "New order created", "meta": null}
{"timestamp": "2025-12-30T12:38:18.440559", "level": "INFO", "service": "order_generator", "event": "ORDER_CREATED", "order_id": "19f43920-034b-49a8-8c26-8fb0f93f3b85", "message": "New order created", "meta": null}
{"timestamp": "2025-12-30T12:38:18.475198", "level": "INFO", "service": "order_generator", "event": "ORDER_CREATED", "order_id": "e96bfe62-3b29-438f-99ff-707926747e3a", "message": "New order created", "meta": null}
{"timestamp": "2025-12-30T12:38:18.499176", "level": "INFO", "service": "order_generator", "event": "ORDER_CREATED", "order_id": "703cd191-8a2b-488a-a27b-b9db0285087b", "message": "New order created", "meta": null}
{"timestamp": "2025-12-30T12:38:18.525662", "level": "INFO", "service": "order_generator", "event": "ORDER_CREATED", "order_id": "4cb80e89-9e6b-422d-a93a-57e91fae1753", "message": "New order created", "meta": null}
{"timestamp": "2025-12-30T12:38:18.548773", "level": "INFO", "service": "order_generator", "event": "ORDER_CREATED", "order_id": "c869cfef-3861-492c-9a50-81b984e60642", "message": "New order created", "meta": null}
{"timestamp": "2025-12-30T12:38:18.577011", "level": "INFO", "service": "order_generator", "event": "ORDER_CREATED", "order_id": "a8a530c1-a377-47ee-aeef-ae09f4777706", "message": "New order created", "meta": null}
{"timestamp": "2025-12-30T12:38:18.607604", "level": "INFO", "service": "order_generator", "event": "ORDER_CREATED", "order_id": "e4aa896d-ad8d-4ceb-8545-7dc0e9b89306", "message": "New order created", "meta": null}
{"timestamp": "2025-12-30T12:38:18.631633", "level": "INFO", "service": "order_generator", "event": "ORDER_CREATED", "order_id": "150a3fc7-2cf3-46c9-83ff-0e350da0065c", "message": "New order created", "meta": null}
{"timestamp": "2025-12-30T12:38:18.664341", "level": "INFO", "service": "order_generator", "event": "ORDER_CREATED", "order_id": "f251df38-4073-46c3-9846-b7ce8c53a2c7", "message": "New order created", "meta": null}
{"timestamp": "2025-12-30T12:38:18.693733", "level": "INFO", "service": "order_generator", "event": "ORDER_CREATED", "order_id": "f69ad008-f520-4506-b295-d62f649123d0", "message": "New order created", "meta": null}
{"timestamp": "2025-12-30T12:38:18.777296", "level": "INFO", "service": "order_generator", "event": "ORDER_CREATED", "order_id": "f5c19c17-d873-4aae-85ea-6be97dccdae7", "message": "New order created", "meta": null}
{"timestamp": "2025-12-30T12:38:18.805418", "level": "INFO", "service": "order_generator", "event": "ORDER_CREATED", "order_id": "cc3e7bea-bde0-4ce8-bed5-e6d71a426563", "message": "New order created", "meta": null}
{"timestamp": "2025-12-30T12:38:18.836951", "level": "INFO", "service": "order_generator", "event": "ORDER_CREATED", "order_id": "691e270a-d5ac-4a92-b6e8-e32f32a6471d", "message": "New order created", "meta": null}
{"timestamp": "2025-12-30T12:38:18.897958", "level": "INFO", "service": "order_generator", "event": "ORDER_CREATED", "order_id": "1d8525d3-11ba-4ca2-8dd7-d43a0bb1d854", "message": "New order created", "meta": null}
{"timestamp": "2025-12-30T12:38:18.925661", "level": "INFO", "service": "order_generator", "event": "ORDER_CREATED", "order_id": "acdf51b1-e8b3-45a8-a8e0-aa7af0d834f3", "message": "New order created", "meta": null}
{"timestamp": "2025-12-30T12:38:18.952008", "level": "INFO", "service": "order_generator", "event": "ORDER_CREATED", "order_id": "3b75ccb0-5755-4912-83da-95ba1cddeeb8", "message": "New order created", "meta": null}
{"timestamp": "2025-12-30T12:38:18.992617", "level": "INFO", "service": "order_generator", "event": "ORDER_CREATED", "order_id": "56aa364a-d7c6-4c6c-8218-2af35c9167a9", "message": "New order created", "meta": null}
{"timestamp": "2025-12-30T12:38:19.028205", "level": "INFO", "service": "order_generator", "event": "ORDER_CREATED", "order_id": "4f4d9bfb-f987-47b2-b35c-b0f9fee76ac0", "message": "New order created", "meta": null}
{"timestamp": "2025-12-30T12:38:19.052426", "level": "INFO", "service": "order_generator", "event": "ORDER_CREATED", "order_id": "6107dece-58b1-4f8b-bd07-63a251d7b28c", "message": "New order created", "meta": null}
{"timestamp": "2025-12-30T12:38:19.090331", "level": "INFO", "service": "order_generator", "event": "ORDER_CREATED", "order_id": "73636a6f-f579-4d1c-80ad-ea08d98706f4", "message": "New order created", "meta": null}
{"timestamp": "2025-12-30T12:38:19.118940", "level": "INFO", "service": "order_generator", "event": "ORDER_CREATED", "order_id": "827b94ee-0633-475a-b70e-7d345c29a669", "message": "New order created", "meta": null}
{"timestamp": "2025-12-30T12:38:19.147730", "level": "INFO", "service": "order_generator", "event": "ORDER_CREATED", "order_id": "b6c5f9e9-ecb2-46f5-b2a8-3407e70397d2", "message": "New order created", "meta": null}
{"timestamp": "2025-12-30T12:38:19.171114", "level": "INFO", "service": "order_generator", "event": "ORDER_CREATED", "order_id": "e9993783-f59e-48c0-baf1-1067877ede5e", "message": "New order created", "meta": null}
{"timestamp": "2025-12-30T12:38:19.198840", "level": "INFO", "service": "order_generator", "event": "ORDER_CREATED", "order_id": "57b4e204-586c-4779-bec7-9200b301eff5", "message": "New order created", "meta": null}
{"timestamp": "2025-12-30T12:38:19.228920", "level": "INFO", "service": "order_generator", "event": "ORDER_CREATED", "order_id": "50c5ed1c-53f6-472a-ad0c-ca793d8227b6", "message": "New order created", "meta": null}
{"timestamp": "2025-12-30T12:38:19.255107", "level": "INFO", "service": "order_generator", "event": "ORDER_CREATED", "order_id": "e7e30602-f869-42fb-9496-c934756bcfd2", "message": "New order created", "meta": null}
{"timestamp": "2025-12-30T12:38:19.285433", "level": "INFO", "service": "order_generator", "event": "ORDER_CREATED", "order_id": "f7d57d02-924a-4eba-a18a-edeb58366672", "message": "New order created", "meta": null}
{"timestamp": "2025-12-30T12:38:19.445703", "level": "INFO", "service": "order_generator", "event": "ORDER_CREATED", "order_id": "2e87dc69-8762-4776-a6e4-dd6741d4f6c7", "message": "New order created", "meta": null}
{"timestamp": "2025-12-30T12:38:19.497150", "level": "INFO", "service": "order_generator", "event": "ORDER_CREATED", "order_id": "c1dcce2f-396e-4692-8a55-e4fd6ec73ebc", "message": "New order created", "meta": null}
{"timestamp": "2025-12-30T12:38:19.524131", "level": "INFO", "service": "order_generator", "event": "ORDER_CREATED", "order_id": "f205ca77-5e94-4923-a500-54325fe423f3", "message": "New order created", "meta": null}
{"timestamp": "2025-12-30T12:38:19.547421", "level": "INFO", "service": "order_generator", "event": "ORDER_CREATED", "order_id": "a9bc1a4a-58d6-4f09-82cc-fc586b2ac077", "message": "New order created", "meta": null}
{"timestamp": "2025-12-30T12:38:19.570762", "level": "INFO", "service": "order_generator", "event": "ORDER_CREATED", "order_id": "13078175-8ae7-460f-be3e-caa1a4e9a88a", "message": "New order created", "meta": null}
{"timestamp": "2025-12-30T12:38:19.596007", "level": "INFO", "service": "order_generator", "event": "ORDER_CREATED", "order_id": "c9956b73-224c-4dd1-9223-a487e826f59a", "message": "New order created", "meta": null}
{"timestamp": "2025-12-30T12:38:19.627837", "level": "INFO", "service": "order_generator", "event": "ORDER_CREATED", "order_id": "7797d433-46fd-46fe-9baf-3c3d97927122", "message": "New order created", "meta": null}
{"timestamp": "2025-12-30T12:38:19.652561", "level": "INFO", "service": "order_generator", "event": "ORDER_CREATED", "order_id": "d175edb2-2a23-49c9-ba92-e2d325fb7136", "message": "New order created", "meta": null}
{"timestamp": "2025-12-30T12:38:19.680358", "level": "INFO", "service": "order_generator", "event": "ORDER_CREATED", "order_id": "989161e8-f434-44e9-8b40-da10c80e8cc0", "message": "New order created", "meta": null}
{"timestamp": "2025-12-30T12:38:19.703636", "level": "INFO", "service": "order_generator", "event": "ORDER_CREATED", "order_id": "7a2a2266-0a7f-4b3d-96be-e71d38bf4372", "message": "New order created", "meta": null}
{"timestamp": "2025-12-30T12:38:19.729915", "level": "INFO", "service": "order_generator", "event": "ORDER_CREATED", "order_id": "c05e104f-2f29-4877-b0b9-74c4845335cb", "message": "New order created", "meta": null}
{"timestamp": "2025-12-30T12:38:19.753410", "level": "INFO", "service": "order_generator", "event": "ORDER_CREATED", "order_id": "3ed2f30f-92e9-4d69-aaba-59759a2f69cf", "message": "New order created", "meta": null}
{"timestamp": "2025-12-30T12:38:19.783451", "level": "INFO", "service": "order_generator", "event": "ORDER_CREATED", "order_id": "9936f9ad-e0ea-4d2a-a0f8-8bdf4a0806d7", "message": "New order created", "meta": null}
{"timestamp": "2025-12-30T12:38:19.809765", "level": "INFO", "service": "order_generator", "event": "ORDER_CREATED", "order_id": "7ee52125-dc94-4ff1-acc8-b8a17473cfe3", "message": "New order created", "meta": null}
{"timestamp": "2025-12-30T12:38:19.837070", "level": "INFO", "service": "order_generator", "event": "ORDER_CREATED", "order_id": "44edcb5d-191e-4ecb-a079-8c429d9ae21d", "message": "New order created", "meta": null}
{"timestamp": "2025-12-30T12:38:19.861054", "level": "INFO", "service": "order_generator", "event": "ORDER_CREATED", "order_id": "a4d0652c-16e3-4eb4-a5aa-d01ca695d8e8", "message": "New order created", "meta": null}
{"timestamp": "2025-12-30T12:38:19.886256", "level": "INFO", "service": "order_generator", "event": "ORDER_CREATED", "order_id": "9cce19b8-8890-4f75-ae39-a8ceb04ce3b9", "message": "New order created", "meta": null}
{"timestamp": "2025-12-30T12:38:19.912428", "level": "INFO", "service": "order_generator", "event": "ORDER_CREATED", "order_id": "17643b57-fb3c-41f7-889a-70b3012e1d55", "message": "New order created", "meta": null}
{"timestamp": "2025-12-30T12:38:19.934315", "level": "INFO", "service": "order_generator", "event": "ORDER_CREATED", "order_id": "c1bd9a98-b950-4995-a0a3-9e1cb765f148", "message": "New order created", "meta": null}
{"timestamp": "2025-12-30T12:38:19.997389", "level": "INFO", "service": "order_generator", "event": "ORDER_CREATED", "order_id": "5652c228-2b46-4d56-a44e-e3a6ff2f5214", "message": "New order created", "meta": null}
{"timestamp": "2025-12-30T12:38:20.032139", "level": "INFO", "service": "order_generator", "event": "ORDER_CREATED", "order_id": "d0afe30a-ac2c-404a-9a8a-773f179a43af", "message": "New order created", "meta": null}
{"timestamp": "2025-12-30T12:38:20.077444", "level": "INFO", "service": "order_generator", "event": "ORDER_CREATED", "order_id": "ed4f7228-d9af-48e0-ad52-ca58ccd2ad42", "message": "New order created", "meta": null}
{"timestamp": "2025-12-30T12:38:20.105476", "level": "INFO", "service": "order_generator", "event": "ORDER_CREATED", "order_id": "8f975a1f-76af-448f-bd5b-9abb62f29319", "message": "New order created", "meta": null}
{"timestamp": "2025-12-30T12:38:20.134639", "level": "INFO", "service": "order_generator", "event": "ORDER_CREATED", "order_id": "de8153f4-17c5-49f6-941f-febcded67841", "message": "New order created", "meta": null}
{"timestamp": "2025-12-30T12:38:20.167575", "level": "INFO", "service": "order_generator", "event": "ORDER_CREATED", "order_id": "54e22688-d049-4b3c-a506-7d4cae6f073e", "message": "New order created", "meta": null}
{"timestamp": "2025-12-30T12:38:20.192988", "level": "INFO", "service": "order_generator", "event": "ORDER_CREATED", "order_id": "b9a12b59-096d-4126-bf3e-5c9c7e1a175d", "message": "New order created", "meta": null}
{"timestamp": "2025-12-30T12:38:20.216594", "level": "INFO", "service": "order_generator", "event": "ORDER_CREATED", "order_id": "79ecc283-817c-49dc-8070-b20b53138230", "message": "New order created", "meta": null}
{"timestamp": "2025-12-30T12:38:20.240587", "level": "INFO", "service": "order_generator", "event": "ORDER_CREATED", "order_id": "0f0f5924-57a4-415b-b480-7a978683a7e4", "message": "New order created", "meta": null}
{"timestamp": "2025-12-30T12:38:20.271089", "level": "INFO", "service": "order_generator", "event": "ORDER_CREATED", "order_id": "e409e9ad-ffcf-41ab-8d30-6efd7e57e3ec", "message": "New order created", "meta": null}
{"timestamp": "2025-12-30T12:38:20.314791", "level": "INFO", "service": "order_generator", "event": "ORDER_CREATED", "order_id": "9c9d1879-83c3-410e-8f59-16d9bb99731a", "message": "New order created", "meta": null}
{"timestamp": "2025-12-30T12:38:20.351259", "level": "INFO", "service": "order_generator", "event": "ORDER_CREATED", "order_id": "b04d0848-f5b2-4338-bc17-65ff3487fa7a", "message": "New order created", "meta": null}
{"timestamp": "2025-12-30T12:38:20.426575", "level": "INFO", "service": "order_generator", "event": "ORDER_CREATED", "order_id": "77bc7729-7fd4-4610-8fa9-91ea85e0730c", "message": "New order created", "meta": null}
{"timestamp": "2025-12-30T12:38:20.454502", "level": "INFO", "service": "order_generator", "event": "ORDER_CREATED", "order_id": "d0bb6d9d-9ec2-4fbb-b734-82d5271690f9", "message": "New order created", "meta": null}
{"timestamp": "2025-12-30T12:38:20.487247", "level": "INFO", "service": "order_generator", "event": "ORDER_CREATED", "order_id": "e5b0514a-7620-449d-b767-089d8dbc88a9", "message": "New order created", "meta": null}
{"timestamp": "2025-12-30T12:38:20.644348", "level": "INFO", "service": "order_generator", "event": "ORDER_CREATED", "order_id": "a539a358-edc5-45ab-b73e-2ea4306fe925", "message": "New order created", "meta": null}
{"timestamp": "2025-12-30T12:38:20.668986", "level": "INFO", "service": "order_generator", "event": "ORDER_CREATED", "order_id": "516b40c2-26eb-4c94-9e2c-6155e2ad583e", "message": "New order created", "meta": null}
{"timestamp": "2025-12-30T12:38:20.692927", "level": "INFO", "service": "order_generator", "event": "ORDER_CREATED", "order_id": "83f57cfb-651b-4693-89ee-ee6518c807a3", "message": "New order created", "meta": null}
{"timestamp": "2025-12-30T12:38:20.719831", "level": "INFO", "service": "order_generator", "event": "ORDER_CREATED", "order_id": "185755b9-eae8-4e5b-8249-63ed061cd673", "message": "New order created", "meta": null}
{"timestamp": "2025-12-30T12:38:20.746625", "level": "INFO", "service": "order_generator", "event": "ORDER_CREATED", "order_id": "44b2b528-c3cc-4830-9466-5fe377ead1e3", "message": "New order created", "meta": null}
{"timestamp": "2025-12-30T12:38:20.772888", "level": "INFO", "service": "order_generator", "event": "ORDER_CREATED", "order_id": "256b5dae-1b19-4c1f-8103-dbf652325b4e", "message": "New order created", "meta": null}
{"timestamp": "2025-12-30T12:38:20.799751", "level": "INFO", "service": "order_generator", "event": "ORDER_CREATED", "order_id": "2a05f3de-6b47-487f-8d60-b4dc002d66be", "message": "New order created", "meta": null}
{"timestamp": "2025-12-30T12:38:20.828573", "level": "INFO", "service": "order_generator", "event": "ORDER_CREATED", "order_id": "b3e2cdd8-cfa4-413e-8f2c-f96fe1beb4e9", "message": "New order created", "meta": null}
{"timestamp": "2025-12-30T12:38:20.851264", "level": "INFO", "service": "order_generator", "event": "ORDER_CREATED", "order_id": "6bec62f1-2849-4974-8916-832b992577c6", "message": "New order created", "meta": null}
{"timestamp": "2025-12-30T12:38:20.875329", "level": "INFO", "service": "order_generator", "event": "ORDER_CREATED", "order_id": "e98d971b-c7e2-4d36-b18a-c4b92d13d891", "message": "New order created", "meta": null}
{"timestamp": "2025-12-30T12:38:20.902529", "level": "INFO", "service": "order_generator", "event": "ORDER_CREATED", "order_id": "f8825ba7-9724-4826-9c0d-45acb97e937b", "message": "New order created", "meta": null}
{"timestamp": "2025-12-30T12:38:20.926819", "level": "INFO", "service": "order_generator", "event": "ORDER_CREATED", "order_id": "a4ae597f-e99e-45c1-a52e-2b08c18a47c6", "message": "New order created", "meta": null}
{"timestamp": "2025-12-30T12:38:20.953135", "level": "INFO", "service": "order_generator", "event": "ORDER_CREATED", "order_id": "89f6e4a9-c516-4436-a97b-c8e5005cdbdf", "message": "New order created", "meta": null}
{"timestamp": "2025-12-30T12:38:20.977839", "level": "INFO", "service": "order_generator", "event": "ORDER_CREATED", "order_id": "cbff3747-127d-4646-ae41-06b15c310332", "message": "New order created", "meta": null}
{"timestamp": "2025-12-30T12:38:21.133535", "level": "INFO", "service": "order_generator", "event": "ORDER_CREATED", "order_id": "8f7e6432-b60e-45b5-8a5f-18b814d811ec", "message": "New order created", "meta": null}
{"timestamp": "2025-12-30T12:38:21.159509", "level": "INFO", "service": "order_generator", "event": "ORDER_CREATED", "order_id": "7c6341c5-2e48-4e0a-8744-f6bb78724345", "message": "New order created", "meta": null}
{"timestamp": "2025-12-30T12:38:21.184565", "level": "INFO", "service": "order_generator", "event": "ORDER_CREATED", "order_id": "c164e27b-0ba9-4f11-b900-662824d897db", "message": "New order created", "meta": null}
{"timestamp": "2025-12-30T12:38:21.211233", "level": "INFO", "service": "order_generator", "event": "ORDER_CREATED", "order_id": "e144a9a7-6353-411b-8d35-f483bb439107", "message": "New order created", "meta": null}
{"timestamp": "2025-12-30T12:38:21.236091", "level": "INFO", "service": "order_generator", "event": "ORDER_CREATED", "order_id": "1f3e1b87-f904-4389-a588-1eb0f138992f", "message": "New order created", "meta": null}
{"timestamp": "2025-12-30T12:38:21.423184", "level": "INFO", "service": "order_generator", "event": "ORDER_CREATED", "order_id": "69ceef96-8c0c-4ec8-bede-7bee90a1e8bb", "message": "New order created", "meta": null}
{"timestamp": "2025-12-30T12:38:21.449545", "level": "INFO", "service": "order_generator", "event": "ORDER_CREATED", "order_id": "e349f28c-3944-4b92-bc7b-28922083987b", "message": "New order created", "meta": null}
{"timestamp": "2025-12-30T12:38:21.475654", "level": "INFO", "service": "order_generator", "event": "ORDER_CREATED", "order_id": "ff52744d-4f8b-4ed9-b3c2-edd81ac898d9", "message": "New order created", "meta": null}
{"timestamp": "2025-12-30T12:38:21.499561", "level": "INFO", "service": "order_generator", "event": "ORDER_CREATED", "order_id": "6bd80ecb-7b6b-479c-b6e6-b15eddfd9fe0", "message": "New order created", "meta": null}
{"timestamp": "2025-12-30T12:38:21.526372", "level": "INFO", "service": "order_generator", "event": "ORDER_CREATED", "order_id": "6d664319-5d03-4903-8577-b801761010db", "message": "New order created", "meta": null}
{"timestamp": "2025-12-30T12:38:21.550129", "level": "INFO", "service": "order_generator", "event": "ORDER_CREATED", "order_id": "ba4d56e8-ea30-404a-b307-d343273182c3", "message": "New order created", "meta": null}
{"timestamp": "2025-12-30T12:38:21.583301", "level": "INFO", "service": "order_generator", "event": "ORDER_CREATED", "order_id": "187a541c-0bd9-4785-a2a1-417f5dcc6500", "message": "New order created", "meta": null}
{"timestamp": "2025-12-30T12:38:21.611776", "level": "INFO", "service": "order_generator", "event": "ORDER_CREATED", "order_id": "9dbeb778-e743-4dff-82e2-8e545fa92110", "message": "New order created", "meta": null}
{"timestamp": "2025-12-30T12:38:21.700206", "level": "INFO", "service": "order_generator", "event": "ORDER_CREATED", "order_id": "a75bc1f6-a7fc-4dcc-b847-738a75b5d2bd", "message": "New order created", "meta": null}
{"timestamp": "2025-12-30T12:38:21.718205", "level": "INFO", "service": "order_generator", "event": "ORDER_CREATED", "order_id": "b7e66628-3a61-432b-8c5d-bac0778f0b78", "message": "New order created", "meta": null}
{"timestamp": "2025-12-30T12:38:21.765906", "level": "INFO", "service": "order_generator", "event": "ORDER_CREATED", "order_id": "ffce7782-a4f7-44bb-9894-2aa4803fea61", "message": "New order created", "meta": null}
{"timestamp": "2025-12-30T12:38:21.782664", "level": "INFO", "service": "order_generator", "event": "ORDER_CREATED", "order_id": "3be90061-ca3c-44be-9adb-0cd15ae35e61", "message": "New order created", "meta": null}
{"timestamp": "2025-12-30T12:38:21.855376", "level": "INFO", "service": "order_generator", "event": "ORDER_CREATED", "order_id": "145d0688-b2a1-49cd-aeed-da220dcd246d", "message": "New order created", "meta": null}
{"timestamp": "2025-12-30T12:38:21.912914", "level": "INFO", "service": "order_generator", "event": "ORDER_CREATED", "order_id": "6858a20c-7c0f-42b1-926f-c918c142a1b8", "message": "New order created", "meta": null}
{"timestamp": "2025-12-30T12:38:21.930890", "level": "INFO", "service": "order_generator", "event": "ORDER_CREATED", "order_id": "56449889-5305-4b4a-84d2-04b4b5b1ad68", "message": "New order created", "meta": null}
{"timestamp": "2025-12-30T12:38:21.948394", "level": "INFO", "service": "order_generator", "event": "ORDER_CREATED", "order_id": "19e8532a-5251-4c18-ada6-f3b5125093f9", "message": "New order created", "meta": null}
{"timestamp": "2025-12-30T12:38:21.981564", "level": "INFO", "service": "order_generator", "event": "ORDER_CREATED", "order_id": "6d7e3ad2-a2f7-4f4f-9cf7-65977af42c3a", "message": "New order created", "meta": null}
{"timestamp": "2025-12-30T12:38:22.028642", "level": "INFO", "service": "order_generator", "event": "ORDER_CREATED", "order_id": "b848b404-b871-4310-88a4-ab53c301a4d1", "message": "New order created", "meta": null}
{"timestamp": "2025-12-30T12:38:22.045227", "level": "INFO", "service": "order_generator", "event": "ORDER_CREATED", "order_id": "3c267c34-e61c-4d21-a700-2b4c02625162", "message": "New order created", "meta": null}
{"timestamp": "2025-12-30T12:38:22.085762", "level": "INFO", "service": "order_generator", "event": "ORDER_CREATED", "order_id": "584e899a-7e19-48da-88e3-06b658ccea78", "message": "New order created", "meta": null}
{"timestamp": "2025-12-30T12:38:22.135451", "level": "INFO", "service": "order_generator", "event": "ORDER_CREATED", "order_id": "de51c70d-be5e-4481-bfe7-f3baefb3f43a", "message": "New order created", "meta": null}
{"timestamp": "2025-12-30T12:38:22.160652", "level": "INFO", "service": "order_generator", "event": "ORDER_CREATED", "order_id": "9c7f695e-1717-4ceb-a7ab-02f1d48b6e63", "message": "New order created", "meta": null}
{"timestamp": "2025-12-30T12:38:22.183518", "level": "INFO", "service": "order_generator", "event": "ORDER_CREATED", "order_id": "b937082f-7870-406d-951e-b40a77bf9c73", "message": "New order created", "meta": null}
{"timestamp": "2025-12-30T12:38:22.201127", "level": "INFO", "service": "order_generator", "event": "ORDER_CREATED", "order_id": "0ac28bb7-3f0d-4ad2-8bce-e41389c8c019", "message": "New order created", "meta": null}
{"timestamp": "2025-12-30T12:38:22.223562", "level": "INFO", "service": "order_generator", "event": "ORDER_CREATED", "order_id": "10cdefa3-b797-4475-8461-c61d66dd2cc4", "message": "New order created", "meta": null}
{"timestamp": "2025-12-30T12:38:22.249450", "level": "INFO", "service": "order_generator", "event": "ORDER_CREATED", "order_id": "d5435f4d-78b4-4750-b1cb-bbef1f521453", "message": "New order created", "meta": null}
{"timestamp": "2025-12-30T12:38:22.281268", "level": "INFO", "service": "order_generator", "event": "ORDER_CREATED", "order_id": "dffcc902-28da-4acf-9a44-a846361a965f", "message": "New order created", "meta": null}
{"timestamp": "2025-12-30T12:38:22.310475", "level": "INFO", "service": "order_generator", "event": "ORDER_CREATED", "order_id": "062fdabf-57d6-4d18-a552-6d1c0452206b", "message": "New order created", "meta": null}
{"timestamp": "2025-12-30T12:38:22.383119", "level": "INFO", "service": "order_generator", "event": "ORDER_CREATED", "order_id": "77eee9ba-ee04-430c-9130-11f009483b34", "message": "New order created", "meta": null}
{"timestamp": "2025-12-30T12:38:22.405831", "level": "INFO", "service": "order_generator", "event": "ORDER_CREATED", "order_id": "2ce09a96-0be2-442f-aee5-7e1e02d5b309", "message": "New order created", "meta": null}
{"timestamp": "2025-12-30T12:38:22.446490", "level": "INFO", "service": "order_generator", "event": "ORDER_CREATED", "order_id": "f7dc9663-2138-4043-b51a-392f2e8c7a64", "message": "New order created", "meta": null}
{"timestamp": "2025-12-30T12:38:22.469312", "level": "INFO", "service": "order_generator", "event": "ORDER_CREATED", "order_id": "efb692a3-ee60-4c32-82d4-38d9fae62ae4", "message": "New order created", "meta": null}
{"timestamp": "2025-12-30T12:38:22.489309", "level": "INFO", "service": "order_generator", "event": "ORDER_CREATED", "order_id": "da530eec-bdce-48cf-b3ab-082ffb785283", "message": "New order created", "meta": null}
{"timestamp": "2025-12-30T12:38:22.519894", "level": "INFO", "service": "order_generator", "event": "ORDER_CREATED", "order_id": "98e59891-4d30-4449-8faf-6b9fc7e0cb29", "message": "New order created", "meta": null}
{"timestamp": "2025-12-30T12:38:22.566847", "level": "INFO", "service": "order_generator", "event": "ORDER_CREATED", "order_id": "af0c41d2-880c-46e4-969e-18042c918366", "message": "New order created", "meta": null}
{"timestamp": "2025-12-30T12:38:22.603739", "level": "INFO", "service": "order_generator", "event": "ORDER_CREATED", "order_id": "6338576e-2564-4b64-868d-84bd1af9c57b", "message": "New order created", "meta": null}
{"timestamp": "2025-12-30T12:38:22.629882", "level": "INFO", "service": "order_generator", "event": "ORDER_CREATED", "order_id": "16164924-69e0-4025-9db5-498033da87d9", "message": "New order created", "meta": null}
{"timestamp": "2025-12-30T12:38:22.655265", "level": "INFO", "service": "order_generator", "event": "ORDER_CREATED", "order_id": "3fa59781-ea65-4b4a-bfbe-fdffd93a5266", "message": "New order created", "meta": null}
{"timestamp": "2025-12-30T12:38:22.681673", "level": "INFO", "service": "order_generator", "event": "ORDER_CREATED", "order_id": "5f81b643-3973-41ea-aa8f-d825654838ea", "message": "New order created", "meta": null}
{"timestamp": "2025-12-30T12:38:22.706378", "level": "INFO", "service": "order_generator", "event": "ORDER_CREATED", "order_id": "8efd1454-ad7c-4c1d-9183-65949a086baa", "message": "New order created", "meta": null}
{"timestamp": "2025-12-30T12:38:22.756057", "level": "INFO", "service": "order_generator", "event": "ORDER_CREATED", "order_id": "c4cac4fd-950d-416a-8dff-52647bb1cef7", "message": "New order created", "meta": null}
{"timestamp": "2025-12-30T12:38:22.793538", "level": "INFO", "service": "order_generator", "event": "ORDER_CREATED", "order_id": "3f6bb359-bead-420d-851a-996ebd9ee25b", "message": "New order created", "meta": null}
{"timestamp": "2025-12-30T12:38:22.832927", "level": "INFO", "service": "order_generator", "event": "ORDER_CREATED", "order_id": "2a31bd50-7c78-4385-8d38-b1f893e197f9", "message": "New order created", "meta": null}
{"timestamp": "2025-12-30T12:38:22.892052", "level": "INFO", "service": "order_generator", "event": "ORDER_CREATED", "order_id": "ef0d4d62-7fa5-43b0-90d3-278a9771554c", "message": "New order created", "meta": null}
{"timestamp": "2025-12-30T12:38:22.910057", "level": "INFO", "service": "order_generator", "event": "ORDER_CREATED", "order_id": "18e97f87-3a7a-48ed-8a81-4f9aa1716982", "message": "New order created", "meta": null}
{"timestamp": "2025-12-30T12:38:22.932011", "level": "INFO", "service": "order_generator", "event": "ORDER_CREATED", "order_id": "ad07d2c6-8261-426e-b7c2-c0e17a6594ab", "message": "New order created", "meta": null}
{"timestamp": "2025-12-30T12:38:22.955217", "level": "INFO", "service": "order_generator", "event": "ORDER_CREATED", "order_id": "78e02761-02d9-461a-a82e-4b657b9fdcf1", "message": "New order created", "meta": null}
{"timestamp": "2025-12-30T12:38:22.977913", "level": "INFO", "service": "order_generator", "event": "ORDER_CREATED", "order_id": "dae1eb41-8b0a-4cc5-b64f-17ff5ce67e86", "message": "New order created", "meta": null}
{"timestamp": "2025-12-30T12:38:23.002069", "level": "INFO", "service": "order_generator", "event": "ORDER_CREATED", "order_id": "fb870fee-3222-4120-8707-9920ee2cde5c", "message": "New order created", "meta": null}
{"timestamp": "2025-12-30T12:38:23.024151", "level": "INFO", "service": "order_generator", "event": "ORDER_CREATED", "order_id": "34b069c1-72c2-4f6f-b726-65dd774af219", "message": "New order created", "meta": null}
{"timestamp": "2025-12-30T12:38:23.048823", "level": "INFO", "service": "order_generator", "event": "ORDER_CREATED", "order_id": "6f5691fb-23b3-47ca-bab5-d941a88b8916", "message": "New order created", "meta": null}
{"timestamp": "2025-12-30T12:38:23.075469", "level": "INFO", "service": "order_generator", "event": "ORDER_CREATED", "order_id": "1423f2af-052e-4c7e-b7c4-cf4386c39757", "message": "New order created", "meta": null}
{"timestamp": "2025-12-30T12:38:23.102262", "level": "INFO", "service": "order_generator", "event": "ORDER_CREATED", "order_id": "0cc1c843-b1a4-4726-b71e-205af75117c4", "message": "New order created", "meta": null}
{"timestamp": "2025-12-30T12:38:23.125999", "level": "INFO", "service": "order_generator", "event": "ORDER_CREATED", "order_id": "84fe6fbd-e03f-4cfb-a6f4-43c05c55ca60", "message": "New order created", "meta": null}
{"timestamp": "2025-12-30T12:38:23.149419", "level": "INFO", "service": "order_generator", "event": "ORDER_CREATED", "order_id": "90610779-1c13-48a3-9dfb-cedd369d37c4", "message": "New order created", "meta": null}
{"timestamp": "2025-12-30T12:38:23.174613", "level": "INFO", "service": "order_generator", "event": "ORDER_CREATED", "order_id": "ba420fab-5476-480e-b37c-6e7dc4aa124c", "message": "New order created", "meta": null}
{"timestamp": "2025-12-30T12:38:23.201362", "level": "INFO", "service": "order_generator", "event": "ORDER_CREATED", "order_id": "2322a660-38e4-4417-bdf1-569659cbfb6b", "message": "New order created", "meta": null}
{"timestamp": "2025-12-30T12:38:23.226789", "level": "INFO", "service": "order_generator", "event": "ORDER_CREATED", "order_id": "1c66696a-0404-420a-9fbd-0889d65babe1", "message": "New order created", "meta": null}
{"timestamp": "2025-12-30T12:38:23.253847", "level": "INFO", "service": "order_generator", "event": "ORDER_CREATED", "order_id": "8e2158f9-ef7a-4074-a3f0-71cf3a63baba", "message": "New order created", "meta": null}
{"timestamp": "2025-12-30T12:38:23.280526", "level": "INFO", "service": "order_generator", "event": "ORDER_CREATED", "order_id": "9a86c4b8-968e-41e7-a10e-32d7abd2f120", "message": "New order created", "meta": null}
{"timestamp": "2025-12-30T12:38:23.306627", "level": "INFO", "service": "order_generator", "event": "ORDER_CREATED", "order_id": "a8ec3d41-a3f7-4c31-8a1b-dbb45df263bd", "message": "New order created", "meta": null}
{"timestamp": "2025-12-30T12:38:23.330933", "level": "INFO", "service": "order_generator", "event": "ORDER_CREATED", "order_id": "06826b3c-7796-4169-a1db-085962f9d76b", "message": "New order created", "meta": null}
{"timestamp": "2025-12-30T12:38:23.363746", "level": "INFO", "service": "order_generator", "event": "ORDER_CREATED", "order_id": "f75a98db-fe4f-49c2-9eca-e99f853b8b20", "message": "New order created", "meta": null}
{"timestamp": "2025-12-30T12:38:23.387873", "level": "INFO", "service": "order_generator", "event": "ORDER_CREATED", "order_id": "396fd3bc-b584-44d5-808b-dba5ae318e0d", "message": "New order created", "meta": null}
{"timestamp": "2025-12-30T12:38:23.412896", "level": "INFO", "service": "order_generator", "event": "ORDER_CREATED", "order_id": "3003011a-8b7f-4112-aacc-073aff554fbe", "message": "New order created", "meta": null}
{"timestamp": "2025-12-30T12:38:23.555167", "level": "INFO", "service": "order_generator", "event": "ORDER_CREATED", "order_id": "e67b2b0e-2149-4306-bbea-c7f5954657d6", "message": "New order created", "meta": null}
{"timestamp": "2025-12-30T12:38:23.584509", "level": "INFO", "service": "order_generator", "event": "ORDER_CREATED", "order_id": "fd52659b-a8c3-4ba0-854f-a341a275eef4", "message": "New order created", "meta": null}
{"timestamp": "2025-12-30T12:38:23.638906", "level": "INFO", "service": "order_generator", "event": "ORDER_CREATED", "order_id": "b6b59541-b134-4ff8-a88a-0ea67567083d", "message": "New order created", "meta": null}
{"timestamp": "2025-12-30T12:38:23.665587", "level": "INFO", "service": "order_generator", "event": "ORDER_CREATED", "order_id": "4c2308b2-4300-49df-a708-b27adcce8f96", "message": "New order created", "meta": null}
{"timestamp": "2025-12-30T12:38:23.690820", "level": "INFO", "service": "order_generator", "event": "ORDER_CREATED", "order_id": "a26087dc-ef5f-4862-82d8-f6944270248e", "message": "New order created", "meta": null}
{"timestamp": "2025-12-30T12:38:23.714492", "level": "INFO", "service": "order_generator", "event": "ORDER_CREATED", "order_id": "c5ffde11-5132-45ff-ac52-a403d726c07d", "message": "New order created", "meta": null}
{"timestamp": "2025-12-30T12:38:23.742791", "level": "INFO", "service": "order_generator", "event": "ORDER_CREATED", "order_id": "ee68c58b-4ac7-4f9b-b362-b474cbdae590", "message": "New order created", "meta": null}
{"timestamp": "2025-12-30T12:38:23.769980", "level": "INFO", "service": "order_generator", "event": "ORDER_CREATED", "order_id": "10c9bac0-34ec-429c-8832-6a9ebb2bf186", "message": "New order created", "meta": null}
{"timestamp": "2025-12-30T12:38:23.794883", "level": "INFO", "service": "order_generator", "event": "ORDER_CREATED", "order_id": "b26719c8-e218-4d1d-babe-d74e8830e3da", "message": "New order created", "meta": null}
{"timestamp": "2025-12-30T12:38:23.826212", "level": "INFO", "service": "order_generator", "event": "ORDER_CREATED", "order_id": "912c00c2-664d-4b51-a1c6-5062d1d1d91f", "message": "New order created", "meta": null}
{"timestamp": "2025-12-30T12:38:23.848976", "level": "INFO", "service": "order_generator", "event": "ORDER_CREATED", "order_id": "252d4aa1-dea1-420e-baa4-ad89c09aaa0a", "message": "New order created", "meta": null}
{"timestamp": "2025-12-30T12:38:23.874433", "level": "INFO", "service": "order_generator", "event": "ORDER_CREATED", "order_id": "f3981c9a-2754-440d-8401-d83551d6d5c3", "message": "New order created", "meta": null}
{"timestamp": "2025-12-30T12:38:23.899444", "level": "INFO", "service": "order_generator", "event": "ORDER_CREATED", "order_id": "8ad130cc-3736-49b1-a29e-111f27573e77", "message": "New order created", "meta": null}
{"timestamp": "2025-12-30T12:38:23.926688", "level": "INFO", "service": "order_generator", "event": "ORDER_CREATED", "order_id": "48d32cf3-f4e9-4631-bdf1-fd9a37434eb6", "message": "New order created", "meta": null}
{"timestamp": "2025-12-30T12:38:23.957027", "level": "INFO", "service": "order_generator", "event": "ORDER_CREATED", "order_id": "295fd51d-e08a-4ca8-b905-f02d01e7ba30", "message": "New order created", "meta": null}
{"timestamp": "2025-12-30T12:38:24.103401", "level": "INFO", "service": "order_generator", "event": "ORDER_CREATED", "order_id": "7ec3743e-324b-4399-b1fb-7527f1284426", "message": "New order created", "meta": null}
{"timestamp": "2025-12-30T12:38:24.121209", "level": "INFO", "service": "order_generator", "event": "ORDER_CREATED", "order_id": "178d54da-8d67-4cab-a7f4-0d1dc21f4bdc", "message": "New order created", "meta": null}
{"timestamp": "2025-12-30T12:38:24.214867", "level": "INFO", "service": "order_generator", "event": "ORDER_CREATED", "order_id": "05138510-1590-451d-aa72-fcdd12e20f2a", "message": "New order created", "meta": null}
{"timestamp": "2025-12-30T12:38:24.231588", "level": "INFO", "service": "order_generator", "event": "ORDER_CREATED", "order_id": "323d4c34-53f2-487b-81c4-23b029569675", "message": "New order created", "meta": null}
{"timestamp": "2025-12-30T12:38:24.253173", "level": "INFO", "service": "order_generator", "event": "ORDER_CREATED", "order_id": "04e6edb4-f2d8-4498-96c4-113b4958334e", "message": "New order created", "meta": null}
{"timestamp": "2025-12-30T12:38:24.277821", "level": "INFO", "service": "order_generator", "event": "ORDER_CREATED", "order_id": "664ad5d5-b7f4-4ba7-aca6-af654aa4d082", "message": "New order created", "meta": null}
{"timestamp": "2025-12-30T12:38:24.310960", "level": "INFO", "service": "order_generator", "event": "ORDER_CREATED", "order_id": "54c0276f-1a60-4a7e-baff-937061dca03a", "message": "New order created", "meta": null}
{"timestamp": "2025-12-30T12:38:24.340434", "level": "INFO", "service": "order_generator", "event": "ORDER_CREATED", "order_id": "8bf2c354-d778-4c75-bb84-f06742197ee2", "message": "New order created", "meta": null}
{"timestamp": "2025-12-30T12:38:24.408504", "level": "INFO", "service": "order_generator", "event": "ORDER_CREATED", "order_id": "2821c1f8-1d4b-4220-ba9e-7590784a9b4d", "message": "New order created", "meta": null}
{"timestamp": "2025-12-30T12:38:24.449457", "level": "INFO", "service": "order_generator", "event": "ORDER_CREATED", "order_id": "dc16b099-f70e-439f-91d3-70bb9e77ba40", "message": "New order created", "meta": null}
{"timestamp": "2025-12-30T12:38:24.473243", "level": "INFO", "service": "order_generator", "event": "ORDER_CREATED", "order_id": "e5da4c03-8571-4fe3-944d-743715c0c1f6", "message": "New order created", "meta": null}
{"timestamp": "2025-12-30T12:38:24.497684", "level": "INFO", "service": "order_generator", "event": "ORDER_CREATED", "order_id": "c7d29d3a-fcf6-478a-8beb-4e359aef91f1", "message": "New order created", "meta": null}
{"timestamp": "2025-12-30T12:38:24.579924", "level": "INFO", "service": "order_generator", "event": "ORDER_CREATED", "order_id": "54eddd10-0a90-4ece-9ac4-18b4f3038dd2", "message": "New order created", "meta": null}
{"timestamp": "2025-12-30T12:38:24.604574", "level": "INFO", "service": "order_generator", "event": "ORDER_CREATED", "order_id": "615da32f-909f-4afa-a99e-14c60e2af3d8", "message": "New order created", "meta": null}
{"timestamp": "2025-12-30T12:38:24.631764", "level": "INFO", "service": "order_generator", "event": "ORDER_CREATED", "order_id": "79005e61-1177-4b41-9e2d-2e1d0b41751c", "message": "New order created", "meta": null}
{"timestamp": "2025-12-30T12:38:24.662417", "level": "INFO", "service": "order_generator", "event": "ORDER_CREATED", "order_id": "a2133930-e5e9-47b4-a866-0d058cf11650", "message": "New order created", "meta": null}
{"timestamp": "2025-12-30T12:38:24.681494", "level": "INFO", "service": "order_generator", "event": "ORDER_CREATED", "order_id": "dfe485ba-164e-49a4-98e8-9d4514f19861", "message": "New order created", "meta": null}
{"timestamp": "2025-12-30T12:38:24.714250", "level": "INFO", "service": "order_generator", "event": "ORDER_CREATED", "order_id": "3638c397-eb8e-42ba-b0c6-8db0f560096d", "message": "New order created", "meta": null}
{"timestamp": "2025-12-30T12:38:24.739583", "level": "INFO", "service": "order_generator", "event": "ORDER_CREATED", "order_id": "e901ac66-9afd-4013-85a8-abd9302b5584", "message": "New order created", "meta": null}
{"timestamp": "2025-12-30T12:38:24.762115", "level": "INFO", "service": "order_generator", "event": "ORDER_CREATED", "order_id": "e3dd5c1c-1ba7-4641-8455-2f16f2799b47", "message": "New order created", "meta": null}
{"timestamp": "2025-12-30T12:38:24.786411", "level": "INFO", "service": "order_generator", "event": "ORDER_CREATED", "order_id": "8e8806a3-6d30-45ed-85a0-3b9430a3c582", "message": "New order created", "meta": null}
{"timestamp": "2025-12-30T12:38:24.821278", "level": "INFO", "service": "order_generator", "event": "ORDER_CREATED", "order_id": "c7bf301d-565c-4dad-b993-5eaccd04dfc6", "message": "New order created", "meta": null}
{"timestamp": "2025-12-30T12:38:25.097626", "level": "INFO", "service": "order_generator", "event": "ORDER_CREATED", "order_id": "02b48caa-b6b0-4ab8-bce1-9f8c3d6e9660", "message": "New order created", "meta": null}
{"timestamp": "2025-12-30T12:38:25.123852", "level": "INFO", "service": "order_generator", "event": "ORDER_CREATED", "order_id": "ebf96c90-39d3-4d81-aa2c-d6d70816f385", "message": "New order created", "meta": null}
{"timestamp": "2025-12-30T12:38:25.158685", "level": "INFO", "service": "order_generator", "event": "ORDER_CREATED", "order_id": "a2b72821-e086-439d-8997-e3f0750e67d8", "message": "New order created", "meta": null}
{"timestamp": "2025-12-30T12:38:25.184340", "level": "INFO", "service": "order_generator", "event": "ORDER_CREATED", "order_id": "2db261cc-70bc-4300-850c-d3350c91167a", "message": "New order created", "meta": null}
{"timestamp": "2025-12-30T12:38:25.208936", "level": "INFO", "service": "order_generator", "event": "ORDER_CREATED", "order_id": "3b10d4b2-3fb0-44f7-bb23-b564d5ed5595", "message": "New order created", "meta": null}
{"timestamp": "2025-12-30T12:38:25.236445", "level": "INFO", "service": "order_generator", "event": "ORDER_CREATED", "order_id": "3280cbef-e0ac-4550-813d-ef6426eefb98", "message": "New order created", "meta": null}
{"timestamp": "2025-12-30T12:38:25.261833", "level": "INFO", "service": "order_generator", "event": "ORDER_CREATED", "order_id": "bfa4a0c9-4684-40d0-89ca-b3d54acd4d78", "message": "New order created", "meta": null}
{"timestamp": "2025-12-30T12:38:25.287182", "level": "INFO", "service": "order_generator", "event": "ORDER_CREATED", "order_id": "43adb750-528a-44a3-bdf4-4e2deca77053", "message": "New order created", "meta": null}
{"timestamp": "2025-12-30T12:38:25.315352", "level": "INFO", "service": "order_generator", "event": "ORDER_CREATED", "order_id": "2269d584-6df6-49de-b690-1df964abcaa6", "message": "New order created", "meta": null}
{"timestamp": "2025-12-30T12:38:25.476480", "level": "INFO", "service": "order_generator", "event": "ORDER_CREATED", "order_id": "f14803c1-2238-4ff5-90e7-ee7d821eb36a", "message": "New order created", "meta": null}
{"timestamp": "2025-12-30T12:38:25.552806", "level": "INFO", "service": "order_generator", "event": "ORDER_CREATED", "order_id": "3a85cbf8-9a69-427f-a958-62dec7e13797", "message": "New order created", "meta": null}
{"timestamp": "2025-12-30T12:38:25.622894", "level": "INFO", "service": "order_generator", "event": "ORDER_CREATED", "order_id": "491d7b3c-5ccd-4a9e-b3a4-6a324e77ed90", "message": "New order created", "meta": null}
{"timestamp": "2025-12-30T12:38:25.733717", "level": "INFO", "service": "order_generator", "event": "ORDER_CREATED", "order_id": "8fe3e7ad-94e5-4cde-bfde-80bfed17e230", "message": "New order created", "meta": null}
{"timestamp": "2025-12-30T12:38:25.760704", "level": "INFO", "service": "order_generator", "event": "ORDER_CREATED", "order_id": "9c9fee13-3b12-49f9-aa78-a98058d480ca", "message": "New order created", "meta": null}
{"timestamp": "2025-12-30T12:38:25.787415", "level": "INFO", "service": "order_generator", "event": "ORDER_CREATED", "order_id": "e8c34c5a-f1b6-4ef8-b03c-b1986593e5b0", "message": "New order created", "meta": null}
{"timestamp": "2025-12-30T12:38:25.811207", "level": "INFO", "service": "order_generator", "event": "ORDER_CREATED", "order_id": "a7bedf0e-7879-4039-98a9-bc2e8cffeacc", "message": "New order created", "meta": null}
{"timestamp": "2025-12-30T12:38:25.834140", "level": "INFO", "service": "order_generator", "event": "ORDER_CREATED", "order_id": "e9a811a1-a169-4853-a0b1-b36a2c7f1146", "message": "New order created", "meta": null}
{"timestamp": "2025-12-30T12:38:25.860813", "level": "INFO", "service": "order_generator", "event": "ORDER_CREATED", "order_id": "7ec5906e-00e1-4d64-8ffd-1a8f1462829b", "message": "New order created", "meta": null}
{"timestamp": "2025-12-30T12:38:25.896559", "level": "INFO", "service": "order_generator", "event": "ORDER_CREATED", "order_id": "b0a92c49-3933-4329-bfc0-d54fbd0b113b", "message": "New order created", "meta": null}
{"timestamp": "2025-12-30T12:38:25.920874", "level": "INFO", "service": "order_generator", "event": "ORDER_CREATED", "order_id": "4ed4934a-ba12-498d-8505-2bc737dd3e32", "message": "New order created", "meta": null}
{"timestamp": "2025-12-30T12:38:25.942858", "level": "INFO", "service": "order_generator", "event": "ORDER_CREATED", "order_id": "7e4aaf7f-2650-4081-bc06-b7ca305135ab", "message": "New order created", "meta": null}
{"timestamp": "2025-12-30T12:38:25.965979", "level": "INFO", "service": "order_generator", "event": "ORDER_CREATED", "order_id": "e532f013-ccca-4f2c-8f7a-f8eba3af46a8", "message": "New order created", "meta": null}
{"timestamp": "2025-12-30T12:38:25.988475", "level": "INFO", "service": "order_generator", "event": "ORDER_CREATED", "order_id": "6be02808-d807-441c-9b1d-920a81566ae3", "message": "New order created", "meta": null}
{"timestamp": "2025-12-30T12:38:26.014249", "level": "INFO", "service": "order_generator", "event": "ORDER_CREATED", "order_id": "828d5ad3-7297-4ecf-b66f-3f0b7798606e", "message": "New order created", "meta": null}
{"timestamp": "2025-12-30T12:38:26.042304", "level": "INFO", "service": "order_generator", "event": "ORDER_CREATED", "order_id": "1dd8e121-c2a6-4472-b039-99b64405fe92", "message": "New order created", "meta": null}
{"timestamp": "2025-12-30T12:38:26.065594", "level": "INFO", "service": "order_generator", "event": "ORDER_CREATED", "order_id": "b5b6ba0a-c61d-481c-97f7-3ef2d6b9f50c", "message": "New order created", "meta": null}
{"timestamp": "2025-12-30T12:38:26.092111", "level": "INFO", "service": "order_generator", "event": "ORDER_CREATED", "order_id": "581229cb-29ed-4a10-897a-1b97b71e7767", "message": "New order created", "meta": null}
{"timestamp": "2025-12-30T12:38:26.118843", "level": "INFO", "service": "order_generator", "event": "ORDER_CREATED", "order_id": "818ffd3b-bf52-4ad3-8a18-9b8d13a9e194", "message": "New order created", "meta": null}
{"timestamp": "2025-12-30T12:38:26.140116", "level": "INFO", "service": "order_generator", "event": "ORDER_CREATED", "order_id": "980742f5-f1d4-45bd-ac3f-b8d376ce0784", "message": "New order created", "meta": null}
{"timestamp": "2025-12-30T12:38:26.241979", "level": "INFO", "service": "order_generator", "event": "ORDER_CREATED", "order_id": "141e242d-d538-42b0-9a11-ecb531074522", "message": "New order created", "meta": null}
{"timestamp": "2025-12-30T12:38:26.267818", "level": "INFO", "service": "order_generator", "event": "ORDER_CREATED", "order_id": "9489f38a-50be-4cd6-a6f7-3f64d6fcf64e", "message": "New order created", "meta": null}
{"timestamp": "2025-12-30T12:38:26.293178", "level": "INFO", "service": "order_generator", "event": "ORDER_CREATED", "order_id": "d38b2a41-8760-48f0-a521-fc61c7f82907", "message": "New order created", "meta": null}
{"timestamp": "2025-12-30T12:38:26.329401", "level": "INFO", "service": "order_generator", "event": "ORDER_CREATED", "order_id": "2ae552f8-9171-4cfc-9004-9a5e73851868", "message": "New order created", "meta": null}
{"timestamp": "2025-12-30T12:38:26.516788", "level": "INFO", "service": "order_generator", "event": "ORDER_CREATED", "order_id": "68f4f54f-00a2-4485-960c-30491990d729", "message": "New order created", "meta": null}
{"timestamp": "2025-12-30T12:38:26.557355", "level": "INFO", "service": "order_generator", "event": "ORDER_CREATED", "order_id": "33975a6e-6dc9-4a6b-a25f-1f12d6037f35", "message": "New order created", "meta": null}
{"timestamp": "2025-12-30T12:38:26.582735", "level": "INFO", "service": "order_generator", "event": "ORDER_CREATED", "order_id": "7767383a-4e73-48af-83e6-cb00ff2a8fa6", "message": "New order created", "meta": null}
{"timestamp": "2025-12-30T12:38:26.604381", "level": "INFO", "service": "order_generator", "event": "ORDER_CREATED", "order_id": "15e6fdc2-10bb-440f-974b-3c337240405d", "message": "New order created", "meta": null}
{"timestamp": "2025-12-30T12:38:26.626800", "level": "INFO", "service": "order_generator", "event": "ORDER_CREATED", "order_id": "d0276a63-c6f2-4b30-b89e-c16037681e99", "message": "New order created", "meta": null}
{"timestamp": "2025-12-30T12:38:26.651049", "level": "INFO", "service": "order_generator", "event": "ORDER_CREATED", "order_id": "1f6abd28-961b-41ec-8810-cee56f648607", "message": "New order created", "meta": null}
{"timestamp": "2025-12-30T12:38:26.678324", "level": "INFO", "service": "order_generator", "event": "ORDER_CREATED", "order_id": "721b3735-5039-41d2-bc03-a19cda41d05b", "message": "New order created", "meta": null}
{"timestamp": "2025-12-30T12:38:26.704528", "level": "INFO", "service": "order_generator", "event": "ORDER_CREATED", "order_id": "e45ef340-4158-41d2-958e-870df97f0bf0", "message": "New order created", "meta": null}
{"timestamp": "2025-12-30T12:38:26.728693", "level": "INFO", "service": "order_generator", "event": "ORDER_CREATED", "order_id": "c11bdacb-ff56-4b41-9dd2-be7b81ec3b8d", "message": "New order created", "meta": null}
{"timestamp": "2025-12-30T12:38:26.754656", "level": "INFO", "service": "order_generator", "event": "ORDER_CREATED", "order_id": "c1bf70bf-9183-498f-82bb-08f590e2068e", "message": "New order created", "meta": null}
{"timestamp": "2025-12-30T12:38:26.778961", "level": "INFO", "service": "order_generator", "event": "ORDER_CREATED", "order_id": "3c4b865b-c373-4fdf-b8b6-341be4074c6b", "message": "New order created", "meta": null}
{"timestamp": "2025-12-30T12:38:26.801263", "level": "INFO", "service": "order_generator", "event": "ORDER_CREATED", "order_id": "95163cbc-11ee-45ba-8286-8d716fc0861f", "message": "New order created", "meta": null}
{"timestamp": "2025-12-30T12:38:26.824090", "level": "INFO", "service": "order_generator", "event": "ORDER_CREATED", "order_id": "57a6de93-8673-431d-8b03-dccb35a0c9da", "message": "New order created", "meta": null}
{"timestamp": "2025-12-30T12:38:26.848480", "level": "INFO", "service": "order_generator", "event": "ORDER_CREATED", "order_id": "47ea2649-b29e-47bb-85de-3c5d90f45e1d", "message": "New order created", "meta": null}
{"timestamp": "2025-12-30T12:38:26.872456", "level": "INFO", "service": "order_generator", "event": "ORDER_CREATED", "order_id": "286a7ad8-4fc8-48c0-a7f7-d22dec24f2c9", "message": "New order created", "meta": null}
{"timestamp": "2025-12-30T12:38:26.896196", "level": "INFO", "service": "order_generator", "event": "ORDER_CREATED", "order_id": "03970bd4-29f3-4517-b997-c10d85cca7be", "message": "New order created", "meta": null}
{"timestamp": "2025-12-30T12:38:26.917721", "level": "INFO", "service": "order_generator", "event": "ORDER_CREATED", "order_id": "96731aef-20e1-45f3-908e-7263724a1e08", "message": "New order created", "meta": null}
{"timestamp": "2025-12-30T12:38:26.944052", "level": "INFO", "service": "order_generator", "event": "ORDER_CREATED", "order_id": "bc2bfc8f-6d8d-4ddd-b2f2-18c424ef573e", "message": "New order created", "meta": null}
{"timestamp": "2025-12-30T12:38:26.969393", "level": "INFO", "service": "order_generator", "event": "ORDER_CREATED", "order_id": "857bb2f1-9f20-4f6d-85b9-fb2a6724e46e", "message": "New order created", "meta": null}
{"timestamp": "2025-12-30T12:38:26.991856", "level": "INFO", "service": "order_generator", "event": "ORDER_CREATED", "order_id": "e9fb82af-d037-4ead-be10-40fd0d875ba2", "message": "New order created", "meta": null}
{"timestamp": "2025-12-30T12:38:27.015567", "level": "INFO", "service": "order_generator", "event": "ORDER_CREATED", "order_id": "4d7f9e48-b46f-460c-b2f5-6b2740f9ac04", "message": "New order created", "meta": null}
{"timestamp": "2025-12-30T12:38:27.039642", "level": "INFO", "service": "order_generator", "event": "ORDER_CREATED", "order_id": "100cd398-98c3-40cc-b365-748ccf9eac22", "message": "New order created", "meta": null}
{"timestamp": "2025-12-30T12:38:27.063707", "level": "INFO", "service": "order_generator", "event": "ORDER_CREATED", "order_id": "065e5b31-bca0-44c9-bc15-7b15544d795a", "message": "New order created", "meta": null}
{"timestamp": "2025-12-30T12:38:27.087637", "level": "INFO", "service": "order_generator", "event": "ORDER_CREATED", "order_id": "e53df90a-e146-4163-9dbb-5e8dbe2dd234", "message": "New order created", "meta": null}
{"timestamp": "2025-12-30T12:38:27.109049", "level": "INFO", "service": "order_generator", "event": "ORDER_CREATED", "order_id": "d62b2ea1-e58c-4de6-af33-012977290834", "message": "New order created", "meta": null}
{"timestamp": "2025-12-30T12:38:27.129887", "level": "INFO", "service": "order_generator", "event": "ORDER_CREATED", "order_id": "b0ca7b0a-05bf-45d6-bcae-61ea77af7b6d", "message": "New order created", "meta": null}
{"timestamp": "2025-12-30T12:38:27.152559", "level": "INFO", "service": "order_generator", "event": "ORDER_CREATED", "order_id": "a1ea00cb-ad59-4fdb-85ab-e84a88cf7dfb", "message": "New order created", "meta": null}
{"timestamp": "2025-12-30T12:38:27.179108", "level": "INFO", "service": "order_generator", "event": "ORDER_CREATED", "order_id": "c713d36d-bf29-454e-8a2f-2e6bfbb30dbc", "message": "New order created", "meta": null}
{"timestamp": "2025-12-30T12:38:27.202696", "level": "INFO", "service": "order_generator", "event": "ORDER_CREATED", "order_id": "b8685810-84cd-4b79-b32d-849711a83b6d", "message": "New order created", "meta": null}
{"timestamp": "2025-12-30T12:38:27.224543", "level": "INFO", "service": "order_generator", "event": "ORDER_CREATED", "order_id": "282d3e33-0422-4b6b-b065-4edd46bb990b", "message": "New order created", "meta": null}
{"timestamp": "2025-12-30T12:38:27.247543", "level": "INFO", "service": "order_generator", "event": "ORDER_CREATED", "order_id": "6f335275-4fd1-45c3-8638-ced3478254c0", "message": "New order created", "meta": null}
{"timestamp": "2025-12-30T12:38:27.269463", "level": "INFO", "service": "order_generator", "event": "ORDER_CREATED", "order_id": "fbd25096-62a7-42eb-9585-94a07f8142b6", "message": "New order created", "meta": null}
{"timestamp": "2025-12-30T12:38:27.294242", "level": "INFO", "service": "order_generator", "event": "ORDER_CREATED", "order_id": "173a8dec-5d13-40d2-b470-133e73607981", "message": "New order created", "meta": null}
{"timestamp": "2025-12-30T12:38:27.320543", "level": "INFO", "service": "order_generator", "event": "ORDER_CREATED", "order_id": "c47f760c-5663-4155-bdd3-54e88e71c435", "message": "New order created", "meta": null}
{"timestamp": "2025-12-30T12:38:27.347650", "level": "INFO", "service": "order_generator", "event": "ORDER_CREATED", "order_id": "fe1d5970-7e34-4d43-95b1-9e4476262b73", "message": "New order created", "meta": null}
{"timestamp": "2025-12-30T12:38:27.368603", "level": "INFO", "service": "order_generator", "event": "ORDER_CREATED", "order_id": "66817954-fee5-454d-b09c-0b11cd07acf3", "message": "New order created", "meta": null}
{"timestamp": "2025-12-30T12:38:27.396826", "level": "INFO", "service": "order_generator", "event": "ORDER_CREATED", "order_id": "34b5c958-6c3a-4d06-b210-d9a474cb249d", "message": "New order created", "meta": null}
{"timestamp": "2025-12-30T12:38:27.417644", "level": "INFO", "service": "order_generator", "event": "ORDER_CREATED", "order_id": "d8243a58-40db-4012-907e-8dbf3085abcd", "message": "New order created", "meta": null}
{"timestamp": "2025-12-30T12:38:27.439557", "level": "INFO", "service": "order_generator", "event": "ORDER_CREATED", "order_id": "881db129-141a-4484-bd4d-3883e26b3d33", "message": "New order created", "meta": null}
{"timestamp": "2025-12-30T12:38:27.461401", "level": "INFO", "service": "order_generator", "event": "ORDER_CREATED", "order_id": "39d6248b-ba70-4792-a7e8-ae3bd9e1b8f3", "message": "New order created", "meta": null}
{"timestamp": "2025-12-30T12:38:27.487256", "level": "INFO", "service": "order_generator", "event": "ORDER_CREATED", "order_id": "e7ecd954-4745-4534-9542-0a551eea18fc", "message": "New order created", "meta": null}
{"timestamp": "2025-12-30T12:38:27.510567", "level": "INFO", "service": "order_generator", "event": "ORDER_CREATED", "order_id": "c1bc2956-85b4-4e00-9acd-c6c2259ce5f1", "message": "New order created", "meta": null}
{"timestamp": "2025-12-30T12:38:27.538331", "level": "INFO", "service": "order_generator", "event": "ORDER_CREATED", "order_id": "8c703dab-be93-403a-b08d-84b0011bfde3", "message": "New order created", "meta": null}
{"timestamp": "2025-12-30T12:38:27.561720", "level": "INFO", "service": "order_generator", "event": "ORDER_CREATED", "order_id": "a94bfb78-17e4-4f44-a336-8cbd3d307512", "message": "New order created", "meta": null}
{"timestamp": "2025-12-30T12:38:27.585951", "level": "INFO", "service": "order_generator", "event": "ORDER_CREATED", "order_id": "21ef3628-6bbd-476d-b6bc-ec6c99faee12", "message": "New order created", "meta": null}
{"timestamp": "2025-12-30T12:38:27.617275", "level": "INFO", "service": "order_generator", "event": "ORDER_CREATED", "order_id": "9d59d1db-1534-4cbc-af48-2bd72d270f64", "message": "New order created", "meta": null}
{"timestamp": "2025-12-30T12:38:27.638071", "level": "INFO", "service": "order_generator", "event": "ORDER_CREATED", "order_id": "eb0c25d4-5ae2-409c-9294-6ab8723dd93d", "message": "New order created", "meta": null}
{"timestamp": "2025-12-30T12:38:27.662154", "level": "INFO", "service": "order_generator", "event": "ORDER_CREATED", "order_id": "147508da-e350-400e-8dc8-671d73c8b2cd", "message": "New order created", "meta": null}
{"timestamp": "2025-12-30T12:38:27.687923", "level": "INFO", "service": "order_generator", "event": "ORDER_CREATED", "order_id": "ab33e8a0-3fe1-4487-9477-ea1148c6b173", "message": "New order created", "meta": null}
{"timestamp": "2025-12-30T12:38:27.710194", "level": "INFO", "service": "order_generator", "event": "ORDER_CREATED", "order_id": "7416195b-80ee-46dd-af07-ee971f73733c", "message": "New order created", "meta": null}
{"timestamp": "2025-12-30T12:38:27.735610", "level": "INFO", "service": "order_generator", "event": "ORDER_CREATED", "order_id": "14ba6a3d-6165-406b-b1ab-b8e477285437", "message": "New order created", "meta": null}
{"timestamp": "2025-12-30T12:38:27.759667", "level": "INFO", "service": "order_generator", "event": "ORDER_CREATED", "order_id": "c172bad7-aedc-426a-b47a-a7e0cd090366", "message": "New order created", "meta": null}
{"timestamp": "2025-12-30T12:38:27.780914", "level": "INFO", "service": "order_generator", "event": "ORDER_CREATED", "order_id": "6c73cd7d-f24d-47e3-9be7-dcb9f7a9d9d4", "message": "New order created", "meta": null}
{"timestamp": "2025-12-30T12:38:27.802116", "level": "INFO", "service": "order_generator", "event": "ORDER_CREATED", "order_id": "f56950b8-d663-4e3f-8e00-5e01db2f6c17", "message": "New order created", "meta": null}
{"timestamp": "2025-12-30T12:38:27.822984", "level": "INFO", "service": "order_generator", "event": "ORDER_CREATED", "order_id": "c4e06e23-38bc-49da-b365-e0318eb4f6e1", "message": "New order created", "meta": null}
{"timestamp": "2025-12-30T12:38:27.905631", "level": "INFO", "service": "order_generator", "event": "ORDER_CREATED", "order_id": "1a23897d-1f61-4eac-a24f-499692188427", "message": "New order created", "meta": null}
{"timestamp": "2025-12-30T12:38:27.973494", "level": "INFO", "service": "order_generator", "event": "ORDER_CREATED", "order_id": "491b3895-380f-4c60-9384-bdb9e20a1ffe", "message": "New order created", "meta": null}
{"timestamp": "2025-12-30T12:38:28.006805", "level": "INFO", "service": "order_generator", "event": "ORDER_CREATED", "order_id": "6ab74f1d-aa82-4490-bfde-768fa33b314b", "message": "New order created", "meta": null}
{"timestamp": "2025-12-30T12:38:28.043326", "level": "INFO", "service": "order_generator", "event": "ORDER_CREATED", "order_id": "93c3f217-4a00-49af-8f3e-5fcafb929b7a", "message": "New order created", "meta": null}
{"timestamp": "2025-12-30T12:38:28.077719", "level": "INFO", "service": "order_generator", "event": "ORDER_CREATED", "order_id": "f2d68938-2cc6-40d4-a1f1-1632492735f7", "message": "New order created", "meta": null}
{"timestamp": "2025-12-30T12:38:28.098388", "level": "INFO", "service": "order_generator", "event": "ORDER_CREATED", "order_id": "aacd909b-a4c7-43a5-b5a2-4e9a5f02b9ee", "message": "New order created", "meta": null}
{"timestamp": "2025-12-30T12:38:28.120368", "level": "INFO", "service": "order_generator", "event": "ORDER_CREATED", "order_id": "0ded6d49-a10b-4ae9-bcb0-e53471beee63", "message": "New order created", "meta": null}
{"timestamp": "2025-12-30T12:38:28.143001", "level": "INFO", "service": "order_generator", "event": "ORDER_CREATED", "order_id": "bf1daad5-fed1-4fde-aa7e-728e44b16011", "message": "New order created", "meta": null}
{"timestamp": "2025-12-30T12:38:28.167142", "level": "INFO", "service": "order_generator", "event": "ORDER_CREATED", "order_id": "8aa8f4cf-593c-4b0c-8e3b-b85671853767", "message": "New order created", "meta": null}
{"timestamp": "2025-12-30T12:38:28.188750", "level": "INFO", "service": "order_generator", "event": "ORDER_CREATED", "order_id": "9e414c2d-4e70-4e61-9c30-1f97ad8555f3", "message": "New order created", "meta": null}
{"timestamp": "2025-12-30T12:38:28.227413", "level": "INFO", "service": "order_generator", "event": "ORDER_CREATED", "order_id": "649f4620-018a-4100-96e8-7714fa83756b", "message": "New order created", "meta": null}
{"timestamp": "2025-12-30T12:38:28.258589", "level": "INFO", "service": "order_generator", "event": "ORDER_CREATED", "order_id": "85490041-3714-41a1-b418-b994c6ecfad2", "message": "New order created", "meta": null}
{"timestamp": "2025-12-30T12:38:28.281151", "level": "INFO", "service": "order_generator", "event": "ORDER_CREATED", "order_id": "875b429c-6fe2-4fe6-b0a0-1e3df62f36d2", "message": "New order created", "meta": null}
{"timestamp": "2025-12-30T12:38:28.307434", "level": "INFO", "service": "order_generator", "event": "ORDER_CREATED", "order_id": "7f89518d-c5e3-4730-aaf8-6977736fc814", "message": "New order created", "meta": null}
{"timestamp": "2025-12-30T12:38:28.333823", "level": "INFO", "service": "order_generator", "event": "ORDER_CREATED", "order_id": "defe85b9-4662-4faf-a01e-cacce95050a7", "message": "New order created", "meta": null}
{"timestamp": "2025-12-30T12:38:28.357388", "level": "INFO", "service": "order_generator", "event": "ORDER_CREATED", "order_id": "a754343b-9715-4a98-90b9-0885eab3ee8a", "message": "New order created", "meta": null}
{"timestamp": "2025-12-30T12:38:28.385967", "level": "INFO", "service": "order_generator", "event": "ORDER_CREATED", "order_id": "f6ad8400-d205-4891-aa9e-a5f5f803ff52", "message": "New order created", "meta": null}
{"timestamp": "2025-12-30T12:38:28.408615", "level": "INFO", "service": "order_generator", "event": "ORDER_CREATED", "order_id": "1c110210-9a26-46f2-846e-e014460ca6be", "message": "New order created", "meta": null}
{"timestamp": "2025-12-30T12:38:28.434569", "level": "INFO", "service": "order_generator", "event": "ORDER_CREATED", "order_id": "d03fbbb7-1fff-495a-97d8-8c406e363388", "message": "New order created", "meta": null}
{"timestamp": "2025-12-30T12:38:28.460408", "level": "INFO", "service": "order_generator", "event": "ORDER_CREATED", "order_id": "81c39570-7f6e-45b7-88c4-b4f9ec3a71dc", "message": "New order created", "meta": null}
{"timestamp": "2025-12-30T12:38:28.507006", "level": "INFO", "service": "order_generator", "event": "ORDER_CREATED", "order_id": "1e5db40f-f820-4881-b9f9-42a6ba9c8f3a", "message": "New order created", "meta": null}
{"timestamp": "2025-12-30T12:38:28.566585", "level": "INFO", "service": "order_generator", "event": "ORDER_CREATED", "order_id": "43d1fc63-d8eb-42ff-9fd3-2dd79e81ecaf", "message": "New order created", "meta": null}
{"timestamp": "2025-12-30T12:38:28.591452", "level": "INFO", "service": "order_generator", "event": "ORDER_CREATED", "order_id": "1ac8e9c2-f480-4788-8a3a-29032d40467f", "message": "New order created", "meta": null}
{"timestamp": "2025-12-30T12:38:28.615995", "level": "INFO", "service": "order_generator", "event": "ORDER_CREATED", "order_id": "862aad6c-eae0-4728-bf60-d7caac57f3b4", "message": "New order created", "meta": null}
{"timestamp": "2025-12-30T12:38:28.639151", "level": "INFO", "service": "order_generator", "event": "ORDER_CREATED", "order_id": "0a1e17cb-1d8a-41a7-9e2d-b6983e80153b", "message": "New order created", "meta": null}
{"timestamp": "2025-12-30T12:38:28.661331", "level": "INFO", "service": "order_generator", "event": "ORDER_CREATED", "order_id": "6bd1df1a-f570-411b-b538-6f5a66f22a71", "message": "New order created", "meta": null}
{"timestamp": "2025-12-30T12:38:28.683068", "level": "INFO", "service": "order_generator", "event": "ORDER_CREATED", "order_id": "93a288bf-564e-4646-90b0-bd6621cd6ca1", "message": "New order created", "meta": null}
{"timestamp": "2025-12-30T12:38:28.705998", "level": "INFO", "service": "order_generator", "event": "ORDER_CREATED", "order_id": "26f995ed-ff14-4888-9bb1-a0712098f8d3", "message": "New order created", "meta": null}
{"timestamp": "2025-12-30T12:38:28.734084", "level": "INFO", "service": "order_generator", "event": "ORDER_CREATED", "order_id": "c72f4fb6-9fa3-4889-bf79-289706655e0d", "message": "New order created", "meta": null}
{"timestamp": "2025-12-30T12:38:28.756619", "level": "INFO", "service": "order_generator", "event": "ORDER_CREATED", "order_id": "dff30a96-2c96-45d5-9790-706118b33203", "message": "New order created", "meta": null}
{"timestamp": "2025-12-30T12:38:28.779240", "level": "INFO", "service": "order_generator", "event": "ORDER_CREATED", "order_id": "af5dffa2-41b8-494b-8c06-164f788de238", "message": "New order created", "meta": null}
{"timestamp": "2025-12-30T12:38:28.802264", "level": "INFO", "service": "order_generator", "event": "ORDER_CREATED", "order_id": "45c2daf1-7516-4a55-a6b1-d6b8e57558d4", "message": "New order created", "meta": null}
{"timestamp": "2025-12-30T12:38:28.825830", "level": "INFO", "service": "order_generator", "event": "ORDER_CREATED", "order_id": "d2cc04e8-dd02-4826-909b-3d2af9ed7aa5", "message": "New order created", "meta": null}
{"timestamp": "2025-12-30T12:38:28.848466", "level": "INFO", "service": "order_generator", "event": "ORDER_CREATED", "order_id": "bf58dd76-4e9f-4550-ba34-bc13147e16ad", "message": "New order created", "meta": null}
{"timestamp": "2025-12-30T12:38:28.871241", "level": "INFO", "service": "order_generator", "event": "ORDER_CREATED", "order_id": "533536e3-9ef7-433f-ad0f-6fe15f579d19", "message": "New order created", "meta": null}
{"timestamp": "2025-12-30T12:38:28.898352", "level": "INFO", "service": "order_generator", "event": "ORDER_CREATED", "order_id": "5e5af114-af82-4b70-b9f8-6d45d4e6378e", "message": "New order created", "meta": null}
{"timestamp": "2025-12-30T12:38:28.922955", "level": "INFO", "service": "order_generator", "event": "ORDER_CREATED", "order_id": "afffb11a-3d83-4566-8ab7-6321dbfc2fc2", "message": "New order created", "meta": null}
{"timestamp": "2025-12-30T12:38:28.945283", "level": "INFO", "service": "order_generator", "event": "ORDER_CREATED", "order_id": "3574c713-59f9-4810-92a2-8fd0078cb027", "message": "New order created", "meta": null}
{"timestamp": "2025-12-30T12:38:28.969028", "level": "INFO", "service": "order_generator", "event": "ORDER_CREATED", "order_id": "8c7d7488-4124-4048-bb0a-d3eba2162913", "message": "New order created", "meta": null}
{"timestamp": "2025-12-30T12:38:28.992133", "level": "INFO", "service": "order_generator", "event": "ORDER_CREATED", "order_id": "ee884c61-d635-4217-82b3-1def59418aad", "message": "New order created", "meta": null}
{"timestamp": "2025-12-30T12:38:29.016774", "level": "INFO", "service": "order_generator", "event": "ORDER_CREATED", "order_id": "abd4e06c-b3de-44da-b9bb-b1bab13c9e39", "message": "New order created", "meta": null}
{"timestamp": "2025-12-30T12:38:29.040874", "level": "INFO", "service": "order_generator", "event": "ORDER_CREATED", "order_id": "00c12226-2a3e-4af4-ade4-d799ec33b8c8", "message": "New order created", "meta": null}
{"timestamp": "2025-12-30T12:38:29.069303", "level": "INFO", "service": "order_generator", "event": "ORDER_CREATED", "order_id": "fb828432-c768-4ad8-8b73-b78e468b323a", "message": "New order created", "meta": null}
{"timestamp": "2025-12-30T12:38:29.095583", "level": "INFO", "service": "order_generator", "event": "ORDER_CREATED", "order_id": "9f88a732-11e0-412e-b526-9978eaf92c03", "message": "New order created", "meta": null}
{"timestamp": "2025-12-30T12:38:29.118184", "level": "INFO", "service": "order_generator", "event": "ORDER_CREATED", "order_id": "9c6c9071-79d1-4f80-baa0-cbe237d2a0c5", "message": "New order created", "meta": null}
{"timestamp": "2025-12-30T12:38:29.145136", "level": "INFO", "service": "order_generator", "event": "ORDER_CREATED", "order_id": "d3c030d0-93ad-426e-a04d-56e70e5c4503", "message": "New order created", "meta": null}
{"timestamp": "2025-12-30T12:38:29.166356", "level": "INFO", "service": "order_generator", "event": "ORDER_CREATED", "order_id": "f46f3637-282b-4761-96aa-707c5eae2bfb", "message": "New order created", "meta": null}
{"timestamp": "2025-12-30T12:38:29.192188", "level": "INFO", "service": "order_generator", "event": "ORDER_CREATED", "order_id": "cfb919b3-b427-4b78-8658-68f7a125bd42", "message": "New order created", "meta": null}
{"timestamp": "2025-12-30T12:38:29.212910", "level": "INFO", "service": "order_generator", "event": "ORDER_CREATED", "order_id": "39559c92-5fd8-41eb-9ba6-8f4baccc4bf4", "message": "New order created", "meta": null}
{"timestamp": "2025-12-30T12:38:29.235180", "level": "INFO", "service": "order_generator", "event": "ORDER_CREATED", "order_id": "36a9b1fb-bad3-4272-b78d-a0b4d156dc88", "message": "New order created", "meta": null}
{"timestamp": "2025-12-30T12:38:29.262735", "level": "INFO", "service": "order_generator", "event": "ORDER_CREATED", "order_id": "84db7530-bd2d-48c2-9d47-03b0f211d686", "message": "New order created", "meta": null}
{"timestamp": "2025-12-30T12:38:29.290387", "level": "INFO", "service": "order_generator", "event": "ORDER_CREATED", "order_id": "803bbba1-65f2-4fb3-a096-587a92c282a1", "message": "New order created", "meta": null}
{"timestamp": "2025-12-30T12:38:29.319979", "level": "INFO", "service": "order_generator", "event": "ORDER_CREATED", "order_id": "cd18f71d-793c-44a7-9dd2-1d0dea781c37", "message": "New order created", "meta": null}
{"timestamp": "2025-12-30T12:38:29.353067", "level": "INFO", "service": "order_generator", "event": "ORDER_CREATED", "order_id": "53e6fe29-de68-4e11-92bb-bf8037f2228b", "message": "New order created", "meta": null}
{"timestamp": "2025-12-30T12:38:29.385294", "level": "INFO", "service": "order_generator", "event": "ORDER_CREATED", "order_id": "581294f9-01f2-4179-9434-afa8de4134e0", "message": "New order created", "meta": null}
{"timestamp": "2025-12-30T12:38:29.413070", "level": "INFO", "service": "order_generator", "event": "ORDER_CREATED", "order_id": "a2ab1493-6f22-48b1-9b0b-f42464acea2a", "message": "New order created", "meta": null}
{"timestamp": "2025-12-30T12:38:29.442366", "level": "INFO", "service": "order_generator", "event": "ORDER_CREATED", "order_id": "ea3e64fb-94bf-4795-b1d8-8eb2cf445b2c", "message": "New order created", "meta": null}
{"timestamp": "2025-12-30T12:38:29.467522", "level": "INFO", "service": "order_generator", "event": "ORDER_CREATED", "order_id": "8efbacd7-be5f-42a6-81b5-ae2a98dfc569", "message": "New order created", "meta": null}
{"timestamp": "2025-12-30T12:38:29.495404", "level": "INFO", "service": "order_generator", "event": "ORDER_CREATED", "order_id": "dc58a620-1149-4074-b502-6fb07e6db7f7", "message": "New order created", "meta": null}
{"timestamp": "2025-12-30T12:38:29.522500", "level": "INFO", "service": "order_generator", "event": "ORDER_CREATED", "order_id": "076fa57a-10e8-48bd-807d-9431ad694ea8", "message": "New order created", "meta": null}
{"timestamp": "2025-12-30T12:38:29.546114", "level": "INFO", "service": "order_generator", "event": "ORDER_CREATED", "order_id": "ce5cadd0-b06f-4d98-9e29-79d841c2f452", "message": "New order created", "meta": null}
{"timestamp": "2025-12-30T12:38:29.570732", "level": "INFO", "service": "order_generator", "event": "ORDER_CREATED", "order_id": "181c143b-73f0-4154-9c24-7e91f7b1955d", "message": "New order created", "meta": null}
{"timestamp": "2025-12-30T12:38:29.592062", "level": "INFO", "service": "order_generator", "event": "ORDER_CREATED", "order_id": "97d08eb0-a483-4e88-ad21-e8b4474a3ef7", "message": "New order created", "meta": null}
{"timestamp": "2025-12-30T12:38:29.618467", "level": "INFO", "service": "order_generator", "event": "ORDER_CREATED", "order_id": "700eb5b2-cad1-479b-bcb5-5b94fbbe5b60", "message": "New order created", "meta": null}
{"timestamp": "2025-12-30T12:38:29.640486", "level": "INFO", "service": "order_generator", "event": "ORDER_CREATED", "order_id": "a22050c8-df8a-4028-bf88-65e759ff4b9a", "message": "New order created", "meta": null}
{"timestamp": "2025-12-30T12:38:29.662660", "level": "INFO", "service": "order_generator", "event": "ORDER_CREATED", "order_id": "eb9c7a29-442b-4d2b-9645-da1701adcac3", "message": "New order created", "meta": null}
{"timestamp": "2025-12-30T12:38:29.688367", "level": "INFO", "service": "order_generator", "event": "ORDER_CREATED", "order_id": "a248abb5-d7bb-47b4-8b6e-80f3e2192132", "message": "New order created", "meta": null}
{"timestamp": "2025-12-30T12:38:29.710422", "level": "INFO", "service": "order_generator", "event": "ORDER_CREATED", "order_id": "a258158b-c4c8-4e8c-891b-50c8623d87ca", "message": "New order created", "meta": null}
{"timestamp": "2025-12-30T12:38:29.731885", "level": "INFO", "service": "order_generator", "event": "ORDER_CREATED", "order_id": "75c7c9dc-d12e-4483-8a7b-bc0ba76a1c41", "message": "New order created", "meta": null}
{"timestamp": "2025-12-30T12:38:29.755461", "level": "INFO", "service": "order_generator", "event": "ORDER_CREATED", "order_id": "8ac7982e-87f3-4383-87cf-497fe788cc5e", "message": "New order created", "meta": null}
{"timestamp": "2025-12-30T12:38:29.777373", "level": "INFO", "service": "order_generator", "event": "ORDER_CREATED", "order_id": "4011048f-1b80-4468-87bc-f557125cdec4", "message": "New order created", "meta": null}
{"timestamp": "2025-12-30T12:38:29.805511", "level": "INFO", "service": "order_generator", "event": "ORDER_CREATED", "order_id": "b7ca90a8-c2db-4ec1-9be7-5b392f1ce5c5", "message": "New order created", "meta": null}
{"timestamp": "2025-12-30T12:38:29.831978", "level": "INFO", "service": "order_generator", "event": "ORDER_CREATED", "order_id": "2cb567d5-f0f2-4c69-90d3-8bcee610e4ea", "message": "New order created", "meta": null}
{"timestamp": "2025-12-30T12:38:29.856907", "level": "INFO", "service": "order_generator", "event": "ORDER_CREATED", "order_id": "8dd655da-7903-46eb-92d4-ab82b8ac067c", "message": "New order created", "meta": null}
{"timestamp": "2025-12-30T12:38:29.878878", "level": "INFO", "service": "order_generator", "event": "ORDER_CREATED", "order_id": "2e493a92-b615-4a6f-87c3-05943ad6b614", "message": "New order created", "meta": null}
{"timestamp": "2025-12-30T12:38:29.901624", "level": "INFO", "service": "order_generator", "event": "ORDER_CREATED", "order_id": "eec2fadb-0cac-4a10-b92b-2ddb026a1d24", "message": "New order created", "meta": null}
{"timestamp": "2025-12-30T12:38:29.924851", "level": "INFO", "service": "order_generator", "event": "ORDER_CREATED", "order_id": "f7949beb-226f-42e5-aee5-f6a2264ef405", "message": "New order created", "meta": null}
{"timestamp": "2025-12-30T12:38:29.946496", "level": "INFO", "service": "order_generator", "event": "ORDER_CREATED", "order_id": "fb24bcc9-5db4-4d94-bbb9-598d75668954", "message": "New order created", "meta": null}
{"timestamp": "2025-12-30T12:38:29.971990", "level": "INFO", "service": "order_generator", "event": "ORDER_CREATED", "order_id": "20099115-aede-4b7c-b0ad-7fd44e7465d9", "message": "New order created", "meta": null}
{"timestamp": "2025-12-30T12:38:29.997551", "level": "INFO", "service": "order_generator", "event": "ORDER_CREATED", "order_id": "08205eb0-60f7-4db4-96dc-122110d493d5", "message": "New order created", "meta": null}
{"timestamp": "2025-12-30T12:38:30.024495", "level": "INFO", "service": "order_generator", "event": "ORDER_CREATED", "order_id": "abb5e0a0-bfef-40ca-9ee5-db899bab1596", "message": "New order created", "meta": null}
{"timestamp": "2025-12-30T12:38:30.051093", "level": "INFO", "service": "order_generator", "event": "ORDER_CREATED", "order_id": "396e07f0-1e33-49b8-a4ac-09dc56c1fa3e", "message": "New order created", "meta": null}
{"timestamp": "2025-12-30T12:38:30.073573", "level": "INFO", "service": "order_generator", "event": "ORDER_CREATED", "order_id": "6b555c2c-9f38-4ceb-957f-df4c29733902", "message": "New order created", "meta": null}
{"timestamp": "2025-12-30T12:38:30.096320", "level": "INFO", "service": "order_generator", "event": "ORDER_CREATED", "order_id": "b315258b-07c7-4f49-ab10-8b4ade0aa80b", "message": "New order created", "meta": null}
{"timestamp": "2025-12-30T12:38:30.116975", "level": "INFO", "service": "order_generator", "event": "ORDER_CREATED", "order_id": "0dbeb024-2e40-49e2-9603-e7ce06ea6ead", "message": "New order created", "meta": null}
{"timestamp": "2025-12-30T12:38:30.145483", "level": "INFO", "service": "order_generator", "event": "ORDER_CREATED", "order_id": "4f293fc1-ff49-41d7-950a-c70aed67acaf", "message": "New order created", "meta": null}
{"timestamp": "2025-12-30T12:38:30.168387", "level": "INFO", "service": "order_generator", "event": "ORDER_CREATED", "order_id": "ae303d51-1bd5-4b71-a483-e86e14777836", "message": "New order created", "meta": null}
{"timestamp": "2025-12-30T12:38:30.193562", "level": "INFO", "service": "order_generator", "event": "ORDER_CREATED", "order_id": "8868f864-4f9e-4455-901e-f82c48c49417", "message": "New order created", "meta": null}
{"timestamp": "2025-12-30T12:38:30.223091", "level": "INFO", "service": "order_generator", "event": "ORDER_CREATED", "order_id": "fa5f1679-f45d-4875-a4b0-b9a822b1e78c", "message": "New order created", "meta": null}
{"timestamp": "2025-12-30T12:38:30.248607", "level": "INFO", "service": "order_generator", "event": "ORDER_CREATED", "order_id": "101d29bd-832a-456a-9e77-e17d2990068a", "message": "New order created", "meta": null}
{"timestamp": "2025-12-30T12:38:30.286636", "level": "INFO", "service": "order_generator", "event": "ORDER_CREATED", "order_id": "69b4cc37-742b-4466-8db8-a686b0f162a3", "message": "New order created", "meta": null}
{"timestamp": "2025-12-30T12:38:30.353969", "level": "INFO", "service": "order_generator", "event": "ORDER_CREATED", "order_id": "a57bf0fe-06ba-4e8c-bcec-7a97da71d498", "message": "New order created", "meta": null}
{"timestamp": "2025-12-30T12:38:30.396391", "level": "INFO", "service": "order_generator", "event": "ORDER_CREATED", "order_id": "d266a9b2-e844-4464-9cd9-b6d1ea5d2a5b", "message": "New order created", "meta": null}
{"timestamp": "2025-12-30T12:38:30.480767", "level": "INFO", "service": "order_generator", "event": "ORDER_CREATED", "order_id": "c935a465-3564-4b51-b764-e7642c416824", "message": "New order created", "meta": null}
{"timestamp": "2025-12-30T12:38:30.526939", "level": "INFO", "service": "order_generator", "event": "ORDER_CREATED", "order_id": "23dfdba4-52d1-4f46-94f9-becd5e1adba4", "message": "New order created", "meta": null}
{"timestamp": "2025-12-30T12:38:30.555560", "level": "INFO", "service": "order_generator", "event": "ORDER_CREATED", "order_id": "71065a1b-95c4-44ae-9017-be8a69ee321a", "message": "New order created", "meta": null}
{"timestamp": "2025-12-30T12:38:30.578287", "level": "INFO", "service": "order_generator", "event": "ORDER_CREATED", "order_id": "3cec7fce-a495-4f21-affc-94762e99b00a", "message": "New order created", "meta": null}
{"timestamp": "2025-12-30T12:38:30.619341", "level": "INFO", "service": "order_generator", "event": "ORDER_CREATED", "order_id": "635d4d61-ad52-45d0-ae93-ea1c0af37743", "message": "New order created", "meta": null}
{"timestamp": "2025-12-30T12:38:30.782666", "level": "INFO", "service": "order_generator", "event": "ORDER_CREATED", "order_id": "146f5dd2-57ac-4322-bc29-0dbd78d5e418", "message": "New order created", "meta": null}
{"timestamp": "2025-12-30T12:38:30.809958", "level": "INFO", "service": "order_generator", "event": "ORDER_CREATED", "order_id": "0eca8666-b1dc-485d-a812-17090221f87a", "message": "New order created", "meta": null}
{"timestamp": "2025-12-30T12:38:30.833381", "level": "INFO", "service": "order_generator", "event": "ORDER_CREATED", "order_id": "5ad6a25d-f7ae-4333-868d-f0680346c4db", "message": "New order created", "meta": null}
{"timestamp": "2025-12-30T12:38:31.094453", "level": "INFO", "service": "order_generator", "event": "ORDER_CREATED", "order_id": "396c20a4-f251-42b1-aeec-6e6fba38c431", "message": "New order created", "meta": null}
{"timestamp": "2025-12-30T12:38:31.119145", "level": "INFO", "service": "order_generator", "event": "ORDER_CREATED", "order_id": "3e0d3d03-b052-4db7-8634-76c53d6d86e6", "message": "New order created", "meta": null}
{"timestamp": "2025-12-30T12:38:31.231649", "level": "INFO", "service": "order_generator", "event": "ORDER_CREATED", "order_id": "f76e1f28-cab0-41c1-9154-ea598b4422df", "message": "New order created", "meta": null}
{"timestamp": "2025-12-30T12:38:31.263124", "level": "INFO", "service": "order_generator", "event": "ORDER_CREATED", "order_id": "83f732f6-1438-4cb0-99b7-d5883445adaf", "message": "New order created", "meta": null}
{"timestamp": "2025-12-30T12:38:31.339229", "level": "INFO", "service": "order_generator", "event": "ORDER_CREATED", "order_id": "f506d54a-f74f-4b25-b558-030046d23557", "message": "New order created", "meta": null}
{"timestamp": "2025-12-30T12:38:31.357939", "level": "INFO", "service": "order_generator", "event": "ORDER_CREATED", "order_id": "258601ac-cbdc-40fa-a388-b5d4f1d434c7", "message": "New order created", "meta": null}
{"timestamp": "2025-12-30T12:38:31.679076", "level": "INFO", "service": "order_generator", "event": "ORDER_CREATED", "order_id": "8e91e90e-54eb-48c8-8889-b2049e820119", "message": "New order created", "meta": null}
{"timestamp": "2025-12-30T12:38:31.721084", "level": "INFO", "service": "order_generator", "event": "ORDER_CREATED", "order_id": "1a5e0c81-38fa-455b-8a10-c62ade239795", "message": "New order created", "meta": null}
{"timestamp": "2025-12-30T12:38:32.102638", "level": "INFO", "service": "order_generator", "event": "ORDER_CREATED", "order_id": "a318de72-ac7a-43d1-9cc9-67c3798c0c30", "message": "New order created", "meta": null}
{"timestamp": "2025-12-30T12:38:32.144479", "level": "INFO", "service": "order_generator", "event": "ORDER_CREATED", "order_id": "d2ca7378-c17d-42fe-8fdd-cd6c5e6aa100", "message": "New order created", "meta": null}
{"timestamp": "2025-12-30T12:38:32.323954", "level": "INFO", "service": "order_generator", "event": "ORDER_CREATED", "order_id": "3e7627f0-47ba-41b6-aa88-65ad3ae3109d", "message": "New order created", "meta": null}
{"timestamp": "2025-12-30T12:38:32.351175", "level": "INFO", "service": "order_generator", "event": "ORDER_CREATED", "order_id": "0e36af1e-3d42-48ef-bf48-637ee924219d", "message": "New order created", "meta": null}
{"timestamp": "2025-12-30T12:38:32.374665", "level": "INFO", "service": "order_generator", "event": "ORDER_CREATED", "order_id": "6b74bd05-eca2-41f4-af87-1327627f6134", "message": "New order created", "meta": null}
{"timestamp": "2025-12-30T12:38:32.401499", "level": "INFO", "service": "order_generator", "event": "ORDER_CREATED", "order_id": "fca534df-d0f0-489b-90fa-d64748b044d7", "message": "New order created", "meta": null}
{"timestamp": "2025-12-30T12:38:32.440907", "level": "INFO", "service": "order_generator", "event": "ORDER_CREATED", "order_id": "de556665-0d36-4e96-88b1-817835f9064a", "message": "New order created", "meta": null}
{"timestamp": "2025-12-30T12:38:32.464291", "level": "INFO", "service": "order_generator", "event": "ORDER_CREATED", "order_id": "7e4f5932-41ef-464e-bd60-c4a8a5231e84", "message": "New order created", "meta": null}
{"timestamp": "2025-12-30T12:38:32.543565", "level": "INFO", "service": "order_generator", "event": "ORDER_CREATED", "order_id": "49f5cca8-cc93-4201-b2d2-ac3beb18660b", "message": "New order created", "meta": null}
{"timestamp": "2025-12-30T12:38:32.614205", "level": "INFO", "service": "order_generator", "event": "ORDER_CREATED", "order_id": "d9a0f3b1-28bf-45a4-8c10-383c3be9403f", "message": "New order created", "meta": null}
{"timestamp": "2025-12-30T12:38:32.725537", "level": "INFO", "service": "order_generator", "event": "ORDER_CREATED", "order_id": "594af2fe-93c0-4b15-8678-0642c8c0c863", "message": "New order created", "meta": null}
{"timestamp": "2025-12-30T12:38:32.742839", "level": "INFO", "service": "order_generator", "event": "ORDER_CREATED", "order_id": "94acfa0b-9d30-47a9-8787-e9de2b2d792e", "message": "New order created", "meta": null}
{"timestamp": "2025-12-30T12:38:32.782767", "level": "INFO", "service": "order_generator", "event": "ORDER_CREATED", "order_id": "17487960-ef22-41c0-94e2-432e79f10dfe", "message": "New order created", "meta": null}
{"timestamp": "2025-12-30T12:38:32.810761", "level": "INFO", "service": "order_generator", "event": "ORDER_CREATED", "order_id": "65462963-a27b-4215-9376-c77d024a5ed8", "message": "New order created", "meta": null}
{"timestamp": "2025-12-30T12:38:32.925634", "level": "INFO", "service": "order_generator", "event": "ORDER_CREATED", "order_id": "bb63aada-e188-4a65-82cb-d4315ba9c0a7", "message": "New order created", "meta": null}
{"timestamp": "2025-12-30T12:38:32.975998", "level": "INFO", "service": "order_generator", "event": "ORDER_CREATED", "order_id": "03823ce0-ee40-4744-bf77-1fe5a083d58d", "message": "New order created", "meta": null}
{"timestamp": "2025-12-30T12:38:32.994242", "level": "INFO", "service": "order_generator", "event": "ORDER_CREATED", "order_id": "ca5e944c-ca63-4852-a2bf-84b59b5d56a3", "message": "New order created", "meta": null}
{"timestamp": "2025-12-30T12:38:33.019316", "level": "INFO", "service": "order_generator", "event": "ORDER_CREATED", "order_id": "c60a599c-0200-4b50-8c8d-55ec26559ad7", "message": "New order created", "meta": null}
{"timestamp": "2025-12-30T12:38:33.043325", "level": "INFO", "service": "order_generator", "event": "ORDER_CREATED", "order_id": "9777f393-a090-431a-96b9-2149d14ffa60", "message": "New order created", "meta": null}
{"timestamp": "2025-12-30T12:38:33.080255", "level": "INFO", "service": "order_generator", "event": "ORDER_CREATED", "order_id": "33736550-2a89-4387-9255-b7d37ada66b1", "message": "New order created", "meta": null}
{"timestamp": "2025-12-30T12:38:33.190499", "level": "INFO", "service": "order_generator", "event": "ORDER_CREATED", "order_id": "d689bfd5-649d-4b85-9488-3d5f93e97577", "message": "New order created", "meta": null}
{"timestamp": "2025-12-30T12:38:33.220948", "level": "INFO", "service": "order_generator", "event": "ORDER_CREATED", "order_id": "c08398ab-b808-4478-85eb-e151eed40ded", "message": "New order created", "meta": null}
{"timestamp": "2025-12-30T12:38:33.278200", "level": "INFO", "service": "order_generator", "event": "ORDER_CREATED", "order_id": "8d31fa21-c85d-4a97-8f7a-41918e230929", "message": "New order created", "meta": null}
{"timestamp": "2025-12-30T12:38:33.305390", "level": "INFO", "service": "order_generator", "event": "ORDER_CREATED", "order_id": "2c5299e1-d862-43c4-881d-ea011dec37a0", "message": "New order created", "meta": null}
{"timestamp": "2025-12-30T12:38:33.331890", "level": "INFO", "service": "order_generator", "event": "ORDER_CREATED", "order_id": "cfb76896-518c-4362-9eed-e973813ecd62", "message": "New order created", "meta": null}
{"timestamp": "2025-12-30T12:38:33.430206", "level": "INFO", "service": "order_generator", "event": "ORDER_CREATED", "order_id": "6bc60eb3-5a00-4181-b0f3-864dfb60e07f", "message": "New order created", "meta": null}
{"timestamp": "2025-12-30T12:38:33.691339", "level": "INFO", "service": "order_generator", "event": "ORDER_CREATED", "order_id": "d8507c6a-75f8-496e-bb93-28fa6fbd7615", "message": "New order created", "meta": null}
{"timestamp": "2025-12-30T12:38:33.733328", "level": "INFO", "service": "order_generator", "event": "ORDER_CREATED", "order_id": "60ac01f8-2bff-40b9-82d9-898eacd73f69", "message": "New order created", "meta": null}
{"timestamp": "2025-12-30T12:38:33.772941", "level": "INFO", "service": "order_generator", "event": "ORDER_CREATED", "order_id": "4721c56d-17af-474a-860c-e641c5821597", "message": "New order created", "meta": null}
{"timestamp": "2025-12-30T12:38:33.806086", "level": "INFO", "service": "order_generator", "event": "ORDER_CREATED", "order_id": "2a746c2f-9883-45db-9696-50565e181904", "message": "New order created", "meta": null}
{"timestamp": "2025-12-30T12:38:34.014836", "level": "INFO", "service": "order_generator", "event": "ORDER_CREATED", "order_id": "89e2f0ed-cdbd-4587-8d15-f7ec698469fc", "message": "New order created", "meta": null}
{"timestamp": "2025-12-30T12:38:34.234430", "level": "INFO", "service": "order_generator", "event": "ORDER_CREATED", "order_id": "219d76ba-11a7-4f80-8d98-33cee17627c1", "message": "New order created", "meta": null}
{"timestamp": "2025-12-30T12:38:34.261779", "level": "INFO", "service": "order_generator", "event": "ORDER_CREATED", "order_id": "2ca05566-9ea6-4afd-ac32-049509749010", "message": "New order created", "meta": null}
{"timestamp": "2025-12-30T12:38:34.289897", "level": "INFO", "service": "order_generator", "event": "ORDER_CREATED", "order_id": "dea3fefc-eb63-424e-b5f5-7b0b8bfcfe44", "message": "New order created", "meta": null}
{"timestamp": "2025-12-30T12:38:34.315352", "level": "INFO", "service": "order_generator", "event": "ORDER_CREATED", "order_id": "0103887a-8424-444d-85c1-16bbac13bfea", "message": "New order created", "meta": null}
{"timestamp": "2025-12-30T12:38:34.350691", "level": "INFO", "service": "order_generator", "event": "ORDER_CREATED", "order_id": "7d2ee820-0b73-485b-8df7-5db71ad45a8e", "message": "New order created", "meta": null}
{"timestamp": "2025-12-30T12:38:34.374841", "level": "INFO", "service": "order_generator", "event": "ORDER_CREATED", "order_id": "2dc540cd-25fb-45a1-9081-f4dd0fda26ff", "message": "New order created", "meta": null}
{"timestamp": "2025-12-30T12:38:34.403759", "level": "INFO", "service": "order_generator", "event": "ORDER_CREATED", "order_id": "272c284b-ac1f-4598-8d15-9396fcc337cd", "message": "New order created", "meta": null}
{"timestamp": "2025-12-30T12:38:34.427624", "level": "INFO", "service": "order_generator", "event": "ORDER_CREATED", "order_id": "dedf1393-f88d-44ee-acca-14a3941eb5dc", "message": "New order created", "meta": null}
{"timestamp": "2025-12-30T12:38:34.457681", "level": "INFO", "service": "order_generator", "event": "ORDER_CREATED", "order_id": "bdc0560a-da47-4f06-9fcd-f11b38e7a242", "message": "New order created", "meta": null}
{"timestamp": "2025-12-30T12:38:34.483292", "level": "INFO", "service": "order_generator", "event": "ORDER_CREATED", "order_id": "07d44aed-b2e0-451e-b350-601824686ce4", "message": "New order created", "meta": null}
{"timestamp": "2025-12-30T12:38:34.515037", "level": "INFO", "service": "order_generator", "event": "ORDER_CREATED", "order_id": "a0ed776d-80a1-42c0-b6b8-a63b1343e392", "message": "New order created", "meta": null}
{"timestamp": "2025-12-30T12:38:34.539273", "level": "INFO", "service": "order_generator", "event": "ORDER_CREATED", "order_id": "1de3a79c-0011-4546-9cba-dc122931f984", "message": "New order created", "meta": null}
{"timestamp": "2025-12-30T12:38:34.633771", "level": "INFO", "service": "order_generator", "event": "ORDER_CREATED", "order_id": "5cafb548-5812-4c64-a63a-5d985de2dada", "message": "New order created", "meta": null}
{"timestamp": "2025-12-30T12:38:34.651249", "level": "INFO", "service": "order_generator", "event": "ORDER_CREATED", "order_id": "6752c456-71d8-44da-8d50-9c18e57876da", "message": "New order created", "meta": null}
{"timestamp": "2025-12-30T12:38:34.667878", "level": "INFO", "service": "order_generator", "event": "ORDER_CREATED", "order_id": "4229ed19-4c18-461e-bce9-6790beec3392", "message": "New order created", "meta": null}
{"timestamp": "2025-12-30T12:38:34.760908", "level": "INFO", "service": "order_generator", "event": "ORDER_CREATED", "order_id": "cdbcd989-586c-4d4d-95cf-9e7977beaec9", "message": "New order created", "meta": null}
{"timestamp": "2025-12-30T12:38:34.788139", "level": "INFO", "service": "order_generator", "event": "ORDER_CREATED", "order_id": "904ebf8c-012c-4663-a1f2-832fea9f4820", "message": "New order created", "meta": null}
{"timestamp": "2025-12-30T12:38:34.841105", "level": "INFO", "service": "order_generator", "event": "ORDER_CREATED", "order_id": "07830031-6d78-45c7-9187-d4d7da5318dc", "message": "New order created", "meta": null}
{"timestamp": "2025-12-30T12:38:34.871253", "level": "INFO", "service": "order_generator", "event": "ORDER_CREATED", "order_id": "7bcc8572-77cd-4ce9-bcff-3040b9858528", "message": "New order created", "meta": null}
{"timestamp": "2025-12-30T12:38:34.893001", "level": "INFO", "service": "order_generator", "event": "ORDER_CREATED", "order_id": "98ec25da-00cc-4ded-8adf-47e9c16c280a", "message": "New order created", "meta": null}
{"timestamp": "2025-12-30T12:38:34.917121", "level": "INFO", "service": "order_generator", "event": "ORDER_CREATED", "order_id": "a17a866f-59cd-4f8a-86f0-d0aa8b48dc3e", "message": "New order created", "meta": null}
{"timestamp": "2025-12-30T12:38:34.940394", "level": "INFO", "service": "order_generator", "event": "ORDER_CREATED", "order_id": "a1198b2c-bbd7-44f3-ae15-ed0d364fcc52", "message": "New order created", "meta": null}
{"timestamp": "2025-12-30T12:38:34.965313", "level": "INFO", "service": "order_generator", "event": "ORDER_CREATED", "order_id": "e86bdc8c-ebe3-40e6-ba03-0254e0a26e94", "message": "New order created", "meta": null}
{"timestamp": "2025-12-30T12:38:34.992576", "level": "INFO", "service": "order_generator", "event": "ORDER_CREATED", "order_id": "a1c744d7-dd92-4b7f-99d9-7b816911437f", "message": "New order created", "meta": null}
{"timestamp": "2025-12-30T12:38:35.020703", "level": "INFO", "service": "order_generator", "event": "ORDER_CREATED", "order_id": "a0152625-3c03-43a8-b4f3-1243c73c6d7f", "message": "New order created", "meta": null}
{"timestamp": "2025-12-30T12:38:35.051225", "level": "INFO", "service": "order_generator", "event": "ORDER_CREATED", "order_id": "864bcb0a-0ca2-43e5-b813-65dc28c4ac2b", "message": "New order created", "meta": null}
{"timestamp": "2025-12-30T12:38:35.111147", "level": "INFO", "service": "order_generator", "event": "ORDER_CREATED", "order_id": "eb5458ce-c6c9-4bc0-a582-0e8c6a4e410b", "message": "New order created", "meta": null}
{"timestamp": "2025-12-30T12:38:35.129705", "level": "INFO", "service": "order_generator", "event": "ORDER_CREATED", "order_id": "a1933225-7129-416f-902a-a2fee229506e", "message": "New order created", "meta": null}
{"timestamp": "2025-12-30T12:38:35.149821", "level": "INFO", "service": "order_generator", "event": "ORDER_CREATED", "order_id": "dbbde129-7a7e-45ce-9670-6a6b5fad3c50", "message": "New order created", "meta": null}
{"timestamp": "2025-12-30T12:38:35.313093", "level": "INFO", "service": "order_generator", "event": "ORDER_CREATED", "order_id": "878b2cc8-3a9b-459d-b97a-2f6975f3ec18", "message": "New order created", "meta": null}
{"timestamp": "2025-12-30T12:38:35.354521", "level": "INFO", "service": "order_generator", "event": "ORDER_CREATED", "order_id": "b0093812-f1e4-4231-a4c4-33d194502d1c", "message": "New order created", "meta": null}
{"timestamp": "2025-12-30T12:38:35.378238", "level": "INFO", "service": "order_generator", "event": "ORDER_CREATED", "order_id": "3a21f8f8-7e27-40f8-bc7d-a16344c98581", "message": "New order created", "meta": null}
{"timestamp": "2025-12-30T12:38:35.403622", "level": "INFO", "service": "order_generator", "event": "ORDER_CREATED", "order_id": "4b4db0cd-50c0-4986-bf1e-45454591986e", "message": "New order created", "meta": null}
{"timestamp": "2025-12-30T12:38:35.439761", "level": "INFO", "service": "order_generator", "event": "ORDER_CREATED", "order_id": "4790b777-86a9-4514-b35e-60446e75fc26", "message": "New order created", "meta": null}
{"timestamp": "2025-12-30T12:38:35.469287", "level": "INFO", "service": "order_generator", "event": "ORDER_CREATED", "order_id": "efd6eedb-3efd-4a54-ab42-f0f11234e913", "message": "New order created", "meta": null}
{"timestamp": "2025-12-30T12:38:35.495359", "level": "INFO", "service": "order_generator", "event": "ORDER_CREATED", "order_id": "e25fcc1d-8a59-42ed-b53a-4c88f9255b1d", "message": "New order created", "meta": null}
{"timestamp": "2025-12-30T12:38:35.519426", "level": "INFO", "service": "order_generator", "event": "ORDER_CREATED", "order_id": "f601fec6-68f9-4a38-a074-e2787d83928c", "message": "New order created", "meta": null}
{"timestamp": "2025-12-30T12:38:35.548858", "level": "INFO", "service": "order_generator", "event": "ORDER_CREATED", "order_id": "4888d6e5-1da2-4de2-89b3-4195d7b0650e", "message": "New order created", "meta": null}
{"timestamp": "2025-12-30T12:38:35.572101", "level": "INFO", "service": "order_generator", "event": "ORDER_CREATED", "order_id": "9df2158f-e2c2-4a8e-a57a-66fa1b6657a0", "message": "New order created", "meta": null}
{"timestamp": "2025-12-30T12:38:35.598388", "level": "INFO", "service": "order_generator", "event": "ORDER_CREATED", "order_id": "ae395e34-854b-4fb4-b1f4-750fbd3bec6d", "message": "New order created", "meta": null}
{"timestamp": "2025-12-30T12:38:35.632119", "level": "INFO", "service": "order_generator", "event": "ORDER_CREATED", "order_id": "3b81ce11-3744-4e02-9781-43a025f59995", "message": "New order created", "meta": null}
{"timestamp": "2025-12-30T12:38:36.005328", "level": "INFO", "service": "order_generator", "event": "ORDER_CREATED", "order_id": "2738489b-fe9e-47dc-8837-98de4d8bb370", "message": "New order created", "meta": null}
{"timestamp": "2025-12-30T12:38:36.047244", "level": "INFO", "service": "order_generator", "event": "ORDER_CREATED", "order_id": "2b99ea50-3e5e-4ab8-bfaf-b1a55fe57cce", "message": "New order created", "meta": null}
{"timestamp": "2025-12-30T12:38:36.067905", "level": "INFO", "service": "order_generator", "event": "ORDER_CREATED", "order_id": "58d9897a-6357-42ef-ad85-d91bf565327e", "message": "New order created", "meta": null}
{"timestamp": "2025-12-30T12:38:36.087366", "level": "INFO", "service": "order_generator", "event": "ORDER_CREATED", "order_id": "0f2f6f1e-28ef-49dd-8e00-71b13561c571", "message": "New order created", "meta": null}
{"timestamp": "2025-12-30T12:38:36.161324", "level": "INFO", "service": "order_generator", "event": "ORDER_CREATED", "order_id": "6d0cba69-8913-4a18-95f5-7658a30af3ce", "message": "New order created", "meta": null}
{"timestamp": "2025-12-30T12:38:36.330983", "level": "INFO", "service": "order_generator", "event": "ORDER_CREATED", "order_id": "f465c434-a358-4a6e-b24d-01e1cb7a567f", "message": "New order created", "meta": null}
{"timestamp": "2025-12-30T12:38:36.360278", "level": "INFO", "service": "order_generator", "event": "ORDER_CREATED", "order_id": "014c758c-cc58-457b-9c90-5e77f13056c3", "message": "New order created", "meta": null}
{"timestamp": "2025-12-30T12:38:36.384890", "level": "INFO", "service": "order_generator", "event": "ORDER_CREATED", "order_id": "fa07282d-d90f-4c66-b367-03b2ee4555e0", "message": "New order created", "meta": null}
{"timestamp": "2025-12-30T12:38:36.410203", "level": "INFO", "service": "order_generator", "event": "ORDER_CREATED", "order_id": "777790ce-8ebd-457d-8a69-5bbbfb931a4b", "message": "New order created", "meta": null}
{"timestamp": "2025-12-30T12:38:36.440977", "level": "INFO", "service": "order_generator", "event": "ORDER_CREATED", "order_id": "ad720046-fc6a-412f-918c-1438b0f80cc4", "message": "New order created", "meta": null}
{"timestamp": "2025-12-30T12:38:36.532332", "level": "INFO", "service": "order_generator", "event": "ORDER_CREATED", "order_id": "025a5414-de02-408c-898e-e2ff29641805", "message": "New order created", "meta": null}
{"timestamp": "2025-12-30T12:38:36.560572", "level": "INFO", "service": "order_generator", "event": "ORDER_CREATED", "order_id": "bfb7241f-6b80-46cd-a26e-1c336447a47f", "message": "New order created", "meta": null}
{"timestamp": "2025-12-30T12:38:36.591129", "level": "INFO", "service": "order_generator", "event": "ORDER_CREATED", "order_id": "c326211b-afd5-4be7-995d-1ef0b2b0c2fe", "message": "New order created", "meta": null}
{"timestamp": "2025-12-30T12:38:36.847082", "level": "INFO", "service": "order_generator", "event": "ORDER_CREATED", "order_id": "d4f4b646-0f82-48e3-aab9-327b8d665483", "message": "New order created", "meta": null}
{"timestamp": "2025-12-30T12:38:36.877708", "level": "INFO", "service": "order_generator", "event": "ORDER_CREATED", "order_id": "d4b51834-e3f3-4016-9f5f-c599963d93df", "message": "New order created", "meta": null}
{"timestamp": "2025-12-30T12:38:36.901606", "level": "INFO", "service": "order_generator", "event": "ORDER_CREATED", "order_id": "b2e23039-9023-4f38-beaf-c8fe5881cd5f", "message": "New order created", "meta": null}
{"timestamp": "2025-12-30T12:38:36.926598", "level": "INFO", "service": "order_generator", "event": "ORDER_CREATED", "order_id": "e6682350-30e6-4475-9019-229e2a429b69", "message": "New order created", "meta": null}
{"timestamp": "2025-12-30T12:38:36.950512", "level": "INFO", "service": "order_generator", "event": "ORDER_CREATED", "order_id": "e2fb76ae-5fea-4afc-8770-9dba3cf2081f", "message": "New order created", "meta": null}
{"timestamp": "2025-12-30T12:38:36.973752", "level": "INFO", "service": "order_generator", "event": "ORDER_CREATED", "order_id": "89344929-f4a9-40ae-b63e-826642ed0fa3", "message": "New order created", "meta": null}
{"timestamp": "2025-12-30T12:38:37.002998", "level": "INFO", "service": "order_generator", "event": "ORDER_CREATED", "order_id": "613167a5-cac8-4444-b9b3-2047c813beb8", "message": "New order created", "meta": null}
{"timestamp": "2025-12-30T12:38:37.030978", "level": "INFO", "service": "order_generator", "event": "ORDER_CREATED", "order_id": "08ef82fa-bc56-47cc-8cdd-f2a3891093ac", "message": "New order created", "meta": null}
{"timestamp": "2025-12-30T12:38:37.052924", "level": "INFO", "service": "order_generator", "event": "ORDER_CREATED", "order_id": "e1d9711e-129c-48ed-975c-6ec8e1322b59", "message": "New order created", "meta": null}
{"timestamp": "2025-12-30T12:38:37.081307", "level": "INFO", "service": "order_generator", "event": "ORDER_CREATED", "order_id": "c1fa56be-29cf-45d2-9e39-ac4af26277a0", "message": "New order created", "meta": null}
{"timestamp": "2025-12-30T12:38:37.106430", "level": "INFO", "service": "order_generator", "event": "ORDER_CREATED", "order_id": "6ab530d9-5d2c-4791-bbf8-96eb318a11f4", "message": "New order created", "meta": null}
{"timestamp": "2025-12-30T12:38:37.134849", "level": "INFO", "service": "order_generator", "event": "ORDER_CREATED", "order_id": "ea39944f-9efe-4ba5-9026-83751aad3740", "message": "New order created", "meta": null}
{"timestamp": "2025-12-30T12:38:37.162440", "level": "INFO", "service": "order_generator", "event": "ORDER_CREATED", "order_id": "0f78511c-44a0-4a84-8e90-e9a90cf02c83", "message": "New order created", "meta": null}
{"timestamp": "2025-12-30T12:38:37.187250", "level": "INFO", "service": "order_generator", "event": "ORDER_CREATED", "order_id": "8e0af5d2-ec33-403b-8510-c274c3dab135", "message": "New order created", "meta": null}
{"timestamp": "2025-12-30T12:38:37.313088", "level": "INFO", "service": "order_generator", "event": "ORDER_CREATED", "order_id": "82de5dac-67a5-42b0-86a6-eeb470f9385b", "message": "New order created", "meta": null}
{"timestamp": "2025-12-30T12:38:37.337081", "level": "INFO", "service": "order_generator", "event": "ORDER_CREATED", "order_id": "6aa2498f-022f-4fdf-aee9-63b57ff228d5", "message": "New order created", "meta": null}
{"timestamp": "2025-12-30T12:38:37.362023", "level": "INFO", "service": "order_generator", "event": "ORDER_CREATED", "order_id": "dd6b5bd5-5d56-4325-a840-472590cb1fcb", "message": "New order created", "meta": null}
{"timestamp": "2025-12-30T12:38:37.384657", "level": "INFO", "service": "order_generator", "event": "ORDER_CREATED", "order_id": "1e726c8c-40f7-41c3-b0e0-c27e2ab5eb65", "message": "New order created", "meta": null}
{"timestamp": "2025-12-30T12:38:37.409296", "level": "INFO", "service": "order_generator", "event": "ORDER_CREATED", "order_id": "5c132b43-49c2-404f-94d6-aa36f48937ac", "message": "New order created", "meta": null}
{"timestamp": "2025-12-30T12:38:37.481458", "level": "INFO", "service": "order_generator", "event": "ORDER_CREATED", "order_id": "3957bd19-d74b-4602-84ca-3bb343d0ac0f", "message": "New order created", "meta": null}
{"timestamp": "2025-12-30T12:38:37.515303", "level": "INFO", "service": "order_generator", "event": "ORDER_CREATED", "order_id": "ab45d779-b19c-4e95-81ce-00a48d2c4559", "message": "New order created", "meta": null}
{"timestamp": "2025-12-30T12:38:37.555666", "level": "INFO", "service": "order_generator", "event": "ORDER_CREATED", "order_id": "82a7906f-b884-4ea0-8c25-6316bb559821", "message": "New order created", "meta": null}
{"timestamp": "2025-12-30T12:38:37.580952", "level": "INFO", "service": "order_generator", "event": "ORDER_CREATED", "order_id": "996a9994-2392-4f5a-a6d6-9dd41e342bd0", "message": "New order created", "meta": null}
{"timestamp": "2025-12-30T12:38:37.609463", "level": "INFO", "service": "order_generator", "event": "ORDER_CREATED", "order_id": "f0119fd8-d818-4a57-b473-6caedee67a2a", "message": "New order created", "meta": null}
{"timestamp": "2025-12-30T12:38:37.628648", "level": "INFO", "service": "order_generator", "event": "ORDER_CREATED", "order_id": "6db0854b-40dc-460a-94b4-64490b5dcebd", "message": "New order created", "meta": null}
{"timestamp": "2025-12-30T12:38:37.645328", "level": "INFO", "service": "order_generator", "event": "ORDER_CREATED", "order_id": "bc5f445e-ac6b-4473-b6ed-b1996e112cfa", "message": "New order created", "meta": null}
{"timestamp": "2025-12-30T12:38:37.795521", "level": "INFO", "service": "order_generator", "event": "ORDER_CREATED", "order_id": "d77938b7-9501-415c-815a-0cb88260e9f8", "message": "New order created", "meta": null}
{"timestamp": "2025-12-30T12:38:37.862299", "level": "INFO", "service": "order_generator", "event": "ORDER_CREATED", "order_id": "37b07701-540a-4f11-900d-71744601b662", "message": "New order created", "meta": null}
{"timestamp": "2025-12-30T12:38:37.892493", "level": "INFO", "service": "order_generator", "event": "ORDER_CREATED", "order_id": "f52ab6ed-4244-42b6-a9e0-7e96f385ffbf", "message": "New order created", "meta": null}
{"timestamp": "2025-12-30T12:38:37.915405", "level": "INFO", "service": "order_generator", "event": "ORDER_CREATED", "order_id": "4ff5b61f-5ed7-4353-8b65-03b07c71ad25", "message": "New order created", "meta": null}
{"timestamp": "2025-12-30T12:38:37.944071", "level": "INFO", "service": "order_generator", "event": "ORDER_CREATED", "order_id": "2ab4ecf8-ceb4-4c68-81ec-8cd712c85fea", "message": "New order created", "meta": null}
{"timestamp": "2025-12-30T12:38:38.040650", "level": "INFO", "service": "order_generator", "event": "ORDER_CREATED", "order_id": "11a50ff8-95fc-4bc9-8cd2-e05e9e57d9c4", "message": "New order created", "meta": null}
{"timestamp": "2025-12-30T12:38:38.067674", "level": "INFO", "service": "order_generator", "event": "ORDER_CREATED", "order_id": "7bd4a0ec-eb56-427e-af65-65fa52ecf759", "message": "New order created", "meta": null}
{"timestamp": "2025-12-30T12:38:38.115326", "level": "INFO", "service": "order_generator", "event": "ORDER_CREATED", "order_id": "ca203c4d-8690-43d1-9d3f-c0d0d23284e1", "message": "New order created", "meta": null}
{"timestamp": "2025-12-30T12:38:38.149613", "level": "INFO", "service": "order_generator", "event": "ORDER_CREATED", "order_id": "eb73dc94-1091-4b6c-b81b-307499493f6e", "message": "New order created", "meta": null}
{"timestamp": "2025-12-30T12:38:38.195833", "level": "INFO", "service": "order_generator", "event": "ORDER_CREATED", "order_id": "e0182838-57ec-455a-8642-0b866aca9e93", "message": "New order created", "meta": null}
{"timestamp": "2025-12-30T12:38:38.218916", "level": "INFO", "service": "order_generator", "event": "ORDER_CREATED", "order_id": "510a47ea-20cf-4b2b-a9c7-d1962267bdac", "message": "New order created", "meta": null}
{"timestamp": "2025-12-30T12:38:38.242750", "level": "INFO", "service": "order_generator", "event": "ORDER_CREATED", "order_id": "c0399964-80c7-4fb6-b120-ba30a8ef93d7", "message": "New order created", "meta": null}
{"timestamp": "2025-12-30T12:38:38.267940", "level": "INFO", "service": "order_generator", "event": "ORDER_CREATED", "order_id": "da4338e6-b49d-46d3-a824-46ee071ecad2", "message": "New order created", "meta": null}
{"timestamp": "2025-12-30T12:38:38.296718", "level": "INFO", "service": "order_generator", "event": "ORDER_CREATED", "order_id": "c5aa3de1-eb49-4f2e-a740-bab01aa6e6a1", "message": "New order created", "meta": null}
{"timestamp": "2025-12-30T12:38:38.323553", "level": "INFO", "service": "order_generator", "event": "ORDER_CREATED", "order_id": "d67ca39b-d886-4f47-8cad-2f640649a90b", "message": "New order created", "meta": null}
{"timestamp": "2025-12-30T12:38:38.348680", "level": "INFO", "service": "order_generator", "event": "ORDER_CREATED", "order_id": "02e5f9ba-5928-4327-8217-f22ad9ea754b", "message": "New order created", "meta": null}
{"timestamp": "2025-12-30T12:38:38.372622", "level": "INFO", "service": "order_generator", "event": "ORDER_CREATED", "order_id": "d7db7edb-3419-4f45-a7be-941cf0842ec2", "message": "New order created", "meta": null}
{"timestamp": "2025-12-30T12:38:38.400847", "level": "INFO", "service": "order_generator", "event": "ORDER_CREATED", "order_id": "d37f6de5-574c-4783-95fe-ef72de00a0a7", "message": "New order created", "meta": null}
{"timestamp": "2025-12-30T12:38:38.426008", "level": "INFO", "service": "order_generator", "event": "ORDER_CREATED", "order_id": "a35777d1-e62e-4828-a6ac-a928fdeddb60", "message": "New order created", "meta": null}
{"timestamp": "2025-12-30T12:38:38.455531", "level": "INFO", "service": "order_generator", "event": "ORDER_CREATED", "order_id": "36580c64-0b40-495c-91c6-68b4a9fa8523", "message": "New order created", "meta": null}
{"timestamp": "2025-12-30T12:38:38.488347", "level": "INFO", "service": "order_generator", "event": "ORDER_CREATED", "order_id": "320cb7c2-111c-4fdc-8485-b13c1c817883", "message": "New order created", "meta": null}
{"timestamp": "2025-12-30T12:38:38.514630", "level": "INFO", "service": "order_generator", "event": "ORDER_CREATED", "order_id": "49a098f6-75c0-4531-b776-4e14a3ef8afe", "message": "New order created", "meta": null}
{"timestamp": "2025-12-30T12:38:38.537414", "level": "INFO", "service": "order_generator", "event": "ORDER_CREATED", "order_id": "26982639-5921-46d4-bf97-45c86492bf5d", "message": "New order created", "meta": null}
{"timestamp": "2025-12-30T12:38:38.563842", "level": "INFO", "service": "order_generator", "event": "ORDER_CREATED", "order_id": "22307660-4f35-4d21-81e9-a389474f8e37", "message": "New order created", "meta": null}
{"timestamp": "2025-12-30T12:38:38.589078", "level": "INFO", "service": "order_generator", "event": "ORDER_CREATED", "order_id": "656f2a09-f05d-4753-8957-d0e2ace58a39", "message": "New order created", "meta": null}
{"timestamp": "2025-12-30T12:38:38.615070", "level": "INFO", "service": "order_generator", "event": "ORDER_CREATED", "order_id": "630d1320-1023-4ec6-8179-a4d6390fe3c0", "message": "New order created", "meta": null}
{"timestamp": "2025-12-30T12:38:38.638397", "level": "INFO", "service": "order_generator", "event": "ORDER_CREATED", "order_id": "c33da5f0-e91b-42e7-ac63-a4b6f9e8ee8d", "message": "New order created", "meta": null}
{"timestamp": "2025-12-30T12:38:38.668716", "level": "INFO", "service": "order_generator", "event": "ORDER_CREATED", "order_id": "ad91297f-eda3-4e15-b4c3-66a1f4e3ed2a", "message": "New order created", "meta": null}
{"timestamp": "2025-12-30T12:38:39.221761", "level": "INFO", "service": "order_generator", "event": "ORDER_CREATED", "order_id": "5d6c8bb6-3963-4a08-b118-d63ee59b6a43", "message": "New order created", "meta": null}
{"timestamp": "2025-12-30T12:38:39.239665", "level": "INFO", "service": "order_generator", "event": "ORDER_CREATED", "order_id": "efb64ed1-5af9-48cd-8764-e2f71a322d25", "message": "New order created", "meta": null}
{"timestamp": "2025-12-30T12:38:39.265406", "level": "INFO", "service": "order_generator", "event": "ORDER_CREATED", "order_id": "0d3b44bd-2b07-4323-8173-85a28bf4568e", "message": "New order created", "meta": null}
{"timestamp": "2025-12-30T12:38:39.333511", "level": "INFO", "service": "order_generator", "event": "ORDER_CREATED", "order_id": "783cb140-66d1-4b6b-ad98-396ab7e490f3", "message": "New order created", "meta": null}
{"timestamp": "2025-12-30T12:38:39.384157", "level": "INFO", "service": "order_generator", "event": "ORDER_CREATED", "order_id": "37c793b9-c924-43b2-8b05-8324e7489206", "message": "New order created", "meta": null}
{"timestamp": "2025-12-30T12:38:39.421257", "level": "INFO", "service": "order_generator", "event": "ORDER_CREATED", "order_id": "0a981e8e-b05f-451e-a02e-e589de2f733b", "message": "New order created", "meta": null}
{"timestamp": "2025-12-30T12:38:39.477822", "level": "INFO", "service": "order_generator", "event": "ORDER_CREATED", "order_id": "44a3deea-ff48-4383-ba3c-1a4077b73080", "message": "New order created", "meta": null}
{"timestamp": "2025-12-30T12:38:39.499343", "level": "INFO", "service": "order_generator", "event": "ORDER_CREATED", "order_id": "e107b028-dc5a-44c0-8cc6-0daf6b31a86e", "message": "New order created", "meta": null}
{"timestamp": "2025-12-30T12:38:39.527443", "level": "INFO", "service": "order_generator", "event": "ORDER_CREATED", "order_id": "fa24f3c8-88d4-4e80-881a-9e702d704557", "message": "New order created", "meta": null}
{"timestamp": "2025-12-30T12:38:39.552455", "level": "INFO", "service": "order_generator", "event": "ORDER_CREATED", "order_id": "f2947cbc-e80c-44d6-b121-9f990c06f1cf", "message": "New order created", "meta": null}
{"timestamp": "2025-12-30T12:38:39.583238", "level": "INFO", "service": "order_generator", "event": "ORDER_CREATED", "order_id": "1a9e750a-0f74-49d6-afbd-05e83235cc14", "message": "New order created", "meta": null}
{"timestamp": "2025-12-30T12:38:39.655301", "level": "INFO", "service": "order_generator", "event": "ORDER_CREATED", "order_id": "a323ddda-16aa-41bb-901c-8b41502e3375", "message": "New order created", "meta": null}
{"timestamp": "2025-12-30T12:38:39.761631", "level": "INFO", "service": "order_generator", "event": "ORDER_CREATED", "order_id": "9e606be5-e8b7-495f-98c9-85673e5f5e73", "message": "New order created", "meta": null}
{"timestamp": "2025-12-30T12:38:39.791732", "level": "INFO", "service": "order_generator", "event": "ORDER_CREATED", "order_id": "de41aecd-aa92-4ba0-b2c6-83894d7c1e12", "message": "New order created", "meta": null}
{"timestamp": "2025-12-30T12:38:39.855964", "level": "INFO", "service": "order_generator", "event": "ORDER_CREATED", "order_id": "de53b743-6f2e-4b38-8f3c-047baba1413e", "message": "New order created", "meta": null}
{"timestamp": "2025-12-30T12:38:39.980206", "level": "INFO", "service": "order_generator", "event": "ORDER_CREATED", "order_id": "00cd0fcd-eb68-41d8-8f93-9ea6b11a3dd1", "message": "New order created", "meta": null}
{"timestamp": "2025-12-30T12:38:40.008983", "level": "INFO", "service": "order_generator", "event": "ORDER_CREATED", "order_id": "6b39e13a-31ba-42af-9891-c7180dab5439", "message": "New order created", "meta": null}
{"timestamp": "2025-12-30T12:38:40.031330", "level": "INFO", "service": "order_generator", "event": "ORDER_CREATED", "order_id": "326c281c-1331-40ed-a934-78f5d47aa177", "message": "New order created", "meta": null}
{"timestamp": "2025-12-30T12:38:40.061846", "level": "INFO", "service": "order_generator", "event": "ORDER_CREATED", "order_id": "10779149-9fc4-4826-aac0-c92d2ff43d22", "message": "New order created", "meta": null}
{"timestamp": "2025-12-30T12:38:40.086965", "level": "INFO", "service": "order_generator", "event": "ORDER_CREATED", "order_id": "51a8b670-444b-4cea-9abf-370df4c5a4a8", "message": "New order created", "meta": null}
{"timestamp": "2025-12-30T12:38:40.111038", "level": "INFO", "service": "order_generator", "event": "ORDER_CREATED", "order_id": "e8d65045-8df9-427c-a662-28205cdff84f", "message": "New order created", "meta": null}
{"timestamp": "2025-12-30T12:38:40.137032", "level": "INFO", "service": "order_generator", "event": "ORDER_CREATED", "order_id": "1215c136-3989-48c3-b7cc-ab309ef11c70", "message": "New order created", "meta": null}
{"timestamp": "2025-12-30T12:38:40.166164", "level": "INFO", "service": "order_generator", "event": "ORDER_CREATED", "order_id": "7c4ec737-652e-4212-a645-307309b3cf14", "message": "New order created", "meta": null}
{"timestamp": "2025-12-30T12:38:40.189918", "level": "INFO", "service": "order_generator", "event": "ORDER_CREATED", "order_id": "648f109e-2ecd-4fd2-a442-d0d9cd436b2c", "message": "New order created", "meta": null}
{"timestamp": "2025-12-30T12:38:40.215995", "level": "INFO", "service": "order_generator", "event": "ORDER_CREATED", "order_id": "36ef31fb-7a8f-4ee1-9242-bd2c926f4059", "message": "New order created", "meta": null}
{"timestamp": "2025-12-30T12:38:40.238685", "level": "INFO", "service": "order_generator", "event": "ORDER_CREATED", "order_id": "40c0f5b0-c720-4c26-88c7-1e9f578d8eb2", "message": "New order created", "meta": null}
{"timestamp": "2025-12-30T12:38:40.263458", "level": "INFO", "service": "order_generator", "event": "ORDER_CREATED", "order_id": "fc2fb170-ebd2-48b3-afb7-6642748520e1", "message": "New order created", "meta": null}
{"timestamp": "2025-12-30T12:38:40.289929", "level": "INFO", "service": "order_generator", "event": "ORDER_CREATED", "order_id": "ce5c88f0-4c7e-4ff8-9459-7e01c600a89f", "message": "New order created", "meta": null}
{"timestamp": "2025-12-30T12:38:40.312882", "level": "INFO", "service": "order_generator", "event": "ORDER_CREATED", "order_id": "cdf77b15-53d6-4f05-a79a-e124ad665650", "message": "New order created", "meta": null}
{"timestamp": "2025-12-30T12:38:40.340500", "level": "INFO", "service": "order_generator", "event": "ORDER_CREATED", "order_id": "f9b2a31e-c93f-4aca-ae1d-f82c84e87bb1", "message": "New order created", "meta": null}
{"timestamp": "2025-12-30T12:38:40.366750", "level": "INFO", "service": "order_generator", "event": "ORDER_CREATED", "order_id": "f6eaf223-19d7-44b3-b383-ad5c39bf6d44", "message": "New order created", "meta": null}
{"timestamp": "2025-12-30T12:38:40.388488", "level": "INFO", "service": "order_generator", "event": "ORDER_CREATED", "order_id": "21223875-79b3-4723-a4c1-84075eebb7e9", "message": "New order created", "meta": null}
{"timestamp": "2025-12-30T12:38:40.410989", "level": "INFO", "service": "order_generator", "event": "ORDER_CREATED", "order_id": "95bf2f1b-55bc-410e-823f-cc87cbc032bf", "message": "New order created", "meta": null}
{"timestamp": "2025-12-30T12:38:40.433717", "level": "INFO", "service": "order_generator", "event": "ORDER_CREATED", "order_id": "f770d59a-ed37-44a5-90b8-9c59baacede4", "message": "New order created", "meta": null}
{"timestamp": "2025-12-30T12:38:40.456542", "level": "INFO", "service": "order_generator", "event": "ORDER_CREATED", "order_id": "522940df-2309-4765-8546-56c01b28c4f4", "message": "New order created", "meta": null}
{"timestamp": "2025-12-30T12:38:40.488457", "level": "INFO", "service": "order_generator", "event": "ORDER_CREATED", "order_id": "cf81a459-c2f8-4dc8-ae01-5705d6d845ea", "message": "New order created", "meta": null}
{"timestamp": "2025-12-30T12:38:40.516918", "level": "INFO", "service": "order_generator", "event": "ORDER_CREATED", "order_id": "ced36a7a-05e7-4b54-b9cd-bbf4717092d2", "message": "New order created", "meta": null}
{"timestamp": "2025-12-30T12:38:40.546073", "level": "INFO", "service": "order_generator", "event": "ORDER_CREATED", "order_id": "760a9b62-b29a-4903-afa0-9a8db83e9035", "message": "New order created", "meta": null}
{"timestamp": "2025-12-30T12:38:40.569365", "level": "INFO", "service": "order_generator", "event": "ORDER_CREATED", "order_id": "9dba848e-68ee-4dca-957a-a3bb6fcaff92", "message": "New order created", "meta": null}
{"timestamp": "2025-12-30T12:38:40.595342", "level": "INFO", "service": "order_generator", "event": "ORDER_CREATED", "order_id": "18658db5-8443-4be0-b1e0-f6e51ac76b81", "message": "New order created", "meta": null}
{"timestamp": "2025-12-30T12:38:40.622080", "level": "INFO", "service": "order_generator", "event": "ORDER_CREATED", "order_id": "f2c2fb39-66e1-4d15-9ea0-2d3cb09c47b7", "message": "New order created", "meta": null}
{"timestamp": "2025-12-30T12:38:40.647753", "level": "INFO", "service": "order_generator", "event": "ORDER_CREATED", "order_id": "cb94c2b2-f5b2-4d23-853d-36c9aa9eee42", "message": "New order created", "meta": null}
{"timestamp": "2025-12-30T12:38:40.669806", "level": "INFO", "service": "order_generator", "event": "ORDER_CREATED", "order_id": "69818b0d-4d3c-4104-9678-ce794f3ef18d", "message": "New order created", "meta": null}
{"timestamp": "2025-12-30T12:38:40.693750", "level": "INFO", "service": "order_generator", "event": "ORDER_CREATED", "order_id": "18b9ff8f-62e3-4da7-8a32-2928196bc6ab", "message": "New order created", "meta": null}
{"timestamp": "2025-12-30T12:38:40.720958", "level": "INFO", "service": "order_generator", "event": "ORDER_CREATED", "order_id": "17613aaa-fb4e-46dc-91b5-c273c8ed8d9f", "message": "New order created", "meta": null}
{"timestamp": "2025-12-30T12:38:40.745188", "level": "INFO", "service": "order_generator", "event": "ORDER_CREATED", "order_id": "bd07f4c8-fdfc-4293-b7f9-805eacb74345", "message": "New order created", "meta": null}
{"timestamp": "2025-12-30T12:38:40.767363", "level": "INFO", "service": "order_generator", "event": "ORDER_CREATED", "order_id": "56edbb34-27ae-4220-a86a-f77be28fac7f", "message": "New order created", "meta": null}
{"timestamp": "2025-12-30T12:38:40.801502", "level": "INFO", "service": "order_generator", "event": "ORDER_CREATED", "order_id": "16f8eff6-d2a9-4b44-8454-b2d8170014a0", "message": "New order created", "meta": null}
{"timestamp": "2025-12-30T12:38:40.825225", "level": "INFO", "service": "order_generator", "event": "ORDER_CREATED", "order_id": "cf38052d-8d67-4d03-ad5f-ee95199e08ae", "message": "New order created", "meta": null}
{"timestamp": "2025-12-30T12:38:40.849478", "level": "INFO", "service": "order_generator", "event": "ORDER_CREATED", "order_id": "5ece56bf-9554-4898-ad7f-c9452d204c6f", "message": "New order created", "meta": null}
{"timestamp": "2025-12-30T12:38:40.871937", "level": "INFO", "service": "order_generator", "event": "ORDER_CREATED", "order_id": "63753dc4-ac8c-4e7e-b917-5e6eb46fcbb8", "message": "New order created", "meta": null}
{"timestamp": "2025-12-30T12:38:40.902397", "level": "INFO", "service": "order_generator", "event": "ORDER_CREATED", "order_id": "984eeb8d-98fa-4853-b603-944463a664d4", "message": "New order created", "meta": null}
{"timestamp": "2025-12-30T12:38:40.927530", "level": "INFO", "service": "order_generator", "event": "ORDER_CREATED", "order_id": "6f1d438b-5436-4a6c-bb3b-c64c00b8d205", "message": "New order created", "meta": null}
{"timestamp": "2025-12-30T12:38:40.949842", "level": "INFO", "service": "order_generator", "event": "ORDER_CREATED", "order_id": "46323d0f-b364-4c7d-90de-b9bbfa05e04d", "message": "New order created", "meta": null}
{"timestamp": "2025-12-30T12:38:40.970343", "level": "INFO", "service": "order_generator", "event": "ORDER_CREATED", "order_id": "d592df49-e5e6-4d40-8e40-35d5b72d51bd", "message": "New order created", "meta": null}
{"timestamp": "2025-12-30T12:38:40.996795", "level": "INFO", "service": "order_generator", "event": "ORDER_CREATED", "order_id": "b3650bb3-b695-49df-bd1f-49a267ad2554", "message": "New order created", "meta": null}
{"timestamp": "2025-12-30T12:38:41.020904", "level": "INFO", "service": "order_generator", "event": "ORDER_CREATED", "order_id": "7836e71d-8ecf-4e02-84fd-5552c2e4c0e6", "message": "New order created", "meta": null}
{"timestamp": "2025-12-30T12:38:41.097539", "level": "INFO", "service": "order_generator", "event": "ORDER_CREATED", "order_id": "945f6414-304d-4f5f-8aaa-cff2837c351b", "message": "New order created", "meta": null}
{"timestamp": "2025-12-30T12:38:41.134404", "level": "INFO", "service": "order_generator", "event": "ORDER_CREATED", "order_id": "34a7cf2e-901e-4937-99ca-7df8504799dd", "message": "New order created", "meta": null}
{"timestamp": "2025-12-30T12:38:41.178281", "level": "INFO", "service": "order_generator", "event": "ORDER_CREATED", "order_id": "ca2bc305-4b6d-435c-bd45-cdbc72b1cbbd", "message": "New order created", "meta": null}
{"timestamp": "2025-12-30T12:38:41.234525", "level": "INFO", "service": "order_generator", "event": "ORDER_CREATED", "order_id": "6c2c44dd-f9cf-41e2-8c68-9939471f8b42", "message": "New order created", "meta": null}
{"timestamp": "2025-12-30T12:38:41.306029", "level": "INFO", "service": "order_generator", "event": "ORDER_CREATED", "order_id": "012880ed-2be9-45b8-95ee-a1a335256578", "message": "New order created", "meta": null}
{"timestamp": "2025-12-30T12:38:41.343514", "level": "INFO", "service": "order_generator", "event": "ORDER_CREATED", "order_id": "dea0b024-743d-48cb-805e-1da93129f691", "message": "New order created", "meta": null}
{"timestamp": "2025-12-30T12:38:41.386527", "level": "INFO", "service": "order_generator", "event": "ORDER_CREATED", "order_id": "0257702b-4c16-4d06-a713-747f75cdf565", "message": "New order created", "meta": null}
{"timestamp": "2025-12-30T12:38:41.429164", "level": "INFO", "service": "order_generator", "event": "ORDER_CREATED", "order_id": "d1334d31-ca79-4892-a1c7-5e833302efbb", "message": "New order created", "meta": null}
{"timestamp": "2025-12-30T12:38:41.465355", "level": "INFO", "service": "order_generator", "event": "ORDER_CREATED", "order_id": "73b19088-0f29-4f86-96e1-9f99d3c4a190", "message": "New order created", "meta": null}
{"timestamp": "2025-12-30T12:38:41.491516", "level": "INFO", "service": "order_generator", "event": "ORDER_CREATED", "order_id": "685dc0f4-e090-4bdc-8e0f-aff727e52e70", "message": "New order created", "meta": null}
{"timestamp": "2025-12-30T12:38:41.524374", "level": "INFO", "service": "order_generator", "event": "ORDER_CREATED", "order_id": "4340e1f1-8d31-4215-9a13-3d21d9188566", "message": "New order created", "meta": null}
{"timestamp": "2025-12-30T12:38:41.557656", "level": "INFO", "service": "order_generator", "event": "ORDER_CREATED", "order_id": "2d5df9b5-129f-4de8-838a-88fcd18fd7a6", "message": "New order created", "meta": null}
{"timestamp": "2025-12-30T12:38:41.587989", "level": "INFO", "service": "order_generator", "event": "ORDER_CREATED", "order_id": "523211fa-4002-4c12-9e36-b421acde6423", "message": "New order created", "meta": null}
{"timestamp": "2025-12-30T12:38:41.610535", "level": "INFO", "service": "order_generator", "event": "ORDER_CREATED", "order_id": "dd69de2f-48a9-4d6b-9cd8-ecbec7216b13", "message": "New order created", "meta": null}
{"timestamp": "2025-12-30T12:38:41.632864", "level": "INFO", "service": "order_generator", "event": "ORDER_CREATED", "order_id": "96078f25-0656-4fb7-980a-eb7a0db014db", "message": "New order created", "meta": null}
{"timestamp": "2025-12-30T12:38:41.660767", "level": "INFO", "service": "order_generator", "event": "ORDER_CREATED", "order_id": "2183a5de-555b-49e9-adf5-d54e64137179", "message": "New order created", "meta": null}
{"timestamp": "2025-12-30T12:38:41.685591", "level": "INFO", "service": "order_generator", "event": "ORDER_CREATED", "order_id": "e0eaf17f-4a5b-4146-805c-163f80acf664", "message": "New order created", "meta": null}
{"timestamp": "2025-12-30T12:38:41.710476", "level": "INFO", "service": "order_generator", "event": "ORDER_CREATED", "order_id": "fa8a2217-4b8c-4ec5-b758-ec7726e4d7cf", "message": "New order created", "meta": null}
{"timestamp": "2025-12-30T12:38:41.732639", "level": "INFO", "service": "order_generator", "event": "ORDER_CREATED", "order_id": "f0c6f168-2e18-4ebc-b166-d320558b31bf", "message": "New order created", "meta": null}
{"timestamp": "2025-12-30T12:38:41.754804", "level": "INFO", "service": "order_generator", "event": "ORDER_CREATED", "order_id": "97294808-571e-4388-bc6c-ab7f07b84eb4", "message": "New order created", "meta": null}
{"timestamp": "2025-12-30T12:38:41.781152", "level": "INFO", "service": "order_generator", "event": "ORDER_CREATED", "order_id": "085a80bb-3c61-4398-85c3-84210784e212", "message": "New order created", "meta": null}
{"timestamp": "2025-12-30T12:38:41.807750", "level": "INFO", "service": "order_generator", "event": "ORDER_CREATED", "order_id": "f5f4d7c9-d498-4ed8-abc8-088d00f2fd7f", "message": "New order created", "meta": null}
{"timestamp": "2025-12-30T12:38:41.831272", "level": "INFO", "service": "order_generator", "event": "ORDER_CREATED", "order_id": "e39278e8-d05d-4ada-ae95-648939ae44d5", "message": "New order created", "meta": null}
{"timestamp": "2025-12-30T12:38:41.857739", "level": "INFO", "service": "order_generator", "event": "ORDER_CREATED", "order_id": "3605d7c2-3543-4282-98ea-f1d1b40a21b4", "message": "New order created", "meta": null}
{"timestamp": "2025-12-30T12:38:41.880339", "level": "INFO", "service": "order_generator", "event": "ORDER_CREATED", "order_id": "0ade2457-a867-4868-8857-d9a3bed9a8fe", "message": "New order created", "meta": null}
{"timestamp": "2025-12-30T12:38:41.907924", "level": "INFO", "service": "order_generator", "event": "ORDER_CREATED", "order_id": "315e295b-6c21-4e5c-83e8-b346fca201d9", "message": "New order created", "meta": null}
{"timestamp": "2025-12-30T12:38:41.931632", "level": "INFO", "service": "order_generator", "event": "ORDER_CREATED", "order_id": "278d823f-5606-4fa1-8a04-6a02f63aac73", "message": "New order created", "meta": null}
{"timestamp": "2025-12-30T12:38:41.958367", "level": "INFO", "service": "order_generator", "event": "ORDER_CREATED", "order_id": "fe96c126-4884-45dd-ae62-914d97df599c", "message": "New order created", "meta": null}
{"timestamp": "2025-12-30T12:38:41.981234", "level": "INFO", "service": "order_generator", "event": "ORDER_CREATED", "order_id": "60a2c6e0-106b-4e32-9f19-8df7dab1f789", "message": "New order created", "meta": null}
{"timestamp": "2025-12-30T12:38:42.005391", "level": "INFO", "service": "order_generator", "event": "ORDER_CREATED", "order_id": "393dd6f1-161a-4706-b81b-547ff11a7753", "message": "New order created", "meta": null}
{"timestamp": "2025-12-30T12:38:42.032487", "level": "INFO", "service": "order_generator", "event": "ORDER_CREATED", "order_id": "4cc18de7-911c-4ac3-87b3-94ebd3e21e56", "message": "New order created", "meta": null}
{"timestamp": "2025-12-30T12:38:42.053841", "level": "INFO", "service": "order_generator", "event": "ORDER_CREATED", "order_id": "f8416c96-7d31-4a72-8732-bd11d3ac3a31", "message": "New order created", "meta": null}
{"timestamp": "2025-12-30T12:38:42.078525", "level": "INFO", "service": "order_generator", "event": "ORDER_CREATED", "order_id": "1d28aed2-fc56-4d6d-b4e9-0c2416f87cc5", "message": "New order created", "meta": null}
{"timestamp": "2025-12-30T12:38:42.100605", "level": "INFO", "service": "order_generator", "event": "ORDER_CREATED", "order_id": "aa076607-a7d1-4cf0-9067-d74dd861c394", "message": "New order created", "meta": null}
{"timestamp": "2025-12-30T12:38:42.134152", "level": "INFO", "service": "order_generator", "event": "ORDER_CREATED", "order_id": "0e9f1db1-266b-4076-9345-8328f60da64d", "message": "New order created", "meta": null}
{"timestamp": "2025-12-30T12:38:42.157011", "level": "INFO", "service": "order_generator", "event": "ORDER_CREATED", "order_id": "d0b123dc-f206-43d7-8ac8-cabb5cb73c39", "message": "New order created", "meta": null}
{"timestamp": "2025-12-30T12:38:42.182810", "level": "INFO", "service": "order_generator", "event": "ORDER_CREATED", "order_id": "d949e47b-55b1-4521-b9a3-dc6affbf5ed3", "message": "New order created", "meta": null}
{"timestamp": "2025-12-30T12:38:42.205333", "level": "INFO", "service": "order_generator", "event": "ORDER_CREATED", "order_id": "fca73000-66d4-4c83-8b39-f6e7d816047e", "message": "New order created", "meta": null}
{"timestamp": "2025-12-30T12:38:42.227493", "level": "INFO", "service": "order_generator", "event": "ORDER_CREATED", "order_id": "22489a71-f95a-4245-be77-203a6d37d273", "message": "New order created", "meta": null}
{"timestamp": "2025-12-30T12:38:42.251783", "level": "INFO", "service": "order_generator", "event": "ORDER_CREATED", "order_id": "8dbffde2-4b97-46d8-855f-b666811d4674", "message": "New order created", "meta": null}
{"timestamp": "2025-12-30T12:38:42.275572", "level": "INFO", "service": "order_generator", "event": "ORDER_CREATED", "order_id": "801f1fee-57e2-4e88-a3b9-df8626a66674", "message": "New order created", "meta": null}
{"timestamp": "2025-12-30T12:38:42.302224", "level": "INFO", "service": "order_generator", "event": "ORDER_CREATED", "order_id": "fa46124c-7cd2-4556-a051-4235b04e8070", "message": "New order created", "meta": null}
{"timestamp": "2025-12-30T12:38:42.327116", "level": "INFO", "service": "order_generator", "event": "ORDER_CREATED", "order_id": "f554f7da-28e3-4c23-b936-4505aecc46d5", "message": "New order created", "meta": null}
{"timestamp": "2025-12-30T12:38:42.351492", "level": "INFO", "service": "order_generator", "event": "ORDER_CREATED", "order_id": "e13d8550-ff35-4838-b861-93da8bf77f92", "message": "New order created", "meta": null}
{"timestamp": "2025-12-30T12:38:42.373536", "level": "INFO", "service": "order_generator", "event": "ORDER_CREATED", "order_id": "f5bfc8bb-748c-4b41-9fee-54bd7b0136d2", "message": "New order created", "meta": null}
{"timestamp": "2025-12-30T12:38:42.395827", "level": "INFO", "service": "order_generator", "event": "ORDER_CREATED", "order_id": "e0da733a-286a-484f-b945-43d906743126", "message": "New order created", "meta": null}
{"timestamp": "2025-12-30T12:38:42.431678", "level": "INFO", "service": "order_generator", "event": "ORDER_CREATED", "order_id": "3b2ac9ff-4b91-4383-8db4-ee81e639fb9e", "message": "New order created", "meta": null}
{"timestamp": "2025-12-30T12:38:42.459881", "level": "INFO", "service": "order_generator", "event": "ORDER_CREATED", "order_id": "7b36c571-db2c-4a2b-a057-ca6f4d022d17", "message": "New order created", "meta": null}
{"timestamp": "2025-12-30T12:38:42.499095", "level": "INFO", "service": "order_generator", "event": "ORDER_CREATED", "order_id": "51d4c87c-2afc-4701-8f7e-e40ba58d7108", "message": "New order created", "meta": null}
{"timestamp": "2025-12-30T12:38:42.523220", "level": "INFO", "service": "order_generator", "event": "ORDER_CREATED", "order_id": "91561c8f-02c6-49bb-9c90-0db97d94cac7", "message": "New order created", "meta": null}
{"timestamp": "2025-12-30T12:38:42.550867", "level": "INFO", "service": "order_generator", "event": "ORDER_CREATED", "order_id": "23287c4e-1637-4cc9-896a-1bcb90b5412e", "message": "New order created", "meta": null}
{"timestamp": "2025-12-30T12:38:42.571894", "level": "INFO", "service": "order_generator", "event": "ORDER_CREATED", "order_id": "280e1b9c-a828-406f-a8ca-5ed067399a30", "message": "New order created", "meta": null}
{"timestamp": "2025-12-30T12:38:42.599194", "level": "INFO", "service": "order_generator", "event": "ORDER_CREATED", "order_id": "7f293055-aa85-47d8-ae89-916661616870", "message": "New order created", "meta": null}
{"timestamp": "2025-12-30T12:38:42.625890", "level": "INFO", "service": "order_generator", "event": "ORDER_CREATED", "order_id": "e2b93969-1ab0-4474-947a-cfb07c733d69", "message": "New order created", "meta": null}
{"timestamp": "2025-12-30T12:38:42.666168", "level": "INFO", "service": "order_generator", "event": "ORDER_CREATED", "order_id": "4fefee70-5a1c-4f14-a13a-c881f6a90a90", "message": "New order created", "meta": null}
{"timestamp": "2025-12-30T12:38:42.691251", "level": "INFO", "service": "order_generator", "event": "ORDER_CREATED", "order_id": "33172ca3-3618-41ad-bd5d-58ef1acbfa75", "message": "New order created", "meta": null}
{"timestamp": "2025-12-30T12:38:42.715047", "level": "INFO", "service": "order_generator", "event": "ORDER_CREATED", "order_id": "b8bbef30-5716-4e87-9f0d-104cdab68b54", "message": "New order created", "meta": null}
{"timestamp": "2025-12-30T12:38:42.742483", "level": "INFO", "service": "order_generator", "event": "ORDER_CREATED", "order_id": "7f4ffa7c-e66c-4c10-b6fa-3fe6651b66e1", "message": "New order created", "meta": null}
{"timestamp": "2025-12-30T12:38:42.766276", "level": "INFO", "service": "order_generator", "event": "ORDER_CREATED", "order_id": "5a83222b-992b-429c-90b1-7d8bc1700bb7", "message": "New order created", "meta": null}
{"timestamp": "2025-12-30T12:38:42.787841", "level": "INFO", "service": "order_generator", "event": "ORDER_CREATED", "order_id": "846ac782-efdd-47d3-bd02-070448e07f4e", "message": "New order created", "meta": null}
{"timestamp": "2025-12-30T12:38:42.810944", "level": "INFO", "service": "order_generator", "event": "ORDER_CREATED", "order_id": "0f5f3a11-0102-4177-94a4-2a121afd3485", "message": "New order created", "meta": null}
{"timestamp": "2025-12-30T12:38:42.833863", "level": "INFO", "service": "order_generator", "event": "ORDER_CREATED", "order_id": "1951da2f-7551-4f5b-892d-9fcd90bf70b9", "message": "New order created", "meta": null}
{"timestamp": "2025-12-30T12:38:42.858990", "level": "INFO", "service": "order_generator", "event": "ORDER_CREATED", "order_id": "4d9e0271-3cc4-454a-97aa-47be208f77fc", "message": "New order created", "meta": null}
{"timestamp": "2025-12-30T12:38:42.886247", "level": "INFO", "service": "order_generator", "event": "ORDER_CREATED", "order_id": "7ad63866-0f33-4b92-8603-823a76b0859d", "message": "New order created", "meta": null}
{"timestamp": "2025-12-30T12:38:42.910528", "level": "INFO", "service": "order_generator", "event": "ORDER_CREATED", "order_id": "74faee27-3e63-4c26-87fb-d845e6cba9c1", "message": "New order created", "meta": null}
{"timestamp": "2025-12-30T12:38:42.933624", "level": "INFO", "service": "order_generator", "event": "ORDER_CREATED", "order_id": "e6766301-37c3-4ee6-b87d-c87d38a77481", "message": "New order created", "meta": null}
{"timestamp": "2025-12-30T12:38:42.957406", "level": "INFO", "service": "order_generator", "event": "ORDER_CREATED", "order_id": "70747b8a-dd9b-44be-8928-3144fbabc027", "message": "New order created", "meta": null}
{"timestamp": "2025-12-30T12:38:42.981291", "level": "INFO", "service": "order_generator", "event": "ORDER_CREATED", "order_id": "6dd4851f-f336-4c1a-815f-626bbe772892", "message": "New order created", "meta": null}
{"timestamp": "2025-12-30T12:38:43.015453", "level": "INFO", "service": "order_generator", "event": "ORDER_CREATED", "order_id": "3f8deeb9-4222-4f5c-a04b-2dd7889db541", "message": "New order created", "meta": null}
{"timestamp": "2025-12-30T12:38:43.038526", "level": "INFO", "service": "order_generator", "event": "ORDER_CREATED", "order_id": "6eb2c5d0-8a9a-4b9f-8626-8e8484afa507", "message": "New order created", "meta": null}
{"timestamp": "2025-12-30T12:38:43.066420", "level": "INFO", "service": "order_generator", "event": "ORDER_CREATED", "order_id": "697af807-0325-49e1-9c94-db70e22dde6e", "message": "New order created", "meta": null}
{"timestamp": "2025-12-30T12:38:43.099624", "level": "INFO", "service": "order_generator", "event": "ORDER_CREATED", "order_id": "4e2fb29c-59ac-4ef5-8beb-f147245506cc", "message": "New order created", "meta": null}
{"timestamp": "2025-12-30T12:38:43.124971", "level": "INFO", "service": "order_generator", "event": "ORDER_CREATED", "order_id": "dd87e45b-e4df-4a5a-8b93-5a24cbbe5c8d", "message": "New order created", "meta": null}
{"timestamp": "2025-12-30T12:38:43.151800", "level": "INFO", "service": "order_generator", "event": "ORDER_CREATED", "order_id": "4b9770b1-2daa-4e1c-9cde-b218b21474a5", "message": "New order created", "meta": null}
{"timestamp": "2025-12-30T12:38:43.178007", "level": "INFO", "service": "order_generator", "event": "ORDER_CREATED", "order_id": "6fe95f1a-bae7-48b5-909d-dea940c5d2f4", "message": "New order created", "meta": null}
{"timestamp": "2025-12-30T12:38:43.201265", "level": "INFO", "service": "order_generator", "event": "ORDER_CREATED", "order_id": "7d9c3044-2fe6-47b1-8abc-b17120f627cc", "message": "New order created", "meta": null}
{"timestamp": "2025-12-30T12:38:43.226530", "level": "INFO", "service": "order_generator", "event": "ORDER_CREATED", "order_id": "06d41a75-f956-419d-b849-4fda18f4beb7", "message": "New order created", "meta": null}
{"timestamp": "2025-12-30T12:38:43.251397", "level": "INFO", "service": "order_generator", "event": "ORDER_CREATED", "order_id": "a2ce0be6-bb49-4e44-a810-f8f9b5939af6", "message": "New order created", "meta": null}
{"timestamp": "2025-12-30T12:38:43.279004", "level": "INFO", "service": "order_generator", "event": "ORDER_CREATED", "order_id": "35dcb645-cac9-4627-961c-32256aab3397", "message": "New order created", "meta": null}
{"timestamp": "2025-12-30T12:38:43.306287", "level": "INFO", "service": "order_generator", "event": "ORDER_CREATED", "order_id": "c032e8b5-5d80-4a7d-add2-8caaa7c225ae", "message": "New order created", "meta": null}
{"timestamp": "2025-12-30T12:38:43.329538", "level": "INFO", "service": "order_generator", "event": "ORDER_CREATED", "order_id": "408d9dfb-87be-47ff-a972-a6be91f0676a", "message": "New order created", "meta": null}
{"timestamp": "2025-12-30T12:38:43.354890", "level": "INFO", "service": "order_generator", "event": "ORDER_CREATED", "order_id": "77ce44e2-3b89-4bf5-9e74-938a291c7e03", "message": "New order created", "meta": null}
{"timestamp": "2025-12-30T12:38:43.380123", "level": "INFO", "service": "order_generator", "event": "ORDER_CREATED", "order_id": "bfc7bc58-e636-4cad-8725-5ff6b5853f6b", "message": "New order created", "meta": null}
{"timestamp": "2025-12-30T12:38:43.402331", "level": "INFO", "service": "order_generator", "event": "ORDER_CREATED", "order_id": "f26cf310-aed5-4f70-969a-521b5e075963", "message": "New order created", "meta": null}
{"timestamp": "2025-12-30T12:38:43.423283", "level": "INFO", "service": "order_generator", "event": "ORDER_CREATED", "order_id": "9d4180e7-c770-491b-abc9-ea4bcfb5cd9c", "message": "New order created", "meta": null}
{"timestamp": "2025-12-30T12:38:43.449660", "level": "INFO", "service": "order_generator", "event": "ORDER_CREATED", "order_id": "3f6e228f-41ca-401a-a13a-9b7840a66926", "message": "New order created", "meta": null}
{"timestamp": "2025-12-30T12:38:43.475494", "level": "INFO", "service": "order_generator", "event": "ORDER_CREATED", "order_id": "9a761a5a-a8a9-4743-8b0b-efe27709279d", "message": "New order created", "meta": null}
{"timestamp": "2025-12-30T12:38:43.560838", "level": "INFO", "service": "order_generator", "event": "ORDER_CREATED", "order_id": "ef2eb369-d8f9-4444-afd2-a9cfde31f6cb", "message": "New order created", "meta": null}
{"timestamp": "2025-12-30T12:38:43.677068", "level": "INFO", "service": "order_generator", "event": "ORDER_CREATED", "order_id": "4f6cdac4-fb52-42f2-9bac-3a4b5c035918", "message": "New order created", "meta": null}
{"timestamp": "2025-12-30T12:38:43.719275", "level": "INFO", "service": "order_generator", "event": "ORDER_CREATED", "order_id": "858ba8e4-771f-403f-86fa-09f596d63ee9", "message": "New order created", "meta": null}
{"timestamp": "2025-12-30T12:38:43.771567", "level": "INFO", "service": "order_generator", "event": "ORDER_CREATED", "order_id": "b24662db-cb45-4789-9c66-e43fc443118a", "message": "New order created", "meta": null}
{"timestamp": "2025-12-30T12:38:43.882348", "level": "INFO", "service": "order_generator", "event": "ORDER_CREATED", "order_id": "8aa5a53b-8c7c-4d47-9093-31dca75c0ff3", "message": "New order created", "meta": null}
{"timestamp": "2025-12-30T12:38:43.907711", "level": "INFO", "service": "order_generator", "event": "ORDER_CREATED", "order_id": "750397d2-2b95-439a-96ca-783b62151e21", "message": "New order created", "meta": null}
{"timestamp": "2025-12-30T12:38:43.940977", "level": "INFO", "service": "order_generator", "event": "ORDER_CREATED", "order_id": "d1020eef-e1c4-4642-af2d-ccee26cbc67b", "message": "New order created", "meta": null}
{"timestamp": "2025-12-30T12:38:43.970328", "level": "INFO", "service": "order_generator", "event": "ORDER_CREATED", "order_id": "56326a23-2f26-4fd2-8d8e-763561909031", "message": "New order created", "meta": null}
{"timestamp": "2025-12-30T12:38:44.006948", "level": "INFO", "service": "order_generator", "event": "ORDER_CREATED", "order_id": "b0a611f7-27a1-4418-a850-1a7eea85a2b7", "message": "New order created", "meta": null}
{"timestamp": "2025-12-30T12:38:44.039117", "level": "INFO", "service": "order_generator", "event": "ORDER_CREATED", "order_id": "8d696883-4f14-47b5-850b-799b6b6b4df5", "message": "New order created", "meta": null}
{"timestamp": "2025-12-30T12:38:44.066912", "level": "INFO", "service": "order_generator", "event": "ORDER_CREATED", "order_id": "fd58bcee-4c7c-4cba-8fba-1c0ac2507ed6", "message": "New order created", "meta": null}
{"timestamp": "2025-12-30T12:38:44.092745", "level": "INFO", "service": "order_generator", "event": "ORDER_CREATED", "order_id": "a77b90d2-8e9a-4c61-9b9b-a8671da7315e", "message": "New order created", "meta": null}
{"timestamp": "2025-12-30T12:38:44.119774", "level": "INFO", "service": "order_generator", "event": "ORDER_CREATED", "order_id": "c86baf63-57cf-4b8e-833a-e4e9bb94eaa5", "message": "New order created", "meta": null}
{"timestamp": "2025-12-30T12:38:44.143462", "level": "INFO", "service": "order_generator", "event": "ORDER_CREATED", "order_id": "774451dd-3d14-419a-ac14-3c462385c006", "message": "New order created", "meta": null}
{"timestamp": "2025-12-30T12:38:44.174547", "level": "INFO", "service": "order_generator", "event": "ORDER_CREATED", "order_id": "d4e68920-81f2-4ac7-9492-7a3779f10120", "message": "New order created", "meta": null}
{"timestamp": "2025-12-30T12:38:44.205262", "level": "INFO", "service": "order_generator", "event": "ORDER_CREATED", "order_id": "9cc7b9a9-5a4c-4602-b0a1-a83bb6882dea", "message": "New order created", "meta": null}
{"timestamp": "2025-12-30T12:38:44.232095", "level": "INFO", "service": "order_generator", "event": "ORDER_CREATED", "order_id": "178bdff5-4faf-41f6-adc0-79a6549f51a8", "message": "New order created", "meta": null}
{"timestamp": "2025-12-30T12:38:44.256428", "level": "INFO", "service": "order_generator", "event": "ORDER_CREATED", "order_id": "e9451167-a51d-4d8c-9151-25e56222ac3a", "message": "New order created", "meta": null}
{"timestamp": "2025-12-30T12:38:44.284631", "level": "INFO", "service": "order_generator", "event": "ORDER_CREATED", "order_id": "e7b5086a-1dcb-4883-97c7-f7bdeef422eb", "message": "New order created", "meta": null}
{"timestamp": "2025-12-30T12:38:44.309772", "level": "INFO", "service": "order_generator", "event": "ORDER_CREATED", "order_id": "5b84364f-cac6-427a-a7b8-183eef4bf276", "message": "New order created", "meta": null}
{"timestamp": "2025-12-30T12:38:44.335309", "level": "INFO", "service": "order_generator", "event": "ORDER_CREATED", "order_id": "b66e18be-49fa-44f0-8afa-2849b9531cb4", "message": "New order created", "meta": null}
{"timestamp": "2025-12-30T12:38:44.362779", "level": "INFO", "service": "order_generator", "event": "ORDER_CREATED", "order_id": "9a62f91e-b060-45e5-9bc0-4303b73c019b", "message": "New order created", "meta": null}
{"timestamp": "2025-12-30T12:38:44.390980", "level": "INFO", "service": "order_generator", "event": "ORDER_CREATED", "order_id": "ad3a78b3-f31d-49cc-af9a-591dd4413c9e", "message": "New order created", "meta": null}
{"timestamp": "2025-12-30T12:38:44.424615", "level": "INFO", "service": "order_generator", "event": "ORDER_CREATED", "order_id": "1507f9aa-0b10-4f37-a2c9-eff412a595d2", "message": "New order created", "meta": null}
{"timestamp": "2025-12-30T12:38:44.464724", "level": "INFO", "service": "order_generator", "event": "ORDER_CREATED", "order_id": "7e251a79-a5dc-4220-b17d-f9cf58bbfa0d", "message": "New order created", "meta": null}
{"timestamp": "2025-12-30T12:38:44.543578", "level": "INFO", "service": "order_generator", "event": "ORDER_CREATED", "order_id": "616812e4-13f8-43e8-b048-98e1d27433bc", "message": "New order created", "meta": null}
{"timestamp": "2025-12-30T12:38:44.588399", "level": "INFO", "service": "order_generator", "event": "ORDER_CREATED", "order_id": "f51fc82f-37d3-43bb-adc4-d5435365006f", "message": "New order created", "meta": null}
{"timestamp": "2025-12-30T12:38:44.614120", "level": "INFO", "service": "order_generator", "event": "ORDER_CREATED", "order_id": "bff78740-8ab3-46dc-8ca1-0d4533ece2e9", "message": "New order created", "meta": null}
{"timestamp": "2025-12-30T12:38:44.643517", "level": "INFO", "service": "order_generator", "event": "ORDER_CREATED", "order_id": "224ddd5f-84a5-4784-87f5-514334e4176f", "message": "New order created", "meta": null}
{"timestamp": "2025-12-30T12:38:44.681481", "level": "INFO", "service": "order_generator", "event": "ORDER_CREATED", "order_id": "7c88cc3c-11d9-4745-b42e-3f502d74d006", "message": "New order created", "meta": null}
{"timestamp": "2025-12-30T12:38:44.706020", "level": "INFO", "service": "order_generator", "event": "ORDER_CREATED", "order_id": "48f36d30-d33c-4f40-8295-2027ab01487b", "message": "New order created", "meta": null}
{"timestamp": "2025-12-30T12:38:44.737195", "level": "INFO", "service": "order_generator", "event": "ORDER_CREATED", "order_id": "503de9d4-9692-404e-acd0-b4e723fdf626", "message": "New order created", "meta": null}
{"timestamp": "2025-12-30T12:38:44.767524", "level": "INFO", "service": "order_generator", "event": "ORDER_CREATED", "order_id": "272a9524-e7fa-407e-94a6-b9795145c08c", "message": "New order created", "meta": null}
{"timestamp": "2025-12-30T12:38:44.796395", "level": "INFO", "service": "order_generator", "event": "ORDER_CREATED", "order_id": "5b8d7ffa-a2b5-41f5-b6b2-0edb0a2dc0ac", "message": "New order created", "meta": null}
{"timestamp": "2025-12-30T12:38:44.828505", "level": "INFO", "service": "order_generator", "event": "ORDER_CREATED", "order_id": "4e193387-1337-43bb-99b3-83b807e90e11", "message": "New order created", "meta": null}
{"timestamp": "2025-12-30T12:38:44.909458", "level": "INFO", "service": "order_generator", "event": "ORDER_CREATED", "order_id": "4262ff57-75a6-4fbf-b9b1-e8fc7f26fd47", "message": "New order created", "meta": null}
{"timestamp": "2025-12-30T12:38:44.932172", "level": "INFO", "service": "order_generator", "event": "ORDER_CREATED", "order_id": "5a2e6536-1f98-4b1a-a088-a80c2c385a51", "message": "New order created", "meta": null}
{"timestamp": "2025-12-30T12:38:45.011087", "level": "INFO", "service": "order_generator", "event": "ORDER_CREATED", "order_id": "c0b62bc7-adb5-4160-93af-ce4c48103be5", "message": "New order created", "meta": null}
{"timestamp": "2025-12-30T12:38:45.034946", "level": "INFO", "service": "order_generator", "event": "ORDER_CREATED", "order_id": "f59a4d3c-03ae-4470-a7c0-318e75c33e1d", "message": "New order created", "meta": null}
{"timestamp": "2025-12-30T12:38:45.057860", "level": "INFO", "service": "order_generator", "event": "ORDER_CREATED", "order_id": "55734425-77c2-4e97-ac23-c76bff4d6f6c", "message": "New order created", "meta": null}
{"timestamp": "2025-12-30T12:38:45.080782", "level": "INFO", "service": "order_generator", "event": "ORDER_CREATED", "order_id": "39f131fa-9788-428c-9ba0-0dd3a91aa749", "message": "New order created", "meta": null}
{"timestamp": "2025-12-30T12:38:45.101152", "level": "INFO", "service": "order_generator", "event": "ORDER_CREATED", "order_id": "fd4813c2-2b13-411d-9c2f-becc376f10ff", "message": "New order created", "meta": null}
{"timestamp": "2025-12-30T12:38:45.138259", "level": "INFO", "service": "order_generator", "event": "ORDER_CREATED", "order_id": "011be05b-ab19-4abf-9606-6e0dc26ec799", "message": "New order created", "meta": null}
{"timestamp": "2025-12-30T12:38:45.207151", "level": "INFO", "service": "order_generator", "event": "ORDER_CREATED", "order_id": "e19f4fa6-e51b-462e-b958-8462fd8ac495", "message": "New order created", "meta": null}
{"timestamp": "2025-12-30T12:38:45.234622", "level": "INFO", "service": "order_generator", "event": "ORDER_CREATED", "order_id": "eddcc5f3-2fec-4334-96df-6d3fb70f94d4", "message": "New order created", "meta": null}
{"timestamp": "2025-12-30T12:38:45.261872", "level": "INFO", "service": "order_generator", "event": "ORDER_CREATED", "order_id": "ec3a81e9-7ded-4982-b952-09d3307aa441", "message": "New order created", "meta": null}
{"timestamp": "2025-12-30T12:38:45.285545", "level": "INFO", "service": "order_generator", "event": "ORDER_CREATED", "order_id": "c773e3d3-3fa6-4a90-9cbb-a32dcc46c3b2", "message": "New order created", "meta": null}
{"timestamp": "2025-12-30T12:38:45.310965", "level": "INFO", "service": "order_generator", "event": "ORDER_CREATED", "order_id": "7d714760-6eeb-43e4-b87d-3ecfd20446ce", "message": "New order created", "meta": null}
{"timestamp": "2025-12-30T12:38:45.335989", "level": "INFO", "service": "order_generator", "event": "ORDER_CREATED", "order_id": "0fba94fd-19dd-4cb1-b33e-4669623355fa", "message": "New order created", "meta": null}
{"timestamp": "2025-12-30T12:38:45.365239", "level": "INFO", "service": "order_generator", "event": "ORDER_CREATED", "order_id": "dc4f02b0-4c8b-4b2e-a1cf-d1bc1c6d9f47", "message": "New order created", "meta": null}
{"timestamp": "2025-12-30T12:38:45.394376", "level": "INFO", "service": "order_generator", "event": "ORDER_CREATED", "order_id": "880c7bd6-448c-4cd1-b93b-3c6126cde9a7", "message": "New order created", "meta": null}
{"timestamp": "2025-12-30T12:38:45.432220", "level": "INFO", "service": "order_generator", "event": "ORDER_CREATED", "order_id": "b0807bdb-1e51-4d4a-a67e-aa1e6028c947", "message": "New order created", "meta": null}
{"timestamp": "2025-12-30T12:38:45.460527", "level": "INFO", "service": "order_generator", "event": "ORDER_CREATED", "order_id": "241d8244-5fe1-46b5-bd95-67b02552667c", "message": "New order created", "meta": null}
{"timestamp": "2025-12-30T12:38:45.488897", "level": "INFO", "service": "order_generator", "event": "ORDER_CREATED", "order_id": "8a37532b-1a5f-4af3-96cd-f8f029224478", "message": "New order created", "meta": null}
{"timestamp": "2025-12-30T12:38:45.513542", "level": "INFO", "service": "order_generator", "event": "ORDER_CREATED", "order_id": "1b28233b-bc77-49e8-9d97-fbca64602423", "message": "New order created", "meta": null}
{"timestamp": "2025-12-30T12:38:45.540560", "level": "INFO", "service": "order_generator", "event": "ORDER_CREATED", "order_id": "52a87355-7181-4ff8-b816-53bdd9d5b94e", "message": "New order created", "meta": null}
{"timestamp": "2025-12-30T12:38:45.566638", "level": "INFO", "service": "order_generator", "event": "ORDER_CREATED", "order_id": "2f44ff7d-9a44-4a2a-a268-8f2125e2ea17", "message": "New order created", "meta": null}
{"timestamp": "2025-12-30T12:38:45.806327", "level": "INFO", "service": "order_generator", "event": "ORDER_CREATED", "order_id": "41f16219-5839-45d3-b1a0-82c175bcbd9e", "message": "New order created", "meta": null}
{"timestamp": "2025-12-30T12:38:45.830426", "level": "INFO", "service": "order_generator", "event": "ORDER_CREATED", "order_id": "2ec1c3ef-fa52-4183-84ab-ff9754579e99", "message": "New order created", "meta": null}
{"timestamp": "2025-12-30T12:38:45.858688", "level": "INFO", "service": "order_generator", "event": "ORDER_CREATED", "order_id": "08f5be75-a435-41f5-8108-c2ae6a2a9cb5", "message": "New order created", "meta": null}
{"timestamp": "2025-12-30T12:38:46.039227", "level": "INFO", "service": "order_generator", "event": "ORDER_CREATED", "order_id": "2b69511a-09ef-4f56-8153-97eef17646e1", "message": "New order created", "meta": null}
{"timestamp": "2025-12-30T12:38:46.067603", "level": "INFO", "service": "order_generator", "event": "ORDER_CREATED", "order_id": "cc7818dc-9694-44c3-b681-8eb1b584149c", "message": "New order created", "meta": null}
{"timestamp": "2025-12-30T12:38:46.091906", "level": "INFO", "service": "order_generator", "event": "ORDER_CREATED", "order_id": "a5c0f2d8-9c75-41d0-bc8d-0bef9af6d4f9", "message": "New order created", "meta": null}
{"timestamp": "2025-12-30T12:38:46.114534", "level": "INFO", "service": "order_generator", "event": "ORDER_CREATED", "order_id": "b11c167a-f10f-460e-9708-36b109ccf350", "message": "New order created", "meta": null}
{"timestamp": "2025-12-30T12:38:46.140067", "level": "INFO", "service": "order_generator", "event": "ORDER_CREATED", "order_id": "d46655b0-8c9a-441b-80cf-de03b5cd0752", "message": "New order created", "meta": null}
{"timestamp": "2025-12-30T12:38:46.166105", "level": "INFO", "service": "order_generator", "event": "ORDER_CREATED", "order_id": "b0ef5307-2f1f-49e7-82ee-f1673d0af05e", "message": "New order created", "meta": null}
{"timestamp": "2025-12-30T12:38:46.189525", "level": "INFO", "service": "order_generator", "event": "ORDER_CREATED", "order_id": "d05c8974-e8cf-4323-b407-914793424142", "message": "New order created", "meta": null}
{"timestamp": "2025-12-30T12:38:46.212576", "level": "INFO", "service": "order_generator", "event": "ORDER_CREATED", "order_id": "7b841ec5-8986-4fe0-9c6f-1a377398fd0e", "message": "New order created", "meta": null}
{"timestamp": "2025-12-30T12:38:46.437967", "level": "INFO", "service": "order_generator", "event": "ORDER_CREATED", "order_id": "e3fe1f75-6319-4650-90df-c2383d240a18", "message": "New order created", "meta": null}
{"timestamp": "2025-12-30T12:38:46.466428", "level": "INFO", "service": "order_generator", "event": "ORDER_CREATED", "order_id": "29f553db-5cd0-4aa0-a81e-a559949a5088", "message": "New order created", "meta": null}
{"timestamp": "2025-12-30T12:38:46.485953", "level": "INFO", "service": "order_generator", "event": "ORDER_CREATED", "order_id": "f5da18f6-24ed-49f1-a625-49bd3fbc8853", "message": "New order created", "meta": null}
{"timestamp": "2025-12-30T12:38:46.531829", "level": "INFO", "service": "order_generator", "event": "ORDER_CREATED", "order_id": "0a03882c-95b6-4139-b0ad-26031c3f8f29", "message": "New order created", "meta": null}
{"timestamp": "2025-12-30T12:38:46.550244", "level": "INFO", "service": "order_generator", "event": "ORDER_CREATED", "order_id": "1d22d7c1-fbdf-4082-bba5-c02badbf9c5c", "message": "New order created", "meta": null}
{"timestamp": "2025-12-30T12:38:46.568088", "level": "INFO", "service": "order_generator", "event": "ORDER_CREATED", "order_id": "e1bf34fd-9afe-4863-a0da-71db61918f57", "message": "New order created", "meta": null}
{"timestamp": "2025-12-30T12:38:46.592812", "level": "INFO", "service": "order_generator", "event": "ORDER_CREATED", "order_id": "c9d8ba33-a338-4ac1-87ed-e17da94cfbf6", "message": "New order created", "meta": null}
{"timestamp": "2025-12-30T12:38:46.761671", "level": "INFO", "service": "order_generator", "event": "ORDER_CREATED", "order_id": "38285731-9f0a-4f67-8010-17e530f9ed56", "message": "New order created", "meta": null}
{"timestamp": "2025-12-30T12:38:46.782079", "level": "INFO", "service": "order_generator", "event": "ORDER_CREATED", "order_id": "41bbc287-1761-4a9c-97f9-8c1a7c587e6a", "message": "New order created", "meta": null}
{"timestamp": "2025-12-30T12:38:46.821783", "level": "INFO", "service": "order_generator", "event": "ORDER_CREATED", "order_id": "72580061-dbb1-4882-8e94-d7eafffe5bf8", "message": "New order created", "meta": null}
{"timestamp": "2025-12-30T12:38:46.842341", "level": "INFO", "service": "order_generator", "event": "ORDER_CREATED", "order_id": "c8a32e93-e44d-4754-8949-ded07cc41d65", "message": "New order created", "meta": null}
{"timestamp": "2025-12-30T12:38:46.958254", "level": "INFO", "service": "order_generator", "event": "ORDER_CREATED", "order_id": "c070be37-6153-409c-b0f4-b954a0f36122", "message": "New order created", "meta": null}
{"timestamp": "2025-12-30T12:38:46.976405", "level": "INFO", "service": "order_generator", "event": "ORDER_CREATED", "order_id": "13f4e0db-15a5-4615-b8c7-f0e8ab5a7c10", "message": "New order created", "meta": null}
{"timestamp": "2025-12-30T12:38:47.531443", "level": "INFO", "service": "order_generator", "event": "ORDER_CREATED", "order_id": "bc6a74df-57bf-44b8-b09d-42b173236d27", "message": "New order created", "meta": null}
{"timestamp": "2025-12-30T12:38:47.587624", "level": "INFO", "service": "order_generator", "event": "ORDER_CREATED", "order_id": "edef88b6-be45-4069-b9ce-59127dda3170", "message": "New order created", "meta": null}
{"timestamp": "2025-12-30T12:38:47.625226", "level": "INFO", "service": "order_generator", "event": "ORDER_CREATED", "order_id": "c31043f7-a7cc-42ca-a73d-4f8c2bffd455", "message": "New order created", "meta": null}
{"timestamp": "2025-12-30T12:38:47.650613", "level": "INFO", "service": "order_generator", "event": "ORDER_CREATED", "order_id": "05a83f37-d4fd-4963-8147-b1570324a025", "message": "New order created", "meta": null}
{"timestamp": "2025-12-30T12:38:47.676813", "level": "INFO", "service": "order_generator", "event": "ORDER_CREATED", "order_id": "a1dc98e6-4c8d-4bf1-b3a5-bd6c24e00e3a", "message": "New order created", "meta": null}
{"timestamp": "2025-12-30T12:38:47.696200", "level": "INFO", "service": "order_generator", "event": "ORDER_CREATED", "order_id": "13fb503c-dafd-49aa-b523-1acfbfae8705", "message": "New order created", "meta": null}
{"timestamp": "2025-12-30T12:38:47.720869", "level": "INFO", "service": "order_generator", "event": "ORDER_CREATED", "order_id": "35422fb6-3b20-43b3-b1fd-3ce86ac5f301", "message": "New order created", "meta": null}
{"timestamp": "2025-12-30T12:38:47.792513", "level": "INFO", "service": "order_generator", "event": "ORDER_CREATED", "order_id": "c682981d-45f6-4324-b25e-31615be023a2", "message": "New order created", "meta": null}
{"timestamp": "2025-12-30T12:38:47.814718", "level": "INFO", "service": "order_generator", "event": "ORDER_CREATED", "order_id": "cfac47ec-2a34-43a4-a3a6-7f0da5fd2909", "message": "New order created", "meta": null}
{"timestamp": "2025-12-30T12:38:47.893788", "level": "INFO", "service": "order_generator", "event": "ORDER_CREATED", "order_id": "08ca7687-2b8d-4dab-a53e-125ffbe9487f", "message": "New order created", "meta": null}
{"timestamp": "2025-12-30T12:38:47.910317", "level": "INFO", "service": "order_generator", "event": "ORDER_CREATED", "order_id": "02893d3c-999d-4adf-9bf5-d460b36a9afc", "message": "New order created", "meta": null}
{"timestamp": "2025-12-30T12:38:47.928300", "level": "INFO", "service": "order_generator", "event": "ORDER_CREATED", "order_id": "77e42324-2458-4fb8-b016-de430a32cd9b", "message": "New order created", "meta": null}
{"timestamp": "2025-12-30T12:38:47.956937", "level": "INFO", "service": "order_generator", "event": "ORDER_CREATED", "order_id": "8957a706-b758-4b23-8c88-88bceae45597", "message": "New order created", "meta": null}
{"timestamp": "2025-12-30T12:38:48.165678", "level": "INFO", "service": "order_generator", "event": "ORDER_CREATED", "order_id": "158ae65f-a626-4401-a879-1f474d352dce", "message": "New order created", "meta": null}
{"timestamp": "2025-12-30T12:38:48.201982", "level": "INFO", "service": "order_generator", "event": "ORDER_CREATED", "order_id": "8e565de9-c1e4-4dc5-ac94-489cacc46fbb", "message": "New order created", "meta": null}
{"timestamp": "2025-12-30T12:38:48.239689", "level": "INFO", "service": "order_generator", "event": "ORDER_CREATED", "order_id": "7a555643-5eb6-4b1e-8dbf-3705093d9c77", "message": "New order created", "meta": null}
{"timestamp": "2025-12-30T12:38:48.277281", "level": "INFO", "service": "order_generator", "event": "ORDER_CREATED", "order_id": "ede9bb5c-ba7c-4f56-b3f5-2cd84abe410a", "message": "New order created", "meta": null}
{"timestamp": "2025-12-30T12:38:48.322344", "level": "INFO", "service": "order_generator", "event": "ORDER_CREATED", "order_id": "2d2847eb-41c0-4b45-81c3-94e6dfaa54dc", "message": "New order created", "meta": null}
{"timestamp": "2025-12-30T12:38:48.378065", "level": "INFO", "service": "order_generator", "event": "ORDER_CREATED", "order_id": "35003a20-eccc-4391-92a3-f8f7ec03acc0", "message": "New order created", "meta": null}
{"timestamp": "2025-12-30T12:38:48.415213", "level": "INFO", "service": "order_generator", "event": "ORDER_CREATED", "order_id": "e5a169e8-ed8b-40a0-a378-97225571d4d4", "message": "New order created", "meta": null}
{"timestamp": "2025-12-30T12:38:48.442056", "level": "INFO", "service": "order_generator", "event": "ORDER_CREATED", "order_id": "12d3903b-94e4-4a5b-b52b-52fb90c1eb89", "message": "New order created", "meta": null}
{"timestamp": "2025-12-30T12:38:48.467696", "level": "INFO", "service": "order_generator", "event": "ORDER_CREATED", "order_id": "7f910db2-7172-4ae9-9cf4-9011b201097c", "message": "New order created", "meta": null}
{"timestamp": "2025-12-30T12:38:48.495226", "level": "INFO", "service": "order_generator", "event": "ORDER_CREATED", "order_id": "29bf34a7-1664-4a79-919d-a12ccdcd3fbd", "message": "New order created", "meta": null}
{"timestamp": "2025-12-30T12:38:48.519144", "level": "INFO", "service": "order_generator", "event": "ORDER_CREATED", "order_id": "8969ce9a-609c-4b5d-85e4-040b469680b2", "message": "New order created", "meta": null}
{"timestamp": "2025-12-30T12:38:48.546825", "level": "INFO", "service": "order_generator", "event": "ORDER_CREATED", "order_id": "d1a3183b-0407-440e-a841-d281d0b6c8b1", "message": "New order created", "meta": null}
{"timestamp": "2025-12-30T12:38:48.574776", "level": "INFO", "service": "order_generator", "event": "ORDER_CREATED", "order_id": "fa0367e4-76d5-4e69-8281-db8826b4d9d7", "message": "New order created", "meta": null}
{"timestamp": "2025-12-30T12:38:48.603147", "level": "INFO", "service": "order_generator", "event": "ORDER_CREATED", "order_id": "f07bacdf-6f83-48e0-b742-ccc80dce5c70", "message": "New order created", "meta": null}
{"timestamp": "2025-12-30T12:38:48.634768", "level": "INFO", "service": "order_generator", "event": "ORDER_CREATED", "order_id": "3543941d-8b1e-4448-9c6d-8e6a8dcee0d4", "message": "New order created", "meta": null}
{"timestamp": "2025-12-30T12:38:48.670457", "level": "INFO", "service": "order_generator", "event": "ORDER_CREATED", "order_id": "b41417ba-0315-429f-9e21-52b2d70492a3", "message": "New order created", "meta": null}
{"timestamp": "2025-12-30T12:38:48.693849", "level": "INFO", "service": "order_generator", "event": "ORDER_CREATED", "order_id": "1828239e-0235-4589-b047-3c9826871d52", "message": "New order created", "meta": null}
{"timestamp": "2025-12-30T12:38:48.720920", "level": "INFO", "service": "order_generator", "event": "ORDER_CREATED", "order_id": "597220b0-eae5-4053-a6b7-cd3491879520", "message": "New order created", "meta": null}
{"timestamp": "2025-12-30T12:38:48.745611", "level": "INFO", "service": "order_generator", "event": "ORDER_CREATED", "order_id": "b9691c5a-6a5b-4a8d-a7e0-9ad737262c98", "message": "New order created", "meta": null}
{"timestamp": "2025-12-30T12:38:48.771258", "level": "INFO", "service": "order_generator", "event": "ORDER_CREATED", "order_id": "9b0a8cc6-467f-46e5-9f5f-b73f9dcf372b", "message": "New order created", "meta": null}
{"timestamp": "2025-12-30T12:38:48.797536", "level": "INFO", "service": "order_generator", "event": "ORDER_CREATED", "order_id": "ddf56fd6-e6d9-4a42-b310-5461cc803d46", "message": "New order created", "meta": null}
{"timestamp": "2025-12-30T12:38:48.828802", "level": "INFO", "service": "order_generator", "event": "ORDER_CREATED", "order_id": "8f23f2e9-5867-4eb2-9062-11132a599e13", "message": "New order created", "meta": null}
{"timestamp": "2025-12-30T12:38:48.855561", "level": "INFO", "service": "order_generator", "event": "ORDER_CREATED", "order_id": "2d27d768-982d-4f09-a302-3196576e7ca4", "message": "New order created", "meta": null}
{"timestamp": "2025-12-30T12:38:48.877569", "level": "INFO", "service": "order_generator", "event": "ORDER_CREATED", "order_id": "9dbc1a22-7ed0-4a9d-aa86-972d821bf268", "message": "New order created", "meta": null}
{"timestamp": "2025-12-30T12:38:48.903380", "level": "INFO", "service": "order_generator", "event": "ORDER_CREATED", "order_id": "2a4eb1f7-a8d0-4ac1-ac33-4424fc7f9162", "message": "New order created", "meta": null}
{"timestamp": "2025-12-30T12:38:48.933301", "level": "INFO", "service": "order_generator", "event": "ORDER_CREATED", "order_id": "10afe490-bcaf-4edd-a038-4e0c5d02c8ce", "message": "New order created", "meta": null}
{"timestamp": "2025-12-30T12:38:48.958195", "level": "INFO", "service": "order_generator", "event": "ORDER_CREATED", "order_id": "b726c9cc-0420-4c3f-94a7-316fd24924cb", "message": "New order created", "meta": null}
{"timestamp": "2025-12-30T12:38:48.983941", "level": "INFO", "service": "order_generator", "event": "ORDER_CREATED", "order_id": "ff85acd0-3077-42b1-a0b8-7040f5fbb5a9", "message": "New order created", "meta": null}
{"timestamp": "2025-12-30T12:38:49.015786", "level": "INFO", "service": "order_generator", "event": "ORDER_CREATED", "order_id": "02e3ed8c-a3ed-4867-8880-54eef05a0778", "message": "New order created", "meta": null}
{"timestamp": "2025-12-30T12:38:49.041941", "level": "INFO", "service": "order_generator", "event": "ORDER_CREATED", "order_id": "1bf99f81-bae2-4211-87b7-187b6d2eadd5", "message": "New order created", "meta": null}
{"timestamp": "2025-12-30T12:38:49.063873", "level": "INFO", "service": "order_generator", "event": "ORDER_CREATED", "order_id": "de688dd4-64ad-4a4c-b0ef-dbe2f7223073", "message": "New order created", "meta": null}
{"timestamp": "2025-12-30T12:38:49.086634", "level": "INFO", "service": "order_generator", "event": "ORDER_CREATED", "order_id": "06086997-ff1d-4cc1-8e18-59086c1d49ac", "message": "New order created", "meta": null}
{"timestamp": "2025-12-30T12:38:49.107320", "level": "INFO", "service": "order_generator", "event": "ORDER_CREATED", "order_id": "b716ce44-f6ea-4e48-81f2-297e2e32b69c", "message": "New order created", "meta": null}
{"timestamp": "2025-12-30T12:38:49.137268", "level": "INFO", "service": "order_generator", "event": "ORDER_CREATED", "order_id": "40d21ecd-c87a-4f0d-8d3d-8eeda1600303", "message": "New order created", "meta": null}
{"timestamp": "2025-12-30T12:38:49.167154", "level": "INFO", "service": "order_generator", "event": "ORDER_CREATED", "order_id": "dcb3f3eb-e5e5-48ce-89cd-82f5b677106a", "message": "New order created", "meta": null}
{"timestamp": "2025-12-30T12:38:49.193863", "level": "INFO", "service": "order_generator", "event": "ORDER_CREATED", "order_id": "0a9e965e-ca24-4130-b6ad-5158d71b21a0", "message": "New order created", "meta": null}
{"timestamp": "2025-12-30T12:38:49.251814", "level": "INFO", "service": "order_generator", "event": "ORDER_CREATED", "order_id": "ec770b9c-3acd-479a-b07a-69d73a9483fa", "message": "New order created", "meta": null}
{"timestamp": "2025-12-30T12:38:49.347431", "level": "INFO", "service": "order_generator", "event": "ORDER_CREATED", "order_id": "3cc82269-fbb0-40db-afe9-9bb4109d9e76", "message": "New order created", "meta": null}
{"timestamp": "2025-12-30T12:38:49.365119", "level": "INFO", "service": "order_generator", "event": "ORDER_CREATED", "order_id": "b2bbef61-4d22-42f3-af4f-303600540d94", "message": "New order created", "meta": null}
{"timestamp": "2025-12-30T12:38:49.381528", "level": "INFO", "service": "order_generator", "event": "ORDER_CREATED", "order_id": "71e1eec4-ce57-433b-9bad-dda9b6be267f", "message": "New order created", "meta": null}
{"timestamp": "2025-12-30T12:38:49.405279", "level": "INFO", "service": "order_generator", "event": "ORDER_CREATED", "order_id": "df687e2e-d422-4853-aa0c-53ebb59c24ef", "message": "New order created", "meta": null}
{"timestamp": "2025-12-30T12:38:49.428810", "level": "INFO", "service": "order_generator", "event": "ORDER_CREATED", "order_id": "755e5ee6-4316-437b-a876-a1cc9ab60696", "message": "New order created", "meta": null}
{"timestamp": "2025-12-30T12:38:49.610132", "level": "INFO", "service": "order_generator", "event": "ORDER_CREATED", "order_id": "8ec9bb30-bfab-4a4a-919f-15130b4fe967", "message": "New order created", "meta": null}
{"timestamp": "2025-12-30T12:38:49.636195", "level": "INFO", "service": "order_generator", "event": "ORDER_CREATED", "order_id": "f454ef8a-9231-4c4a-b23d-ffb6b974bf43", "message": "New order created", "meta": null}
{"timestamp": "2025-12-30T12:38:49.672548", "level": "INFO", "service": "order_generator", "event": "ORDER_CREATED", "order_id": "44519008-8983-4285-b674-be206c3efbda", "message": "New order created", "meta": null}
{"timestamp": "2025-12-30T12:38:49.713847", "level": "INFO", "service": "order_generator", "event": "ORDER_CREATED", "order_id": "6176bb61-fc64-4481-8779-a4f2d8dfa5f3", "message": "New order created", "meta": null}
{"timestamp": "2025-12-30T12:38:49.738486", "level": "INFO", "service": "order_generator", "event": "ORDER_CREATED", "order_id": "aeae8572-a55d-4d21-baa7-ea06f092b5ff", "message": "New order created", "meta": null}
{"timestamp": "2025-12-30T12:38:49.761263", "level": "INFO", "service": "order_generator", "event": "ORDER_CREATED", "order_id": "2a900374-4f99-4ac9-8cc0-815d3bffebdf", "message": "New order created", "meta": null}
{"timestamp": "2025-12-30T12:38:49.784154", "level": "INFO", "service": "order_generator", "event": "ORDER_CREATED", "order_id": "5ab3d36b-d803-44e1-8784-07edc3a94615", "message": "New order created", "meta": null}
{"timestamp": "2025-12-30T12:38:49.808897", "level": "INFO", "service": "order_generator", "event": "ORDER_CREATED", "order_id": "3aa05b00-1ebd-4e6a-80f8-8f9a8b0d0f39", "message": "New order created", "meta": null}
{"timestamp": "2025-12-30T12:38:49.837616", "level": "INFO", "service": "order_generator", "event": "ORDER_CREATED", "order_id": "6c408d8a-ae40-4f4c-87cb-8ed92dbb5217", "message": "New order created", "meta": null}
{"timestamp": "2025-12-30T12:38:49.860810", "level": "INFO", "service": "order_generator", "event": "ORDER_CREATED", "order_id": "0096c66a-734f-4133-8f89-45471dafc384", "message": "New order created", "meta": null}
{"timestamp": "2025-12-30T12:38:49.884439", "level": "INFO", "service": "order_generator", "event": "ORDER_CREATED", "order_id": "6a823ae5-d3f1-4e36-9a60-434220fb1dc6", "message": "New order created", "meta": null}
{"timestamp": "2025-12-30T12:38:49.909744", "level": "INFO", "service": "order_generator", "event": "ORDER_CREATED", "order_id": "fbc39119-c9e4-42cc-a79d-d65e3647c7fe", "message": "New order created", "meta": null}
{"timestamp": "2025-12-30T12:38:49.935708", "level": "INFO", "service": "order_generator", "event": "ORDER_CREATED", "order_id": "d7ecdb6a-b3af-4a1c-a757-b424e5ebbebc", "message": "New order created", "meta": null}
{"timestamp": "2025-12-30T12:38:49.961052", "level": "INFO", "service": "order_generator", "event": "ORDER_CREATED", "order_id": "30c21a0b-e812-45be-a71f-ddc2bf8dde93", "message": "New order created", "meta": null}
{"timestamp": "2025-12-30T12:38:49.986007", "level": "INFO", "service": "order_generator", "event": "ORDER_CREATED", "order_id": "2356631e-5c3d-41d6-947a-9f6da52614ff", "message": "New order created", "meta": null}
{"timestamp": "2025-12-30T12:38:50.027644", "level": "INFO", "service": "order_generator", "event": "ORDER_CREATED", "order_id": "97b478f1-909a-46e4-9cc1-f3b27784063c", "message": "New order created", "meta": null}
{"timestamp": "2025-12-30T12:38:50.093673", "level": "INFO", "service": "order_generator", "event": "ORDER_CREATED", "order_id": "2bf3993c-da73-40cf-96f3-aff1c26290a4", "message": "New order created", "meta": null}
{"timestamp": "2025-12-30T12:38:50.147841", "level": "INFO", "service": "order_generator", "event": "ORDER_CREATED", "order_id": "bc278f62-4c3c-4d8a-ae50-543968a39445", "message": "New order created", "meta": null}
{"timestamp": "2025-12-30T12:38:50.277545", "level": "INFO", "service": "order_generator", "event": "ORDER_CREATED", "order_id": "4ef7dc00-825c-4294-9b5c-0b5fb99e9256", "message": "New order created", "meta": null}
{"timestamp": "2025-12-30T12:38:50.302486", "level": "INFO", "service": "order_generator", "event": "ORDER_CREATED", "order_id": "f0bb96f5-8dd5-43ee-8317-59236b212e26", "message": "New order created", "meta": null}
{"timestamp": "2025-12-30T12:38:50.326416", "level": "INFO", "service": "order_generator", "event": "ORDER_CREATED", "order_id": "e2bbd681-0ffd-4d3b-8b4b-d3d8b8532b0a", "message": "New order created", "meta": null}
{"timestamp": "2025-12-30T12:38:50.347200", "level": "INFO", "service": "order_generator", "event": "ORDER_CREATED", "order_id": "63b27b72-747b-4f65-9ad3-8ded735075ca", "message": "New order created", "meta": null}
{"timestamp": "2025-12-30T12:38:50.368127", "level": "INFO", "service": "order_generator", "event": "ORDER_CREATED", "order_id": "43220f5f-ddf5-4778-a23f-34cf8b284e79", "message": "New order created", "meta": null}
{"timestamp": "2025-12-30T12:38:50.401814", "level": "INFO", "service": "order_generator", "event": "ORDER_CREATED", "order_id": "e0503e48-e0fe-43f9-8c7b-c3f54323d3cd", "message": "New order created", "meta": null}
{"timestamp": "2025-12-30T12:38:50.428095", "level": "INFO", "service": "order_generator", "event": "ORDER_CREATED", "order_id": "919110c3-554e-47c6-8d8c-2f3200b15da4", "message": "New order created", "meta": null}
{"timestamp": "2025-12-30T12:38:50.455712", "level": "INFO", "service": "order_generator", "event": "ORDER_CREATED", "order_id": "8725f379-b6d1-4c29-bfdc-0c58024d468d", "message": "New order created", "meta": null}
{"timestamp": "2025-12-30T12:38:50.479947", "level": "INFO", "service": "order_generator", "event": "ORDER_CREATED", "order_id": "9b3eaacb-e3b1-4652-b316-6bc37ba1ce40", "message": "New order created", "meta": null}
{"timestamp": "2025-12-30T12:38:50.506376", "level": "INFO", "service": "order_generator", "event": "ORDER_CREATED", "order_id": "495140aa-6be5-4125-93ac-33a71780ab83", "message": "New order created", "meta": null}
{"timestamp": "2025-12-30T12:38:50.529850", "level": "INFO", "service": "order_generator", "event": "ORDER_CREATED", "order_id": "0f2987d0-b543-43c8-a79e-9a2adef06e06", "message": "New order created", "meta": null}
{"timestamp": "2025-12-30T12:38:50.552845", "level": "INFO", "service": "order_generator", "event": "ORDER_CREATED", "order_id": "0726f1d5-fd9c-44c7-ae52-f3ddec2bda3c", "message": "New order created", "meta": null}
{"timestamp": "2025-12-30T12:38:50.628121", "level": "INFO", "service": "order_generator", "event": "ORDER_CREATED", "order_id": "cf8c3b90-0fb3-4c37-a7a6-915dae5fc090", "message": "New order created", "meta": null}
{"timestamp": "2025-12-30T12:38:50.672266", "level": "INFO", "service": "order_generator", "event": "ORDER_CREATED", "order_id": "fe13418c-7b60-4ac2-9a36-040c9dd1a298", "message": "New order created", "meta": null}
{"timestamp": "2025-12-30T12:38:50.701330", "level": "INFO", "service": "order_generator", "event": "ORDER_CREATED", "order_id": "ac6bf5fa-f409-4e53-a1e7-7a153714004f", "message": "New order created", "meta": null}
{"timestamp": "2025-12-30T12:38:50.748388", "level": "INFO", "service": "order_generator", "event": "ORDER_CREATED", "order_id": "0cce314d-284f-411f-a877-624269dfe4d9", "message": "New order created", "meta": null}
{"timestamp": "2025-12-30T12:38:50.766694", "level": "INFO", "service": "order_generator", "event": "ORDER_CREATED", "order_id": "c51723ae-5400-4661-9ae8-af85fa9f6347", "message": "New order created", "meta": null}
{"timestamp": "2025-12-30T12:38:50.786011", "level": "INFO", "service": "order_generator", "event": "ORDER_CREATED", "order_id": "2685ffda-c520-4c09-a8f4-8ab1008b25ee", "message": "New order created", "meta": null}
{"timestamp": "2025-12-30T12:38:50.814235", "level": "INFO", "service": "order_generator", "event": "ORDER_CREATED", "order_id": "7d775402-a47c-4f06-ab19-a1c23f8eb8e4", "message": "New order created", "meta": null}
{"timestamp": "2025-12-30T12:38:50.837264", "level": "INFO", "service": "order_generator", "event": "ORDER_CREATED", "order_id": "28b7f2cb-3f77-4788-a61f-d62a25682688", "message": "New order created", "meta": null}
{"timestamp": "2025-12-30T12:38:51.162826", "level": "INFO", "service": "order_generator", "event": "ORDER_CREATED", "order_id": "c22cc0ce-ba6d-43bc-9718-b68dc9f327ed", "message": "New order created", "meta": null}
{"timestamp": "2025-12-30T12:38:51.185487", "level": "INFO", "service": "order_generator", "event": "ORDER_CREATED", "order_id": "59365419-8dd8-49ff-9fdd-08430b4948c8", "message": "New order created", "meta": null}
{"timestamp": "2025-12-30T12:38:51.217033", "level": "INFO", "service": "order_generator", "event": "ORDER_CREATED", "order_id": "65c861ea-ce20-437c-8812-4a54d4e32a46", "message": "New order created", "meta": null}
{"timestamp": "2025-12-30T12:38:51.272795", "level": "INFO", "service": "order_generator", "event": "ORDER_CREATED", "order_id": "cde56dd0-6f8e-4184-a0c9-e874f7249446", "message": "New order created", "meta": null}
{"timestamp": "2025-12-30T12:38:51.419896", "level": "INFO", "service": "order_generator", "event": "ORDER_CREATED", "order_id": "b60efec7-0739-4a95-9c00-2fbd35343b3f", "message": "New order created", "meta": null}
{"timestamp": "2025-12-30T12:38:51.587050", "level": "INFO", "service": "order_generator", "event": "ORDER_CREATED", "order_id": "4a2fc29c-0520-4a24-9615-cbc85d77baad", "message": "New order created", "meta": null}
{"timestamp": "2025-12-30T12:38:51.604756", "level": "INFO", "service": "order_generator", "event": "ORDER_CREATED", "order_id": "9e0673a5-65da-42b7-827a-b288de4d2a67", "message": "New order created", "meta": null}
{"timestamp": "2025-12-30T12:38:51.653577", "level": "INFO", "service": "order_generator", "event": "ORDER_CREATED", "order_id": "d88fbb60-04d1-4c27-aac6-bff55a480d45", "message": "New order created", "meta": null}
{"timestamp": "2025-12-30T12:38:51.688030", "level": "INFO", "service": "order_generator", "event": "ORDER_CREATED", "order_id": "f0a5b630-d92b-4dbd-bd1d-04dd45d9c295", "message": "New order created", "meta": null}
{"timestamp": "2025-12-30T12:38:51.719908", "level": "INFO", "service": "order_generator", "event": "ORDER_CREATED", "order_id": "1f6a004f-cf2d-4c4f-9bb5-8ab77f4c95f5", "message": "New order created", "meta": null}
{"timestamp": "2025-12-30T12:38:51.801886", "level": "INFO", "service": "order_generator", "event": "ORDER_CREATED", "order_id": "6e609d53-c3e9-4162-a504-b3f1d575e876", "message": "New order created", "meta": null}
{"timestamp": "2025-12-30T12:38:51.900132", "level": "INFO", "service": "order_generator", "event": "ORDER_CREATED", "order_id": "54ad2d65-0f21-4c85-bf2b-deb638c0ab47", "message": "New order created", "meta": null}
{"timestamp": "2025-12-30T12:38:51.920111", "level": "INFO", "service": "order_generator", "event": "ORDER_CREATED", "order_id": "5c036e2f-2bc5-4fee-9b23-e959725f5052", "message": "New order created", "meta": null}
{"timestamp": "2025-12-30T12:38:52.022085", "level": "INFO", "service": "order_generator", "event": "ORDER_CREATED", "order_id": "a0da5132-0960-4f91-9ad3-a52d7e2c88d8", "message": "New order created", "meta": null}
{"timestamp": "2025-12-30T12:38:52.048870", "level": "INFO", "service": "order_generator", "event": "ORDER_CREATED", "order_id": "d70488ce-034e-4a04-8530-eaac72f966e9", "message": "New order created", "meta": null}
{"timestamp": "2025-12-30T12:38:52.090238", "level": "INFO", "service": "order_generator", "event": "ORDER_CREATED", "order_id": "b53f16fb-fe18-4ca7-81c1-b8660f098df8", "message": "New order created", "meta": null}
{"timestamp": "2025-12-30T12:38:52.116691", "level": "INFO", "service": "order_generator", "event": "ORDER_CREATED", "order_id": "fcbe80ed-2e07-43e4-b9e2-fe46f5fa3fa5", "message": "New order created", "meta": null}
{"timestamp": "2025-12-30T12:38:52.145484", "level": "INFO", "service": "order_generator", "event": "ORDER_CREATED", "order_id": "8408ec29-5fad-48a5-95ed-057f3de17b6d", "message": "New order created", "meta": null}
{"timestamp": "2025-12-30T12:38:52.280727", "level": "INFO", "service": "order_generator", "event": "ORDER_CREATED", "order_id": "86ab32da-1b42-4bef-a0ae-d1b35846e0b8", "message": "New order created", "meta": null}
{"timestamp": "2025-12-30T12:38:52.299684", "level": "INFO", "service": "order_generator", "event": "ORDER_CREATED", "order_id": "a65ddffc-d177-4f73-bec0-e5514f7fc539", "message": "New order created", "meta": null}
{"timestamp": "2025-12-30T12:38:52.338226", "level": "INFO", "service": "order_generator", "event": "ORDER_CREATED", "order_id": "0be0565e-02a9-4efd-8e5f-0cbe94419e92", "message": "New order created", "meta": null}
{"timestamp": "2025-12-30T12:38:52.632517", "level": "INFO", "service": "order_generator", "event": "ORDER_CREATED", "order_id": "47f5e86e-43ec-4239-a545-86230ce02ba2", "message": "New order created", "meta": null}
{"timestamp": "2025-12-30T12:38:52.696967", "level": "INFO", "service": "order_generator", "event": "ORDER_CREATED", "order_id": "7217cc33-8a02-4abe-9694-ab2d0e1c57d5", "message": "New order created", "meta": null}
{"timestamp": "2025-12-30T12:38:52.722171", "level": "INFO", "service": "order_generator", "event": "ORDER_CREATED", "order_id": "f09c45f6-3deb-4167-881e-4e2049ba7f33", "message": "New order created", "meta": null}
{"timestamp": "2025-12-30T12:38:52.757263", "level": "INFO", "service": "order_generator", "event": "ORDER_CREATED", "order_id": "86127c3f-b98b-4771-a989-210a8a70cec2", "message": "New order created", "meta": null}
{"timestamp": "2025-12-30T12:38:52.797062", "level": "INFO", "service": "order_generator", "event": "ORDER_CREATED", "order_id": "eaf8bc4d-4360-487a-9c86-37bda7612d70", "message": "New order created", "meta": null}
{"timestamp": "2025-12-30T12:38:52.879393", "level": "INFO", "service": "order_generator", "event": "ORDER_CREATED", "order_id": "f8de8a97-0092-4d51-9b08-108f20161ed0", "message": "New order created", "meta": null}
{"timestamp": "2025-12-30T12:38:53.098728", "level": "INFO", "service": "order_generator", "event": "ORDER_CREATED", "order_id": "a54652ee-c669-4d67-a671-318ea3890a43", "message": "New order created", "meta": null}
{"timestamp": "2025-12-30T12:38:53.126623", "level": "INFO", "service": "order_generator", "event": "ORDER_CREATED", "order_id": "9efaa419-7325-4e1f-b21d-8a70f2304f7f", "message": "New order created", "meta": null}
{"timestamp": "2025-12-30T12:38:53.158866", "level": "INFO", "service": "order_generator", "event": "ORDER_CREATED", "order_id": "53017927-b5e9-4679-a0af-10dc8f6fa50a", "message": "New order created", "meta": null}
{"timestamp": "2025-12-30T12:38:53.203158", "level": "INFO", "service": "order_generator", "event": "ORDER_CREATED", "order_id": "2d1bce66-6189-4002-b072-1b9a9a9c1a29", "message": "New order created", "meta": null}
{"timestamp": "2025-12-30T12:38:53.232745", "level": "INFO", "service": "order_generator", "event": "ORDER_CREATED", "order_id": "e569f4df-d4cf-4471-a578-c9d221bacc94", "message": "New order created", "meta": null}
{"timestamp": "2025-12-30T12:38:53.433463", "level": "INFO", "service": "order_generator", "event": "ORDER_CREATED", "order_id": "d3bffc17-b3a7-48b9-9968-ebed465a70ff", "message": "New order created", "meta": null}
{"timestamp": "2025-12-30T12:38:53.454651", "level": "INFO", "service": "order_generator", "event": "ORDER_CREATED", "order_id": "da27517f-c65a-4d78-b4cc-ef590fff53fa", "message": "New order created", "meta": null}
{"timestamp": "2025-12-30T12:38:53.483061", "level": "INFO", "service": "order_generator", "event": "ORDER_CREATED", "order_id": "c7a1c7c8-ec65-47d0-947a-f5ba744befa1", "message": "New order created", "meta": null}
{"timestamp": "2025-12-30T12:38:53.505720", "level": "INFO", "service": "order_generator", "event": "ORDER_CREATED", "order_id": "5f78ebbc-bfc0-42c7-83d7-14ce0f95b987", "message": "New order created", "meta": null}
{"timestamp": "2025-12-30T12:38:53.529248", "level": "INFO", "service": "order_generator", "event": "ORDER_CREATED", "order_id": "ab845e84-23c5-4687-b83d-e8827c747751", "message": "New order created", "meta": null}
{"timestamp": "2025-12-30T12:38:53.552584", "level": "INFO", "service": "order_generator", "event": "ORDER_CREATED", "order_id": "2c9a6d75-7ae8-44a2-9ed5-04dd61a0f8ba", "message": "New order created", "meta": null}
{"timestamp": "2025-12-30T12:38:53.579575", "level": "INFO", "service": "order_generator", "event": "ORDER_CREATED", "order_id": "87353b4a-3f28-47c4-a4d3-1153aff5d6b0", "message": "New order created", "meta": null}
{"timestamp": "2025-12-30T12:38:53.607842", "level": "INFO", "service": "order_generator", "event": "ORDER_CREATED", "order_id": "0cb33990-d0ba-4506-972a-c634c69c52f1", "message": "New order created", "meta": null}
{"timestamp": "2025-12-30T12:38:53.636727", "level": "INFO", "service": "order_generator", "event": "ORDER_CREATED", "order_id": "8df82c00-aee3-4d79-bc22-b8e8aff4972c", "message": "New order created", "meta": null}
{"timestamp": "2025-12-30T12:38:53.660455", "level": "INFO", "service": "order_generator", "event": "ORDER_CREATED", "order_id": "98ad7fcf-dcf9-4b36-8a1f-cea912a77cb9", "message": "New order created", "meta": null}
{"timestamp": "2025-12-30T12:38:53.683659", "level": "INFO", "service": "order_generator", "event": "ORDER_CREATED", "order_id": "7344ef9d-9cb8-46a7-a1c3-b825aa27b0ec", "message": "New order created", "meta": null}
{"timestamp": "2025-12-30T12:38:53.723706", "level": "INFO", "service": "order_generator", "event": "ORDER_CREATED", "order_id": "1ac71a81-b733-4fc8-a265-79a12a4c323a", "message": "New order created", "meta": null}
{"timestamp": "2025-12-30T12:38:53.755617", "level": "INFO", "service": "order_generator", "event": "ORDER_CREATED", "order_id": "38f918d0-a200-46c8-9a0c-08d0428179b7", "message": "New order created", "meta": null}
{"timestamp": "2025-12-30T12:38:53.783813", "level": "INFO", "service": "order_generator", "event": "ORDER_CREATED", "order_id": "71324787-e0ea-4b90-9756-472646e5323e", "message": "New order created", "meta": null}
{"timestamp": "2025-12-30T12:38:53.808830", "level": "INFO", "service": "order_generator", "event": "ORDER_CREATED", "order_id": "296f63ce-a39b-4162-925b-ba4faa317e44", "message": "New order created", "meta": null}
{"timestamp": "2025-12-30T12:38:53.838667", "level": "INFO", "service": "order_generator", "event": "ORDER_CREATED", "order_id": "88fe1da8-ba6c-46af-ae67-13a7f1cd9156", "message": "New order created", "meta": null}
{"timestamp": "2025-12-30T12:38:53.874293", "level": "INFO", "service": "order_generator", "event": "ORDER_CREATED", "order_id": "00c63c9f-0b3b-4b81-a820-474d3655cee7", "message": "New order created", "meta": null}
{"timestamp": "2025-12-30T12:38:53.902962", "level": "INFO", "service": "order_generator", "event": "ORDER_CREATED", "order_id": "2742c86a-e172-47af-b05c-62e697d9238a", "message": "New order created", "meta": null}
{"timestamp": "2025-12-30T12:38:53.941421", "level": "INFO", "service": "order_generator", "event": "ORDER_CREATED", "order_id": "bcdb5a8d-9851-43a6-a3d1-8a234f8a0d46", "message": "New order created", "meta": null}
{"timestamp": "2025-12-30T12:38:54.116226", "level": "INFO", "service": "order_generator", "event": "ORDER_CREATED", "order_id": "0b4ffc2d-8f1b-4ef9-a8f0-29a2052b934a", "message": "New order created", "meta": null}
{"timestamp": "2025-12-30T12:38:54.141854", "level": "INFO", "service": "order_generator", "event": "ORDER_CREATED", "order_id": "32ae0af9-a308-4b82-984f-ebbb3580f13a", "message": "New order created", "meta": null}
{"timestamp": "2025-12-30T12:38:54.160212", "level": "INFO", "service": "order_generator", "event": "ORDER_CREATED", "order_id": "d34ff04e-3f08-4fdc-81b2-0d59b07c5c96", "message": "New order created", "meta": null}
{"timestamp": "2025-12-30T12:38:54.197464", "level": "INFO", "service": "order_generator", "event": "ORDER_CREATED", "order_id": "10151523-bdd1-4024-b37f-0a2a00c2342d", "message": "New order created", "meta": null}
{"timestamp": "2025-12-30T12:38:54.224730", "level": "INFO", "service": "order_generator", "event": "ORDER_CREATED", "order_id": "58ea7b7d-4ef6-4fe7-8fdb-c9827278b67b", "message": "New order created", "meta": null}
{"timestamp": "2025-12-30T12:38:54.246009", "level": "INFO", "service": "order_generator", "event": "ORDER_CREATED", "order_id": "5c96896d-df12-41a9-b199-1beb7180a2b8", "message": "New order created", "meta": null}
{"timestamp": "2025-12-30T12:38:54.269265", "level": "INFO", "service": "order_generator", "event": "ORDER_CREATED", "order_id": "022a8f30-fc53-4c07-9141-9ec85793bac6", "message": "New order created", "meta": null}
{"timestamp": "2025-12-30T12:38:54.288095", "level": "INFO", "service": "order_generator", "event": "ORDER_CREATED", "order_id": "3e26e419-da90-4ebb-957f-c0a7211a2ed9", "message": "New order created", "meta": null}
{"timestamp": "2025-12-30T12:38:54.321777", "level": "INFO", "service": "order_generator", "event": "ORDER_CREATED", "order_id": "df984291-cc02-4d49-9b4a-317d8a82344b", "message": "New order created", "meta": null}
{"timestamp": "2025-12-30T12:38:54.403473", "level": "INFO", "service": "order_generator", "event": "ORDER_CREATED", "order_id": "817fe9c1-3244-4dae-b076-371ea34d1c73", "message": "New order created", "meta": null}
{"timestamp": "2025-12-30T12:38:54.420483", "level": "INFO", "service": "order_generator", "event": "ORDER_CREATED", "order_id": "ed68d073-18f1-46a9-a4b4-f21820b8f92d", "message": "New order created", "meta": null}
{"timestamp": "2025-12-30T12:38:54.442095", "level": "INFO", "service": "order_generator", "event": "ORDER_CREATED", "order_id": "d3382a13-f818-4afb-a39d-e4a6f9bdf508", "message": "New order created", "meta": null}
{"timestamp": "2025-12-30T12:38:54.466227", "level": "INFO", "service": "order_generator", "event": "ORDER_CREATED", "order_id": "47f41cf4-34f2-4e1a-b372-ef22e5bcb534", "message": "New order created", "meta": null}
{"timestamp": "2025-12-30T12:38:54.484538", "level": "INFO", "service": "order_generator", "event": "ORDER_CREATED", "order_id": "624f5a9c-1eb4-4e75-ab38-a5b0c892a277", "message": "New order created", "meta": null}
{"timestamp": "2025-12-30T12:38:54.509893", "level": "INFO", "service": "order_generator", "event": "ORDER_CREATED", "order_id": "be393a6f-769b-4455-9e17-37fc10e5f245", "message": "New order created", "meta": null}
{"timestamp": "2025-12-30T12:38:54.532556", "level": "INFO", "service": "order_generator", "event": "ORDER_CREATED", "order_id": "8cf55ce5-e174-43e0-843d-d0e7417a4925", "message": "New order created", "meta": null}
{"timestamp": "2025-12-30T12:38:54.556949", "level": "INFO", "service": "order_generator", "event": "ORDER_CREATED", "order_id": "be62d012-f7c8-4130-b2a6-193a3c0e3b2e", "message": "New order created", "meta": null}
{"timestamp": "2025-12-30T12:38:54.581687", "level": "INFO", "service": "order_generator", "event": "ORDER_CREATED", "order_id": "5c048a68-cfab-46e9-a9aa-b257da15011e", "message": "New order created", "meta": null}
{"timestamp": "2025-12-30T12:38:54.612987", "level": "INFO", "service": "order_generator", "event": "ORDER_CREATED", "order_id": "8afdd0f3-eaa5-43fb-b693-3fdca22d361b", "message": "New order created", "meta": null}
{"timestamp": "2025-12-30T12:38:54.638911", "level": "INFO", "service": "order_generator", "event": "ORDER_CREATED", "order_id": "ae1bade2-3f6e-4e38-850a-d13f673acd7b", "message": "New order created", "meta": null}
{"timestamp": "2025-12-30T12:38:54.656909", "level": "INFO", "service": "order_generator", "event": "ORDER_CREATED", "order_id": "93f834b9-cb32-4614-a317-ce0e497fcff0", "message": "New order created", "meta": null}
{"timestamp": "2025-12-30T12:38:54.722549", "level": "INFO", "service": "order_generator", "event": "ORDER_CREATED", "order_id": "f6a1f61f-c805-43f5-880c-a23dd494b8b5", "message": "New order created", "meta": null}
{"timestamp": "2025-12-30T12:38:54.744790", "level": "INFO", "service": "order_generator", "event": "ORDER_CREATED", "order_id": "7cd519b4-d9a3-4278-be3b-d4cceffc9cf0", "message": "New order created", "meta": null}
{"timestamp": "2025-12-30T12:38:54.763126", "level": "INFO", "service": "order_generator", "event": "ORDER_CREATED", "order_id": "7d9d0a19-86df-46d5-8980-c2ff62e33975", "message": "New order created", "meta": null}
{"timestamp": "2025-12-30T12:38:54.910321", "level": "INFO", "service": "order_generator", "event": "ORDER_CREATED", "order_id": "19c67860-7189-4bff-81b0-6103b8720cbb", "message": "New order created", "meta": null}
{"timestamp": "2025-12-30T12:38:54.977672", "level": "INFO", "service": "order_generator", "event": "ORDER_CREATED", "order_id": "b3ba5222-0eec-40e3-8c17-3e60b7f26f28", "message": "New order created", "meta": null}
{"timestamp": "2025-12-30T12:38:55.008282", "level": "INFO", "service": "order_generator", "event": "ORDER_CREATED", "order_id": "92336ae8-b607-4f92-97eb-eb9c104ed765", "message": "New order created", "meta": null}
{"timestamp": "2025-12-30T12:38:55.037129", "level": "INFO", "service": "order_generator", "event": "ORDER_CREATED", "order_id": "5dcaae5f-464d-4bd4-a5b1-e6a54309b104", "message": "New order created", "meta": null}
{"timestamp": "2025-12-30T12:38:55.068037", "level": "INFO", "service": "order_generator", "event": "ORDER_CREATED", "order_id": "cd5faf05-5270-4e92-b91b-6143fea58ce4", "message": "New order created", "meta": null}
{"timestamp": "2025-12-30T12:38:55.092374", "level": "INFO", "service": "order_generator", "event": "ORDER_CREATED", "order_id": "8544d545-ba20-48ac-97b9-b89e86b9c19e", "message": "New order created", "meta": null}
{"timestamp": "2025-12-30T12:38:55.117354", "level": "INFO", "service": "order_generator", "event": "ORDER_CREATED", "order_id": "2f057b14-e7bc-4e0a-b431-36d4698799bd", "message": "New order created", "meta": null}
{"timestamp": "2025-12-30T12:38:55.150751", "level": "INFO", "service": "order_generator", "event": "ORDER_CREATED", "order_id": "17b7fd14-9d80-48ae-ae55-f6a37ca39717", "message": "New order created", "meta": null}
{"timestamp": "2025-12-30T12:38:55.413639", "level": "INFO", "service": "order_generator", "event": "ORDER_CREATED", "order_id": "61d38ed9-897c-462f-9da2-5dccceb7ab9b", "message": "New order created", "meta": null}
{"timestamp": "2025-12-30T12:38:55.438615", "level": "INFO", "service": "order_generator", "event": "ORDER_CREATED", "order_id": "1f504b2d-0097-4fb8-8c6b-f2a795bee9f2", "message": "New order created", "meta": null}
{"timestamp": "2025-12-30T12:38:55.464321", "level": "INFO", "service": "order_generator", "event": "ORDER_CREATED", "order_id": "e3830ffe-9a23-4537-ba88-5312782feada", "message": "New order created", "meta": null}
{"timestamp": "2025-12-30T12:38:55.496967", "level": "INFO", "service": "order_generator", "event": "ORDER_CREATED", "order_id": "6086ff82-03d7-46c5-8761-5d38859b273e", "message": "New order created", "meta": null}
{"timestamp": "2025-12-30T12:38:55.528283", "level": "INFO", "service": "order_generator", "event": "ORDER_CREATED", "order_id": "daf97516-a716-4727-bab8-471cb83b6ca1", "message": "New order created", "meta": null}
{"timestamp": "2025-12-30T12:38:55.560542", "level": "INFO", "service": "order_generator", "event": "ORDER_CREATED", "order_id": "458b70cf-c63b-4c0c-8fbc-d711c881e013", "message": "New order created", "meta": null}
{"timestamp": "2025-12-30T12:38:55.583693", "level": "INFO", "service": "order_generator", "event": "ORDER_CREATED", "order_id": "6b2f2006-449b-47dd-b01e-be0cfcc4d1c8", "message": "New order created", "meta": null}
{"timestamp": "2025-12-30T12:38:55.606884", "level": "INFO", "service": "order_generator", "event": "ORDER_CREATED", "order_id": "9b8ab05f-966c-47e2-9b26-b16657cf5638", "message": "New order created", "meta": null}
{"timestamp": "2025-12-30T12:38:55.632990", "level": "INFO", "service": "order_generator", "event": "ORDER_CREATED", "order_id": "68c2cba7-6209-467d-adcd-a155893dc508", "message": "New order created", "meta": null}
{"timestamp": "2025-12-30T12:38:55.660841", "level": "INFO", "service": "order_generator", "event": "ORDER_CREATED", "order_id": "2a3a49fe-1cc3-4e71-95bd-e9c7bf80ccc7", "message": "New order created", "meta": null}
{"timestamp": "2025-12-30T12:38:55.682112", "level": "INFO", "service": "order_generator", "event": "ORDER_CREATED", "order_id": "c2803e24-1f3f-4ee1-bf48-7f7284708350", "message": "New order created", "meta": null}
{"timestamp": "2025-12-30T12:38:55.708753", "level": "INFO", "service": "order_generator", "event": "ORDER_CREATED", "order_id": "9a3c0fe3-4053-4e07-9169-739e377288ef", "message": "New order created", "meta": null}
{"timestamp": "2025-12-30T12:38:55.739949", "level": "INFO", "service": "order_generator", "event": "ORDER_CREATED", "order_id": "cb47760e-5652-4adc-9744-6d5a9474fdcf", "message": "New order created", "meta": null}
{"timestamp": "2025-12-30T12:38:55.941027", "level": "INFO", "service": "order_generator", "event": "ORDER_CREATED", "order_id": "198ea732-2398-43e8-a090-08baf695349c", "message": "New order created", "meta": null}
{"timestamp": "2025-12-30T12:38:55.976271", "level": "INFO", "service": "order_generator", "event": "ORDER_CREATED", "order_id": "03cd2906-893e-40dc-8807-447a9f23a57b", "message": "New order created", "meta": null}
{"timestamp": "2025-12-30T12:38:55.996020", "level": "INFO", "service": "order_generator", "event": "ORDER_CREATED", "order_id": "96f13109-e0bd-41bb-8ded-aa35002425cf", "message": "New order created", "meta": null}
{"timestamp": "2025-12-30T12:38:56.015370", "level": "INFO", "service": "order_generator", "event": "ORDER_CREATED", "order_id": "6b83a169-ec85-41ba-b4dd-75fc3cf5b3f6", "message": "New order created", "meta": null}
{"timestamp": "2025-12-30T12:38:56.037014", "level": "INFO", "service": "order_generator", "event": "ORDER_CREATED", "order_id": "bd2372af-1a56-4723-a88e-2311d3ad6e32", "message": "New order created", "meta": null}
{"timestamp": "2025-12-30T12:38:56.065912", "level": "INFO", "service": "order_generator", "event": "ORDER_CREATED", "order_id": "00ad84e8-ed00-4a76-9571-16affae7958d", "message": "New order created", "meta": null}
{"timestamp": "2025-12-30T12:38:56.088684", "level": "INFO", "service": "order_generator", "event": "ORDER_CREATED", "order_id": "6177fff1-cf83-4343-8781-1effe9f5a81f", "message": "New order created", "meta": null}
{"timestamp": "2025-12-30T12:38:56.114649", "level": "INFO", "service": "order_generator", "event": "ORDER_CREATED", "order_id": "3ccff913-728a-433d-88c8-d37d81b52c6d", "message": "New order created", "meta": null}
{"timestamp": "2025-12-30T12:38:56.136900", "level": "INFO", "service": "order_generator", "event": "ORDER_CREATED", "order_id": "3117f47c-f340-4311-aee1-0f52987e489e", "message": "New order created", "meta": null}
{"timestamp": "2025-12-30T12:38:56.156886", "level": "INFO", "service": "order_generator", "event": "ORDER_CREATED", "order_id": "8f5c9a9a-4ab9-4452-ae5d-ee7acfe8c001", "message": "New order created", "meta": null}
{"timestamp": "2025-12-30T12:38:56.177448", "level": "INFO", "service": "order_generator", "event": "ORDER_CREATED", "order_id": "06f37756-5993-41a7-9f83-a40cc1e23f48", "message": "New order created", "meta": null}
{"timestamp": "2025-12-30T12:38:56.199922", "level": "INFO", "service": "order_generator", "event": "ORDER_CREATED", "order_id": "dcadf840-2427-433e-8cc2-9c0fa91ccab2", "message": "New order created", "meta": null}
{"timestamp": "2025-12-30T12:38:56.227712", "level": "INFO", "service": "order_generator", "event": "ORDER_CREATED", "order_id": "8e829762-6445-4ab7-9533-76a30d720f7e", "message": "New order created", "meta": null}
{"timestamp": "2025-12-30T12:38:56.255284", "level": "INFO", "service": "order_generator", "event": "ORDER_CREATED", "order_id": "d2d6d926-411e-4870-a635-187938728395", "message": "New order created", "meta": null}
{"timestamp": "2025-12-30T12:38:56.282241", "level": "INFO", "service": "order_generator", "event": "ORDER_CREATED", "order_id": "2875b673-26ff-43b3-a616-839aaeab2f3d", "message": "New order created", "meta": null}
{"timestamp": "2025-12-30T12:38:56.402624", "level": "INFO", "service": "order_generator", "event": "ORDER_CREATED", "order_id": "d1f3953a-e99e-4542-a12e-876df295ebae", "message": "New order created", "meta": null}
{"timestamp": "2025-12-30T12:38:56.422998", "level": "INFO", "service": "order_generator", "event": "ORDER_CREATED", "order_id": "d70c4dfb-7560-4b81-9f63-0f3c8ec6fe40", "message": "New order created", "meta": null}
{"timestamp": "2025-12-30T12:38:56.461129", "level": "INFO", "service": "order_generator", "event": "ORDER_CREATED", "order_id": "579f4669-8b1b-4a38-898e-9f97d2df4949", "message": "New order created", "meta": null}
{"timestamp": "2025-12-30T12:38:56.588929", "level": "INFO", "service": "order_generator", "event": "ORDER_CREATED", "order_id": "ac8a8ae9-08f4-429b-af34-fd766de4ee10", "message": "New order created", "meta": null}
{"timestamp": "2025-12-30T12:38:56.649619", "level": "INFO", "service": "order_generator", "event": "ORDER_CREATED", "order_id": "825d50ec-c126-40a7-8a93-ca7da33f404d", "message": "New order created", "meta": null}
{"timestamp": "2025-12-30T12:38:56.684448", "level": "INFO", "service": "order_generator", "event": "ORDER_CREATED", "order_id": "8a8e3f54-24ba-49c7-b406-2d01a1e385d9", "message": "New order created", "meta": null}
{"timestamp": "2025-12-30T12:38:56.722775", "level": "INFO", "service": "order_generator", "event": "ORDER_CREATED", "order_id": "01cd32c8-531c-4c10-9c80-43893d3086b6", "message": "New order created", "meta": null}
{"timestamp": "2025-12-30T12:38:56.746224", "level": "INFO", "service": "order_generator", "event": "ORDER_CREATED", "order_id": "a3463b2d-6394-4fe6-a510-b2678248ffe2", "message": "New order created", "meta": null}
{"timestamp": "2025-12-30T12:38:56.772187", "level": "INFO", "service": "order_generator", "event": "ORDER_CREATED", "order_id": "b5bff164-b8e5-451c-981c-8ce2d7fbb233", "message": "New order created", "meta": null}
{"timestamp": "2025-12-30T12:38:56.801179", "level": "INFO", "service": "order_generator", "event": "ORDER_CREATED", "order_id": "d12eda47-1f67-41e6-b603-1d9da5345195", "message": "New order created", "meta": null}
{"timestamp": "2025-12-30T12:38:56.829384", "level": "INFO", "service": "order_generator", "event": "ORDER_CREATED", "order_id": "da13beaa-4b0e-43b2-92e6-4aaf9606b208", "message": "New order created", "meta": null}
{"timestamp": "2025-12-30T12:38:56.852258", "level": "INFO", "service": "order_generator", "event": "ORDER_CREATED", "order_id": "b0cace32-97fa-4f25-b549-83e435e747a5", "message": "New order created", "meta": null}
{"timestamp": "2025-12-30T12:38:56.880289", "level": "INFO", "service": "order_generator", "event": "ORDER_CREATED", "order_id": "ad9a0ef2-2af6-44da-9088-cd8cf7d3e67c", "message": "New order created", "meta": null}
{"timestamp": "2025-12-30T12:38:56.904443", "level": "INFO", "service": "order_generator", "event": "ORDER_CREATED", "order_id": "e26844ed-69df-42ca-a0ae-b284f039f56a", "message": "New order created", "meta": null}
{"timestamp": "2025-12-30T12:38:57.301347", "level": "INFO", "service": "order_generator", "event": "ORDER_CREATED", "order_id": "71567618-9a2d-4525-a1f2-ea67cc5cc7f5", "message": "New order created", "meta": null}
{"timestamp": "2025-12-30T12:38:57.325185", "level": "INFO", "service": "order_generator", "event": "ORDER_CREATED", "order_id": "af982b33-2871-4a77-9561-af7ee9785d5e", "message": "New order created", "meta": null}
{"timestamp": "2025-12-30T12:38:57.351021", "level": "INFO", "service": "order_generator", "event": "ORDER_CREATED", "order_id": "176ade57-ffba-45f5-8a46-bf028bd668a6", "message": "New order created", "meta": null}
{"timestamp": "2025-12-30T12:38:57.381030", "level": "INFO", "service": "order_generator", "event": "ORDER_CREATED", "order_id": "3f02c695-ef2e-446f-973c-42c8e8d450f8", "message": "New order created", "meta": null}
{"timestamp": "2025-12-30T12:38:57.404850", "level": "INFO", "service": "order_generator", "event": "ORDER_CREATED", "order_id": "6ee0fdb7-531c-4605-8b7e-49a9ca452272", "message": "New order created", "meta": null}
{"timestamp": "2025-12-30T12:38:57.636946", "level": "INFO", "service": "order_generator", "event": "ORDER_CREATED", "order_id": "099d154b-96e4-4eb9-9f99-67c77424f20f", "message": "New order created", "meta": null}
{"timestamp": "2025-12-30T12:38:57.689455", "level": "INFO", "service": "order_generator", "event": "ORDER_CREATED", "order_id": "002cc183-2359-459d-a29a-3d357c05e771", "message": "New order created", "meta": null}
{"timestamp": "2025-12-30T12:38:57.721768", "level": "INFO", "service": "order_generator", "event": "ORDER_CREATED", "order_id": "3f1ed3f0-61c5-4ab6-86a2-0c364b959fe7", "message": "New order created", "meta": null}
{"timestamp": "2025-12-30T12:38:57.751203", "level": "INFO", "service": "order_generator", "event": "ORDER_CREATED", "order_id": "2f0f2020-931c-446b-a9f1-19df1111cf25", "message": "New order created", "meta": null}
{"timestamp": "2025-12-30T12:38:57.781784", "level": "INFO", "service": "order_generator", "event": "ORDER_CREATED", "order_id": "ff24018b-a3a2-41f8-bf4a-25166ce34817", "message": "New order created", "meta": null}
{"timestamp": "2025-12-30T12:38:57.805582", "level": "INFO", "service": "order_generator", "event": "ORDER_CREATED", "order_id": "72cfa316-e15a-4c14-a7d0-ad6ee07b5c7d", "message": "New order created", "meta": null}
{"timestamp": "2025-12-30T12:38:57.826568", "level": "INFO", "service": "order_generator", "event": "ORDER_CREATED", "order_id": "ad2468e0-4937-4cfc-94df-6d3d683d026c", "message": "New order created", "meta": null}
{"timestamp": "2025-12-30T12:38:57.856640", "level": "INFO", "service": "order_generator", "event": "ORDER_CREATED", "order_id": "6c4511e6-efe8-4390-9331-0947d623035a", "message": "New order created", "meta": null}
{"timestamp": "2025-12-30T12:38:57.883228", "level": "INFO", "service": "order_generator", "event": "ORDER_CREATED", "order_id": "7ddfcc37-8a5f-4505-88c6-a3a5c8bee5d2", "message": "New order created", "meta": null}
{"timestamp": "2025-12-30T12:38:57.907885", "level": "INFO", "service": "order_generator", "event": "ORDER_CREATED", "order_id": "a2e5d192-3d08-4bb0-b988-eea7b5dc1139", "message": "New order created", "meta": null}
{"timestamp": "2025-12-30T12:38:57.933672", "level": "INFO", "service": "order_generator", "event": "ORDER_CREATED", "order_id": "d083bd3b-107e-4c48-8a64-00c10508d7a1", "message": "New order created", "meta": null}
{"timestamp": "2025-12-30T12:38:57.958635", "level": "INFO", "service": "order_generator", "event": "ORDER_CREATED", "order_id": "76ac2a95-3812-4758-b325-27e05dd484e3", "message": "New order created", "meta": null}
{"timestamp": "2025-12-30T12:38:57.982645", "level": "INFO", "service": "order_generator", "event": "ORDER_CREATED", "order_id": "b25a3677-80f2-49e5-9754-006313778410", "message": "New order created", "meta": null}
{"timestamp": "2025-12-30T12:38:58.007253", "level": "INFO", "service": "order_generator", "event": "ORDER_CREATED", "order_id": "58980b78-4b53-496a-aed6-50eb09f1c11e", "message": "New order created", "meta": null}
{"timestamp": "2025-12-30T12:38:58.110265", "level": "INFO", "service": "order_generator", "event": "ORDER_CREATED", "order_id": "66159d95-5ac3-4d19-8e3e-64a7790514c0", "message": "New order created", "meta": null}
{"timestamp": "2025-12-30T12:38:58.164009", "level": "INFO", "service": "order_generator", "event": "ORDER_CREATED", "order_id": "b5e8f502-d014-46f9-939b-b2ada116139b", "message": "New order created", "meta": null}
{"timestamp": "2025-12-30T12:38:58.182908", "level": "INFO", "service": "order_generator", "event": "ORDER_CREATED", "order_id": "cc42efc0-5753-4a96-abbe-3f034c0c2ae6", "message": "New order created", "meta": null}
{"timestamp": "2025-12-30T12:38:58.207730", "level": "INFO", "service": "order_generator", "event": "ORDER_CREATED", "order_id": "e71eacab-a05f-4ffc-baeb-7347c3de5214", "message": "New order created", "meta": null}
{"timestamp": "2025-12-30T12:38:58.230681", "level": "INFO", "service": "order_generator", "event": "ORDER_CREATED", "order_id": "53cfcfc1-b9ae-46de-b78f-6cf7bc0328a4", "message": "New order created", "meta": null}
{"timestamp": "2025-12-30T12:38:58.261601", "level": "INFO", "service": "order_generator", "event": "ORDER_CREATED", "order_id": "b0c2ecd5-cdf8-455c-b216-753ec7f03bde", "message": "New order created", "meta": null}
{"timestamp": "2025-12-30T12:38:58.283281", "level": "INFO", "service": "order_generator", "event": "ORDER_CREATED", "order_id": "026a1752-7798-4f67-92d6-6263eec44ac4", "message": "New order created", "meta": null}
{"timestamp": "2025-12-30T12:38:58.311648", "level": "INFO", "service": "order_generator", "event": "ORDER_CREATED", "order_id": "8e200e70-cdcf-4f15-889c-f92e7845044c", "message": "New order created", "meta": null}
{"timestamp": "2025-12-30T12:38:58.334446", "level": "INFO", "service": "order_generator", "event": "ORDER_CREATED", "order_id": "6ef7a39b-6f76-41e0-9338-aadaba3e5fef", "message": "New order created", "meta": null}
{"timestamp": "2025-12-30T12:38:58.359313", "level": "INFO", "service": "order_generator", "event": "ORDER_CREATED", "order_id": "726ca21f-dae5-4bf2-a974-db0b86cbc8f2", "message": "New order created", "meta": null}
{"timestamp": "2025-12-30T12:38:58.383132", "level": "INFO", "service": "order_generator", "event": "ORDER_CREATED", "order_id": "385e9876-f1d3-41fe-a8c6-bf87a47d63d3", "message": "New order created", "meta": null}
{"timestamp": "2025-12-30T12:38:58.410546", "level": "INFO", "service": "order_generator", "event": "ORDER_CREATED", "order_id": "ac6dd228-82f8-4798-9734-a76bcd750302", "message": "New order created", "meta": null}
{"timestamp": "2025-12-30T12:38:58.438625", "level": "INFO", "service": "order_generator", "event": "ORDER_CREATED", "order_id": "9076340e-d2aa-4131-bb82-f9cb89334bba", "message": "New order created", "meta": null}
{"timestamp": "2025-12-30T12:38:58.465443", "level": "INFO", "service": "order_generator", "event": "ORDER_CREATED", "order_id": "12852372-2854-4578-a3de-e8e6de825392", "message": "New order created", "meta": null}
{"timestamp": "2025-12-30T12:38:58.488740", "level": "INFO", "service": "order_generator", "event": "ORDER_CREATED", "order_id": "a78ebe2e-7783-4d5b-943c-3e63345a2216", "message": "New order created", "meta": null}
{"timestamp": "2025-12-30T12:38:58.514326", "level": "INFO", "service": "order_generator", "event": "ORDER_CREATED", "order_id": "e149d9b8-fead-4f32-bd46-64bf210f24c1", "message": "New order created", "meta": null}
{"timestamp": "2025-12-30T12:38:58.537844", "level": "INFO", "service": "order_generator", "event": "ORDER_CREATED", "order_id": "8c361f7f-8d0a-4d0e-90c7-2ed8992de623", "message": "New order created", "meta": null}
{"timestamp": "2025-12-30T12:38:58.565050", "level": "INFO", "service": "order_generator", "event": "ORDER_CREATED", "order_id": "e1bc90b3-09fd-42c8-a3e2-c0bdec866f8f", "message": "New order created", "meta": null}
{"timestamp": "2025-12-30T12:38:58.586291", "level": "INFO", "service": "order_generator", "event": "ORDER_CREATED", "order_id": "f755e775-84ec-4ccc-8f68-7a9f6b64f285", "message": "New order created", "meta": null}
{"timestamp": "2025-12-30T12:38:58.611434", "level": "INFO", "service": "order_generator", "event": "ORDER_CREATED", "order_id": "6bbeb986-5c82-4ad3-aaf0-90780f9721f2", "message": "New order created", "meta": null}
{"timestamp": "2025-12-30T12:38:58.638726", "level": "INFO", "service": "order_generator", "event": "ORDER_CREATED", "order_id": "267844b3-ace3-4026-a337-5313329567b4", "message": "New order created", "meta": null}
{"timestamp": "2025-12-30T12:38:58.676971", "level": "INFO", "service": "order_generator", "event": "ORDER_CREATED", "order_id": "97a4109e-2c5b-497e-bc9b-5e727b502cff", "message": "New order created", "meta": null}
{"timestamp": "2025-12-30T12:38:58.710353", "level": "INFO", "service": "order_generator", "event": "ORDER_CREATED", "order_id": "c7e7ffc6-147f-4c13-9a3e-1b3ac5e8adfb", "message": "New order created", "meta": null}
{"timestamp": "2025-12-30T12:38:58.799111", "level": "INFO", "service": "order_generator", "event": "ORDER_CREATED", "order_id": "9c3f58fb-8d68-44a3-b290-f6180ca679fd", "message": "New order created", "meta": null}
{"timestamp": "2025-12-30T12:38:58.828538", "level": "INFO", "service": "order_generator", "event": "ORDER_CREATED", "order_id": "df9d6d1c-7b0f-4957-93a2-2cab2ec74f36", "message": "New order created", "meta": null}
{"timestamp": "2025-12-30T12:38:58.852332", "level": "INFO", "service": "order_generator", "event": "ORDER_CREATED", "order_id": "31fba8a3-2dc5-4c28-ab73-d089705e8f67", "message": "New order created", "meta": null}
{"timestamp": "2025-12-30T12:38:58.876221", "level": "INFO", "service": "order_generator", "event": "ORDER_CREATED", "order_id": "cba67813-00a4-48de-853f-0ff8d075c0f6", "message": "New order created", "meta": null}
{"timestamp": "2025-12-30T12:38:58.926859", "level": "INFO", "service": "order_generator", "event": "ORDER_CREATED", "order_id": "2321d773-9a5c-4d9d-9e02-ba9ba53f8b5e", "message": "New order created", "meta": null}
{"timestamp": "2025-12-30T12:38:58.953257", "level": "INFO", "service": "order_generator", "event": "ORDER_CREATED", "order_id": "433bdf24-37ff-43fa-b205-d0ef45769341", "message": "New order created", "meta": null}
{"timestamp": "2025-12-30T12:38:58.978577", "level": "INFO", "service": "order_generator", "event": "ORDER_CREATED", "order_id": "162bb760-d53e-4901-9750-cc9fdaf6fcde", "message": "New order created", "meta": null}
{"timestamp": "2025-12-30T12:38:59.001611", "level": "INFO", "service": "order_generator", "event": "ORDER_CREATED", "order_id": "9b5350c0-ff33-4703-b2c4-2e550f4062a9", "message": "New order created", "meta": null}
{"timestamp": "2025-12-30T12:38:59.028223", "level": "INFO", "service": "order_generator", "event": "ORDER_CREATED", "order_id": "ee69a281-d0bf-46fb-88e0-1895fdc0e6b0", "message": "New order created", "meta": null}
{"timestamp": "2025-12-30T12:38:59.056563", "level": "INFO", "service": "order_generator", "event": "ORDER_CREATED", "order_id": "031dbc59-f669-4a56-84e2-4bf5298e9a50", "message": "New order created", "meta": null}
{"timestamp": "2025-12-30T12:38:59.082473", "level": "INFO", "service": "order_generator", "event": "ORDER_CREATED", "order_id": "62fe2a6f-57c3-4a5c-b24f-c90707acd7ec", "message": "New order created", "meta": null}
{"timestamp": "2025-12-30T12:38:59.107368", "level": "INFO", "service": "order_generator", "event": "ORDER_CREATED", "order_id": "22560ba4-c3fd-4adf-8781-c16011fc87b8", "message": "New order created", "meta": null}
{"timestamp": "2025-12-30T12:38:59.133156", "level": "INFO", "service": "order_generator", "event": "ORDER_CREATED", "order_id": "fe3c654d-63c2-44fd-b351-a7904c23499c", "message": "New order created", "meta": null}
{"timestamp": "2025-12-30T12:38:59.165333", "level": "INFO", "service": "order_generator", "event": "ORDER_CREATED", "order_id": "c6141c02-0b6b-4499-9c7a-127104b3eaa5", "message": "New order created", "meta": null}
{"timestamp": "2025-12-30T12:38:59.325292", "level": "INFO", "service": "order_generator", "event": "ORDER_CREATED", "order_id": "68f3a054-6486-4714-8d56-6e5c45d9479f", "message": "New order created", "meta": null}
{"timestamp": "2025-12-30T12:38:59.353053", "level": "INFO", "service": "order_generator", "event": "ORDER_CREATED", "order_id": "fb4eed03-de5f-4e9f-8ad8-e373a098f368", "message": "New order created", "meta": null}
{"timestamp": "2025-12-30T12:38:59.491560", "level": "INFO", "service": "order_generator", "event": "ORDER_CREATED", "order_id": "55a91483-0e0b-4f80-a9bf-1e7192782b5f", "message": "New order created", "meta": null}
{"timestamp": "2025-12-30T12:38:59.519261", "level": "INFO", "service": "order_generator", "event": "ORDER_CREATED", "order_id": "4e165a3b-6d1c-48f0-95a5-2ad4f0d1cdc9", "message": "New order created", "meta": null}
{"timestamp": "2025-12-30T12:38:59.544593", "level": "INFO", "service": "order_generator", "event": "ORDER_CREATED", "order_id": "d15902f5-5a05-4831-a3de-c8fc48cba369", "message": "New order created", "meta": null}
{"timestamp": "2025-12-30T12:38:59.570215", "level": "INFO", "service": "order_generator", "event": "ORDER_CREATED", "order_id": "510987d7-0457-4eed-b3fd-7531e5cb1ac3", "message": "New order created", "meta": null}
{"timestamp": "2025-12-30T12:38:59.596313", "level": "INFO", "service": "order_generator", "event": "ORDER_CREATED", "order_id": "801a1a6e-d1da-4bf1-90dd-132b28665e5d", "message": "New order created", "meta": null}
{"timestamp": "2025-12-30T12:38:59.619731", "level": "INFO", "service": "order_generator", "event": "ORDER_CREATED", "order_id": "71bfd4c2-e408-41ce-a6bb-107489768a2b", "message": "New order created", "meta": null}
{"timestamp": "2025-12-30T12:38:59.707184", "level": "INFO", "service": "order_generator", "event": "ORDER_CREATED", "order_id": "55407917-32a5-47c9-a372-18c6836835a4", "message": "New order created", "meta": null}
{"timestamp": "2025-12-30T12:38:59.736822", "level": "INFO", "service": "order_generator", "event": "ORDER_CREATED", "order_id": "4cdffc5e-a72d-4bd1-a2d6-e306175852b8", "message": "New order created", "meta": null}
{"timestamp": "2025-12-30T12:38:59.766711", "level": "INFO", "service": "order_generator", "event": "ORDER_CREATED", "order_id": "3c31bf17-a42d-4673-a32a-47f4ea27e473", "message": "New order created", "meta": null}
{"timestamp": "2025-12-30T12:38:59.878001", "level": "INFO", "service": "order_generator", "event": "ORDER_CREATED", "order_id": "492660ca-e343-430f-8fad-c7131ce364bf", "message": "New order created", "meta": null}
{"timestamp": "2025-12-30T12:38:59.966570", "level": "INFO", "service": "order_generator", "event": "ORDER_CREATED", "order_id": "3ea3d0c5-bda7-485f-8993-72fb2c94e576", "message": "New order created", "meta": null}
{"timestamp": "2025-12-30T12:38:59.995341", "level": "INFO", "service": "order_generator", "event": "ORDER_CREATED", "order_id": "76bc5c3b-2558-4f50-8a36-827cb3ed98d5", "message": "New order created", "meta": null}
{"timestamp": "2025-12-30T12:39:00.453587", "level": "INFO", "service": "order_generator", "event": "ORDER_CREATED", "order_id": "f97f718c-9503-4c8a-bae8-5366861ede15", "message": "New order created", "meta": null}
{"timestamp": "2025-12-30T12:39:00.479818", "level": "INFO", "service": "order_generator", "event": "ORDER_CREATED", "order_id": "1fc6461c-ac05-4777-99ca-223c6b663a73", "message": "New order created", "meta": null}
{"timestamp": "2025-12-30T12:39:00.501060", "level": "INFO", "service": "order_generator", "event": "ORDER_CREATED", "order_id": "71586dbf-70c3-41e6-bf60-fec40e9e9b23", "message": "New order created", "meta": null}
{"timestamp": "2025-12-30T12:39:00.534055", "level": "INFO", "service": "order_generator", "event": "ORDER_CREATED", "order_id": "d0c9be8a-e960-4b8e-8677-2a3c1295eaa1", "message": "New order created", "meta": null}
{"timestamp": "2025-12-30T12:39:00.563508", "level": "INFO", "service": "order_generator", "event": "ORDER_CREATED", "order_id": "c65db58b-c582-4144-8fbd-f3524dad6664", "message": "New order created", "meta": null}
{"timestamp": "2025-12-30T12:39:00.639024", "level": "INFO", "service": "order_generator", "event": "ORDER_CREATED", "order_id": "b5903d3b-e840-4c24-a80b-ffe08b34e974", "message": "New order created", "meta": null}
{"timestamp": "2025-12-30T12:39:00.662173", "level": "INFO", "service": "order_generator", "event": "ORDER_CREATED", "order_id": "dfda5f8c-124e-4661-833f-8d80f44b33ee", "message": "New order created", "meta": null}
{"timestamp": "2025-12-30T12:39:00.696403", "level": "INFO", "service": "order_generator", "event": "ORDER_CREATED", "order_id": "009dcd73-74d2-403b-82cb-8872d5a1d7ee", "message": "New order created", "meta": null}
{"timestamp": "2025-12-30T12:39:00.719562", "level": "INFO", "service": "order_generator", "event": "ORDER_CREATED", "order_id": "da5e714f-dc05-4ece-a302-8dfc398f9f6a", "message": "New order created", "meta": null}
{"timestamp": "2025-12-30T12:39:00.750790", "level": "INFO", "service": "order_generator", "event": "ORDER_CREATED", "order_id": "a45f7ab9-4d54-45a7-968f-d25ef78d70bc", "message": "New order created", "meta": null}
{"timestamp": "2025-12-30T12:39:00.778717", "level": "INFO", "service": "order_generator", "event": "ORDER_CREATED", "order_id": "b16b501b-7f86-4f37-be2c-93c85a10aef8", "message": "New order created", "meta": null}
{"timestamp": "2025-12-30T12:39:00.804361", "level": "INFO", "service": "order_generator", "event": "ORDER_CREATED", "order_id": "8e4395a1-31b2-4727-90ac-47b974a06e95", "message": "New order created", "meta": null}
{"timestamp": "2025-12-30T12:39:00.833213", "level": "INFO", "service": "order_generator", "event": "ORDER_CREATED", "order_id": "f531a32f-35f1-430a-b8b0-65befaf1ff53", "message": "New order created", "meta": null}
{"timestamp": "2025-12-30T12:39:00.861501", "level": "INFO", "service": "order_generator", "event": "ORDER_CREATED", "order_id": "e56922ea-9483-4295-8a48-2168f29eeaf6", "message": "New order created", "meta": null}
{"timestamp": "2025-12-30T12:39:00.899074", "level": "INFO", "service": "order_generator", "event": "ORDER_CREATED", "order_id": "4999deae-2d68-4c52-b7c0-0b1f364cb5bc", "message": "New order created", "meta": null}
{"timestamp": "2025-12-30T12:39:01.161029", "level": "INFO", "service": "order_generator", "event": "ORDER_CREATED", "order_id": "380b450d-657f-4130-b72d-b658c25e83c2", "message": "New order created", "meta": null}
{"timestamp": "2025-12-30T12:39:01.191296", "level": "INFO", "service": "order_generator", "event": "ORDER_CREATED", "order_id": "d439ff50-e835-4823-a198-a74c605fd681", "message": "New order created", "meta": null}
{"timestamp": "2025-12-30T12:39:01.219901", "level": "INFO", "service": "order_generator", "event": "ORDER_CREATED", "order_id": "c8a7103c-35e2-41e0-883d-47eb583b212b", "message": "New order created", "meta": null}
{"timestamp": "2025-12-30T12:39:01.249975", "level": "INFO", "service": "order_generator", "event": "ORDER_CREATED", "order_id": "9a18a4e2-fa6c-4609-8e99-6b179b3fa2bf", "message": "New order created", "meta": null}
{"timestamp": "2025-12-30T12:39:01.501020", "level": "INFO", "service": "order_generator", "event": "ORDER_CREATED", "order_id": "2cf9d6b0-e58f-404b-a05a-490a4affed5f", "message": "New order created", "meta": null}
{"timestamp": "2025-12-30T12:39:01.590299", "level": "INFO", "service": "order_generator", "event": "ORDER_CREATED", "order_id": "4460c3e8-f19e-4155-96ba-afc94c04c558", "message": "New order created", "meta": null}
{"timestamp": "2025-12-30T12:39:01.663803", "level": "INFO", "service": "order_generator", "event": "ORDER_CREATED", "order_id": "4b2e11b1-5e84-4dd3-b72b-81606b795e48", "message": "New order created", "meta": null}
{"timestamp": "2025-12-30T12:39:01.713031", "level": "INFO", "service": "order_generator", "event": "ORDER_CREATED", "order_id": "0690684c-c5b2-489d-be03-a29597f225b4", "message": "New order created", "meta": null}
{"timestamp": "2025-12-30T12:39:01.819103", "level": "INFO", "service": "order_generator", "event": "ORDER_CREATED", "order_id": "13e26cac-7057-4f3e-aac2-461fb5cea746", "message": "New order created", "meta": null}
{"timestamp": "2025-12-30T12:39:01.868617", "level": "INFO", "service": "order_generator", "event": "ORDER_CREATED", "order_id": "6ed0806b-f706-435a-b480-d90de9988728", "message": "New order created", "meta": null}
{"timestamp": "2025-12-30T12:39:01.925582", "level": "INFO", "service": "order_generator", "event": "ORDER_CREATED", "order_id": "189d6904-cea2-4cba-81ee-89ebfc9a82f8", "message": "New order created", "meta": null}
{"timestamp": "2025-12-30T12:39:01.968417", "level": "INFO", "service": "order_generator", "event": "ORDER_CREATED", "order_id": "a9d1b8fa-5be0-4c7a-845e-beb1761e53a1", "message": "New order created", "meta": null}
{"timestamp": "2025-12-30T12:39:01.995407", "level": "INFO", "service": "order_generator", "event": "ORDER_CREATED", "order_id": "5f25fc96-81b7-4835-b18e-6f052a67e6b1", "message": "New order created", "meta": null}
{"timestamp": "2025-12-30T12:39:02.022302", "level": "INFO", "service": "order_generator", "event": "ORDER_CREATED", "order_id": "cff129d6-b90c-431a-9090-72157e45a3dd", "message": "New order created", "meta": null}
{"timestamp": "2025-12-30T12:39:02.047691", "level": "INFO", "service": "order_generator", "event": "ORDER_CREATED", "order_id": "3acaac91-ac5c-4b55-bb38-ac369b9f4dbe", "message": "New order created", "meta": null}
{"timestamp": "2025-12-30T12:39:02.091653", "level": "INFO", "service": "order_generator", "event": "ORDER_CREATED", "order_id": "b444e615-16ec-47f9-8057-8f4a1661ab8c", "message": "New order created", "meta": null}
{"timestamp": "2025-12-30T12:39:02.120338", "level": "INFO", "service": "order_generator", "event": "ORDER_CREATED", "order_id": "e0e0a5c6-4449-4217-b129-8c52d6a22a4f", "message": "New order created", "meta": null}
{"timestamp": "2025-12-30T12:39:02.145835", "level": "INFO", "service": "order_generator", "event": "ORDER_CREATED", "order_id": "68cb0864-6006-4b13-8dfe-6890476de355", "message": "New order created", "meta": null}
{"timestamp": "2025-12-30T12:39:02.170293", "level": "INFO", "service": "order_generator", "event": "ORDER_CREATED", "order_id": "e223c560-f5f2-4df0-a674-edc312ac56d2", "message": "New order created", "meta": null}
{"timestamp": "2025-12-30T12:39:02.201393", "level": "INFO", "service": "order_generator", "event": "ORDER_CREATED", "order_id": "470827ba-cb06-459b-a8b0-ec1a3d547183", "message": "New order created", "meta": null}
{"timestamp": "2025-12-30T12:39:02.228452", "level": "INFO", "service": "order_generator", "event": "ORDER_CREATED", "order_id": "c76d64c0-76ce-4d47-b519-a7afaf655151", "message": "New order created", "meta": null}
{"timestamp": "2025-12-30T12:39:02.256335", "level": "INFO", "service": "order_generator", "event": "ORDER_CREATED", "order_id": "f19bc55c-9500-4247-809d-a35a431518b1", "message": "New order created", "meta": null}
{"timestamp": "2025-12-30T12:39:02.285500", "level": "INFO", "service": "order_generator", "event": "ORDER_CREATED", "order_id": "27bfd78b-fb32-45b9-a8d4-076e1b5ce4f8", "message": "New order created", "meta": null}
{"timestamp": "2025-12-30T12:39:02.314790", "level": "INFO", "service": "order_generator", "event": "ORDER_CREATED", "order_id": "77830098-715a-4a6b-8eb6-bc09411986cb", "message": "New order created", "meta": null}
{"timestamp": "2025-12-30T12:39:02.348160", "level": "INFO", "service": "order_generator", "event": "ORDER_CREATED", "order_id": "26572583-6fcc-40db-8012-500b4d24e10a", "message": "New order created", "meta": null}
{"timestamp": "2025-12-30T12:39:02.373986", "level": "INFO", "service": "order_generator", "event": "ORDER_CREATED", "order_id": "2616c3ef-b5a4-4711-8554-df94172098dd", "message": "New order created", "meta": null}
{"timestamp": "2025-12-30T12:39:02.400222", "level": "INFO", "service": "order_generator", "event": "ORDER_CREATED", "order_id": "60df094d-395a-4d2a-b478-971231c11860", "message": "New order created", "meta": null}
{"timestamp": "2025-12-30T12:39:02.424196", "level": "INFO", "service": "order_generator", "event": "ORDER_CREATED", "order_id": "d5a3a846-9f23-41b6-aa25-76117e44d256", "message": "New order created", "meta": null}
{"timestamp": "2025-12-30T12:39:02.449272", "level": "INFO", "service": "order_generator", "event": "ORDER_CREATED", "order_id": "f556e95e-8e23-4f3c-bd97-85ddcbae8940", "message": "New order created", "meta": null}
{"timestamp": "2025-12-30T12:39:02.474615", "level": "INFO", "service": "order_generator", "event": "ORDER_CREATED", "order_id": "c2462658-38c1-49d7-a146-a589d1b46e99", "message": "New order created", "meta": null}
{"timestamp": "2025-12-30T12:39:02.501234", "level": "INFO", "service": "order_generator", "event": "ORDER_CREATED", "order_id": "4884f7bd-ffe3-409f-9b45-d2a6688d3ffa", "message": "New order created", "meta": null}
{"timestamp": "2025-12-30T12:39:02.562066", "level": "INFO", "service": "order_generator", "event": "ORDER_CREATED", "order_id": "ca77e5eb-78b5-45c2-8118-415ca57498d9", "message": "New order created", "meta": null}
{"timestamp": "2025-12-30T12:39:02.766703", "level": "INFO", "service": "order_generator", "event": "ORDER_CREATED", "order_id": "764fad10-2ebc-47dd-8fcb-9663531b0de4", "message": "New order created", "meta": null}
{"timestamp": "2025-12-30T12:39:02.791347", "level": "INFO", "service": "order_generator", "event": "ORDER_CREATED", "order_id": "b7c79fcc-4e9a-4c58-aa62-86bd65309e3f", "message": "New order created", "meta": null}
{"timestamp": "2025-12-30T12:39:02.836397", "level": "INFO", "service": "order_generator", "event": "ORDER_CREATED", "order_id": "fecf79fa-db84-4da8-a97a-8b1efc4a3431", "message": "New order created", "meta": null}
{"timestamp": "2025-12-30T12:39:02.944160", "level": "INFO", "service": "order_generator", "event": "ORDER_CREATED", "order_id": "7fa7c9b7-2d33-41b7-a437-fe7faf44d102", "message": "New order created", "meta": null}
{"timestamp": "2025-12-30T12:39:02.976612", "level": "INFO", "service": "order_generator", "event": "ORDER_CREATED", "order_id": "19faa746-dfad-440b-a775-8a4a13b8d996", "message": "New order created", "meta": null}
{"timestamp": "2025-12-30T12:39:02.994692", "level": "INFO", "service": "order_generator", "event": "ORDER_CREATED", "order_id": "026ab6bf-e994-48f2-aabb-15e54f24f9e0", "message": "New order created", "meta": null}
{"timestamp": "2025-12-30T12:39:03.025332", "level": "INFO", "service": "order_generator", "event": "ORDER_CREATED", "order_id": "b777cbef-b5d4-413c-8f98-66246907d502", "message": "New order created", "meta": null}
{"timestamp": "2025-12-30T12:39:03.043485", "level": "INFO", "service": "order_generator", "event": "ORDER_CREATED", "order_id": "31ed4237-2598-4302-b6e1-952d84837d8b", "message": "New order created", "meta": null}
{"timestamp": "2025-12-30T12:39:03.067290", "level": "INFO", "service": "order_generator", "event": "ORDER_CREATED", "order_id": "835ab388-cce1-432b-9735-8dc8a45809c7", "message": "New order created", "meta": null}
{"timestamp": "2025-12-30T12:39:03.177484", "level": "INFO", "service": "order_generator", "event": "ORDER_CREATED", "order_id": "5422088e-0163-4831-9146-864cc328de2f", "message": "New order created", "meta": null}
{"timestamp": "2025-12-30T12:39:03.196490", "level": "INFO", "service": "order_generator", "event": "ORDER_CREATED", "order_id": "6cee0d0c-e2ed-4910-bcc1-5359c77e01b4", "message": "New order created", "meta": null}
{"timestamp": "2025-12-30T12:39:03.239911", "level": "INFO", "service": "order_generator", "event": "ORDER_CREATED", "order_id": "05652c5b-2ab6-41a4-af2d-3ee291ceaffd", "message": "New order created", "meta": null}
{"timestamp": "2025-12-30T12:39:03.263502", "level": "INFO", "service": "order_generator", "event": "ORDER_CREATED", "order_id": "19322c74-81ea-49e0-827a-a399219b42b9", "message": "New order created", "meta": null}
{"timestamp": "2025-12-30T12:39:03.290040", "level": "INFO", "service": "order_generator", "event": "ORDER_CREATED", "order_id": "7346553e-433f-4793-813e-eaab16792bfc", "message": "New order created", "meta": null}
{"timestamp": "2025-12-30T12:39:03.318576", "level": "INFO", "service": "order_generator", "event": "ORDER_CREATED", "order_id": "b9a0b5b3-db32-4f8b-b126-8dbb9a7b09ce", "message": "New order created", "meta": null}
{"timestamp": "2025-12-30T12:39:03.362732", "level": "INFO", "service": "order_generator", "event": "ORDER_CREATED", "order_id": "9b73ae4c-f331-4c96-9610-d1d5405081c2", "message": "New order created", "meta": null}
{"timestamp": "2025-12-30T12:39:03.775435", "level": "INFO", "service": "order_generator", "event": "ORDER_CREATED", "order_id": "5fe27be8-5ba1-473d-9cfa-78506e24203b", "message": "New order created", "meta": null}
{"timestamp": "2025-12-30T12:39:03.847662", "level": "INFO", "service": "order_generator", "event": "ORDER_CREATED", "order_id": "a8c17ea3-e632-425e-9bdd-c65c90b903ab", "message": "New order created", "meta": null}
{"timestamp": "2025-12-30T12:39:03.885152", "level": "INFO", "service": "order_generator", "event": "ORDER_CREATED", "order_id": "1752809c-e275-485c-b989-f0c16d2e4809", "message": "New order created", "meta": null}
{"timestamp": "2025-12-30T12:39:03.913388", "level": "INFO", "service": "order_generator", "event": "ORDER_CREATED", "order_id": "52cbb2a2-2048-4cd0-808a-110a401f0bc5", "message": "New order created", "meta": null}
{"timestamp": "2025-12-30T12:39:03.938429", "level": "INFO", "service": "order_generator", "event": "ORDER_CREATED", "order_id": "d0f3cc76-49ed-4dd9-93ed-7d5372a5836a", "message": "New order created", "meta": null}
{"timestamp": "2025-12-30T12:39:03.961602", "level": "INFO", "service": "order_generator", "event": "ORDER_CREATED", "order_id": "a8b160a9-49aa-4500-a151-ad22e070b142", "message": "New order created", "meta": null}
{"timestamp": "2025-12-30T12:39:04.002967", "level": "INFO", "service": "order_generator", "event": "ORDER_CREATED", "order_id": "af769370-4d9a-4efb-accf-9ad7a09ee4a1", "message": "New order created", "meta": null}
{"timestamp": "2025-12-30T12:39:04.027022", "level": "INFO", "service": "order_generator", "event": "ORDER_CREATED", "order_id": "f2420049-51d7-4d4d-bfc9-693e4a340ab5", "message": "New order created", "meta": null}
{"timestamp": "2025-12-30T12:39:04.057481", "level": "INFO", "service": "order_generator", "event": "ORDER_CREATED", "order_id": "149ed7e3-5ee9-452c-a460-ef0238889ec6", "message": "New order created", "meta": null}
{"timestamp": "2025-12-30T12:39:04.086554", "level": "INFO", "service": "order_generator", "event": "ORDER_CREATED", "order_id": "3e799e20-7729-408c-a8f3-087b0f918acc", "message": "New order created", "meta": null}
{"timestamp": "2025-12-30T12:39:04.110807", "level": "INFO", "service": "order_generator", "event": "ORDER_CREATED", "order_id": "908273f5-a8e0-4e2d-aec3-e6b493b4586d", "message": "New order created", "meta": null}
{"timestamp": "2025-12-30T12:39:04.140433", "level": "INFO", "service": "order_generator", "event": "ORDER_CREATED", "order_id": "35b36c29-a7f3-4622-b293-93e867b41ddd", "message": "New order created", "meta": null}
{"timestamp": "2025-12-30T12:39:04.162142", "level": "INFO", "service": "order_generator", "event": "ORDER_CREATED", "order_id": "9dcd85d1-ed37-4df6-b273-913a69927207", "message": "New order created", "meta": null}
{"timestamp": "2025-12-30T12:39:04.186811", "level": "INFO", "service": "order_generator", "event": "ORDER_CREATED", "order_id": "d6eb3dd8-a2b4-4721-8391-9b76c2e19fb7", "message": "New order created", "meta": null}
{"timestamp": "2025-12-30T12:39:04.214760", "level": "INFO", "service": "order_generator", "event": "ORDER_CREATED", "order_id": "4d702e0b-767a-43cf-81c5-ef5f7b5db8c6", "message": "New order created", "meta": null}
{"timestamp": "2025-12-30T12:39:04.238457", "level": "INFO", "service": "order_generator", "event": "ORDER_CREATED", "order_id": "5e339c8c-718d-43eb-8916-5d21b07b92ea", "message": "New order created", "meta": null}
{"timestamp": "2025-12-30T12:39:04.265645", "level": "INFO", "service": "order_generator", "event": "ORDER_CREATED", "order_id": "a439fe72-6ddd-4232-b556-b87ab92aa329", "message": "New order created", "meta": null}
{"timestamp": "2025-12-30T12:39:04.291393", "level": "INFO", "service": "order_generator", "event": "ORDER_CREATED", "order_id": "7b2c1e18-e525-43d3-81c3-fe60ff9014b7", "message": "New order created", "meta": null}
{"timestamp": "2025-12-30T12:39:04.317372", "level": "INFO", "service": "order_generator", "event": "ORDER_CREATED", "order_id": "f4a17ca1-dc00-4a4a-a052-9eac6b798171", "message": "New order created", "meta": null}
{"timestamp": "2025-12-30T12:39:04.341573", "level": "INFO", "service": "order_generator", "event": "ORDER_CREATED", "order_id": "a7fe0e73-9f84-41ba-8e79-b8cb4b00ed89", "message": "New order created", "meta": null}
{"timestamp": "2025-12-30T12:39:04.371810", "level": "INFO", "service": "order_generator", "event": "ORDER_CREATED", "order_id": "f3a0421b-e92d-4954-b73f-fd8ec30759be", "message": "New order created", "meta": null}
{"timestamp": "2025-12-30T12:39:04.402386", "level": "INFO", "service": "order_generator", "event": "ORDER_CREATED", "order_id": "da73fca2-869d-4160-ad9e-8d7631955ce1", "message": "New order created", "meta": null}
{"timestamp": "2025-12-30T12:39:04.489009", "level": "INFO", "service": "order_generator", "event": "ORDER_CREATED", "order_id": "5a11e4ea-3662-4f53-82a3-b582ad7ea903", "message": "New order created", "meta": null}
{"timestamp": "2025-12-30T12:39:04.557580", "level": "INFO", "service": "order_generator", "event": "ORDER_CREATED", "order_id": "32789b34-257b-4342-886d-55a35e470e6b", "message": "New order created", "meta": null}
{"timestamp": "2025-12-30T12:39:04.704264", "level": "INFO", "service": "order_generator", "event": "ORDER_CREATED", "order_id": "e8c6f17d-e3f7-4c80-b212-0be184802e0e", "message": "New order created", "meta": null}
{"timestamp": "2025-12-30T12:39:04.789619", "level": "INFO", "service": "order_generator", "event": "ORDER_CREATED", "order_id": "2ed23d98-6c81-44b0-8fbd-6a84947af82b", "message": "New order created", "meta": null}
{"timestamp": "2025-12-30T12:39:04.877382", "level": "INFO", "service": "order_generator", "event": "ORDER_CREATED", "order_id": "23b7c3eb-dc9d-4961-a6be-61367babb7d6", "message": "New order created", "meta": null}
{"timestamp": "2025-12-30T12:39:04.925659", "level": "INFO", "service": "order_generator", "event": "ORDER_CREATED", "order_id": "3c335f39-77e8-40f4-aba0-e10e95b934c3", "message": "New order created", "meta": null}
{"timestamp": "2025-12-30T12:39:04.967290", "level": "INFO", "service": "order_generator", "event": "ORDER_CREATED", "order_id": "eb92e673-6d06-43af-86fa-d7f708d1ab03", "message": "New order created", "meta": null}
{"timestamp": "2025-12-30T12:39:05.023340", "level": "INFO", "service": "order_generator", "event": "ORDER_CREATED", "order_id": "4e56c26a-3c7a-4cd3-b52a-1deb95b9cb83", "message": "New order created", "meta": null}
{"timestamp": "2025-12-30T12:39:05.047772", "level": "INFO", "service": "order_generator", "event": "ORDER_CREATED", "order_id": "fc659337-4d89-49f1-a741-d4edae015632", "message": "New order created", "meta": null}
{"timestamp": "2025-12-30T12:39:05.076010", "level": "INFO", "service": "order_generator", "event": "ORDER_CREATED", "order_id": "bef78593-9c77-4ed1-aad5-9849e4a32a5b", "message": "New order created", "meta": null}
{"timestamp": "2025-12-30T12:39:05.101743", "level": "INFO", "service": "order_generator", "event": "ORDER_CREATED", "order_id": "705fa2bf-fb6c-42d7-873c-cbabf72e0924", "message": "New order created", "meta": null}
{"timestamp": "2025-12-30T12:39:05.126617", "level": "INFO", "service": "order_generator", "event": "ORDER_CREATED", "order_id": "7cc5dd58-b085-41d5-b0b0-e2b747f4df69", "message": "New order created", "meta": null}
{"timestamp": "2025-12-30T12:39:05.149022", "level": "INFO", "service": "order_generator", "event": "ORDER_CREATED", "order_id": "96290208-1d2e-4902-8855-6b7f26ed86b1", "message": "New order created", "meta": null}
{"timestamp": "2025-12-30T12:39:05.179838", "level": "INFO", "service": "order_generator", "event": "ORDER_CREATED", "order_id": "517f7d92-cc6d-4990-8010-8316444ce5d2", "message": "New order created", "meta": null}
{"timestamp": "2025-12-30T12:39:05.209664", "level": "INFO", "service": "order_generator", "event": "ORDER_CREATED", "order_id": "ebaeeff7-36b6-4a08-ab34-c38d7a7cdd0d", "message": "New order created", "meta": null}
{"timestamp": "2025-12-30T12:39:05.237952", "level": "INFO", "service": "order_generator", "event": "ORDER_CREATED", "order_id": "f99b1127-b479-4ebb-b163-8b91cb7c817c", "message": "New order created", "meta": null}
{"timestamp": "2025-12-30T12:39:05.263707", "level": "INFO", "service": "order_generator", "event": "ORDER_CREATED", "order_id": "300dad23-f76d-4fc0-9b45-a4e468693281", "message": "New order created", "meta": null}
{"timestamp": "2025-12-30T12:39:05.286073", "level": "INFO", "service": "order_generator", "event": "ORDER_CREATED", "order_id": "7aa984a7-fc41-4e76-8b32-91736de2590f", "message": "New order created", "meta": null}
{"timestamp": "2025-12-30T12:39:05.309038", "level": "INFO", "service": "order_generator", "event": "ORDER_CREATED", "order_id": "252a6b10-a37c-4b90-b40e-b63dbcddf80d", "message": "New order created", "meta": null}
{"timestamp": "2025-12-30T12:39:05.332340", "level": "INFO", "service": "order_generator", "event": "ORDER_CREATED", "order_id": "571c5e3f-40fd-48a3-a02e-3c5ceba3b9fb", "message": "New order created", "meta": null}
{"timestamp": "2025-12-30T12:39:05.359222", "level": "INFO", "service": "order_generator", "event": "ORDER_CREATED", "order_id": "88990743-dccc-4d2d-8efb-7ada0c8ad906", "message": "New order created", "meta": null}
{"timestamp": "2025-12-30T12:39:05.386699", "level": "INFO", "service": "order_generator", "event": "ORDER_CREATED", "order_id": "6a2e1fc8-8502-4be7-9215-2b83558a424f", "message": "New order created", "meta": null}
{"timestamp": "2025-12-30T12:39:05.408277", "level": "INFO", "service": "order_generator", "event": "ORDER_CREATED", "order_id": "78304c76-498e-47a0-ac8a-e2802ea6f3aa", "message": "New order created", "meta": null}
{"timestamp": "2025-12-30T12:39:05.433476", "level": "INFO", "service": "order_generator", "event": "ORDER_CREATED", "order_id": "d81b7c52-902a-455d-a0f5-2998eae47e56", "message": "New order created", "meta": null}
{"timestamp": "2025-12-30T12:39:05.458202", "level": "INFO", "service": "order_generator", "event": "ORDER_CREATED", "order_id": "c787eb01-ceb3-4bb8-a66c-9bd8c50e4c66", "message": "New order created", "meta": null}
{"timestamp": "2025-12-30T12:39:05.487456", "level": "INFO", "service": "order_generator", "event": "ORDER_CREATED", "order_id": "392ece87-c4ce-47e2-ac13-f9deb2a113be", "message": "New order created", "meta": null}
{"timestamp": "2025-12-30T12:39:05.516395", "level": "INFO", "service": "order_generator", "event": "ORDER_CREATED", "order_id": "aa21a502-68fa-4abe-b04b-e96ec0c2bc72", "message": "New order created", "meta": null}
{"timestamp": "2025-12-30T12:39:05.547915", "level": "INFO", "service": "order_generator", "event": "ORDER_CREATED", "order_id": "c603427c-55da-412d-b768-9149cfe14efe", "message": "New order created", "meta": null}
{"timestamp": "2025-12-30T12:39:05.572296", "level": "INFO", "service": "order_generator", "event": "ORDER_CREATED", "order_id": "05d98cf3-4f12-4335-a2d9-a5de4e30ac34", "message": "New order created", "meta": null}
{"timestamp": "2025-12-30T12:39:05.600497", "level": "INFO", "service": "order_generator", "event": "ORDER_CREATED", "order_id": "3e19aa8b-618b-41ef-adfc-0cb095ba767d", "message": "New order created", "meta": null}
{"timestamp": "2025-12-30T12:39:05.629457", "level": "INFO", "service": "order_generator", "event": "ORDER_CREATED", "order_id": "976ea722-9969-460d-8cf3-a680e7a8965c", "message": "New order created", "meta": null}
{"timestamp": "2025-12-30T12:39:05.656372", "level": "INFO", "service": "order_generator", "event": "ORDER_CREATED", "order_id": "e92ba59e-13ba-4929-b09e-98f21c216067", "message": "New order created", "meta": null}
{"timestamp": "2025-12-30T12:39:05.693408", "level": "INFO", "service": "order_generator", "event": "ORDER_CREATED", "order_id": "f305b37c-f9ae-43fb-baf9-86b68439fbfa", "message": "New order created", "meta": null}
{"timestamp": "2025-12-30T12:39:05.723054", "level": "INFO", "service": "order_generator", "event": "ORDER_CREATED", "order_id": "d7752f77-c272-4e9b-84cd-4c5c31732e39", "message": "New order created", "meta": null}
{"timestamp": "2025-12-30T12:39:05.748642", "level": "INFO", "service": "order_generator", "event": "ORDER_CREATED", "order_id": "39176c7b-cd7b-471f-b6d1-73c2ecb8450c", "message": "New order created", "meta": null}
{"timestamp": "2025-12-30T12:39:05.877648", "level": "INFO", "service": "order_generator", "event": "ORDER_CREATED", "order_id": "fb94c499-1fcb-44a9-9d40-854b880c6149", "message": "New order created", "meta": null}
{"timestamp": "2025-12-30T12:39:05.915934", "level": "INFO", "service": "order_generator", "event": "ORDER_CREATED", "order_id": "6f90849e-803c-42d4-b69f-9e056738f218", "message": "New order created", "meta": null}
{"timestamp": "2025-12-30T12:39:05.951044", "level": "INFO", "service": "order_generator", "event": "ORDER_CREATED", "order_id": "da0a0e79-b6b5-447a-aedf-8a0c41e99bdf", "message": "New order created", "meta": null}
{"timestamp": "2025-12-30T12:39:06.064112", "level": "INFO", "service": "order_generator", "event": "ORDER_CREATED", "order_id": "757f49b6-675b-49ab-a96e-120d3ab3b0d8", "message": "New order created", "meta": null}
