{"timestamp": "2025-12-30T12:34:31.720174", "level": "ERROR", "service": "check_and_recommender", "event": "PROCESS_MESSAGE_FAILED", "order_id": null, "message": "Unhandled error in recommendation engine", "meta": {"error": "'Logger' object has no attribute 'success'"}}
{"timestamp": "2025-12-30T12:34:33.794644", "level": "ERROR", "service": "check_and_recommender", "event": "PROCESS_MESSAGE_FAILED", "order_id": null, "message": "Unhandled error in recommendation engine", "meta": {"error": "'Logger' object has no attribute 'success'"}}
{"timestamp": "2025-12-30T12:37:23.188929", "level": "INFO", "service": "check_and_recommender", "event": "ORDER_SKIPPED", "order_id": "b9f094b3-6b3c-456e-9627-326a0a1d044a", "message": "Order marked completed without recommendation", "meta": {"recommended": false, "reason": "not eligible"}}
{"timestamp": "2025-12-30T12:37:23.195555", "level": "INFO", "service": "check_and_recommender", "event": "ORDER_SKIPPED", "order_id": "b624d8b8-1bb0-4865-948c-830c3f603e23", "message": "Order marked completed without recommendation", "meta": {"recommended": false, "reason": "not eligible"}}
{"timestamp": "2025-12-30T12:37:23.198110", "level": "INFO", "service": "check_and_recommender", "event": "ORDER_SKIPPED", "order_id": "4092cef4-340a-45d6-a3d3-cdf13708c4be", "message": "Order marked completed without recommendation", "meta": {"recommended": false, "reason": "not eligible"}}
{"timestamp": "2025-12-30T12:37:23.212828", "level": "INFO", "service": "check_and_recommender", "event": "ORDER_SKIPPED", "order_id": "62f36f63-fb0d-472b-ac79-d080d0b48824", "message": "Order marked completed without recommendation", "meta": {"recommended": false, "reason": "not eligible"}}
{"timestamp": "2025-12-30T12:37:23.218027", "level": "INFO", "service": "check_and_recommender", "event": "ORDER_SKIPPED", "order_id": "2d2ec539-5172-48af-9633-539d5b069abc", "message": "Order marked completed without recommendation", "meta": {"recommended": false, "reason": "not eligible"}}
{"timestamp": "2025-12-30T12:37:23.225499", "level": "INFO", "service": "check_and_recommender", "event": "ORDER_SKIPPED", "order_id": "080d1dc4-7ecd-4f2c-85e0-bf56d7a04679", "message": "Order marked completed without recommendation", "meta": {"recommended": false, "reason": "not eligible"}}
{"timestamp": "2025-12-30T12:37:23.226866", "level": "INFO", "service": "check_and_recommender", "event": "ORDER_SKIPPED", "order_id": "2ada0678-a0b2-45f4-95e7-91b256d93de6", "message": "Order marked completed without recommendation", "meta": {"recommended": false, "reason": "not eligible"}}
{"timestamp": "2025-12-30T12:37:23.236314", "level": "INFO", "service": "check_and_recommender", "event": "ORDER_SKIPPED", "order_id": "06f58f57-715e-42a8-82cb-4ee1a88c3515", "message": "Order marked completed without recommendation", "meta": {"recommended": false, "reason": "not eligible"}}
{"timestamp": "2025-12-30T12:37:23.239346", "level": "INFO", "service": "check_and_recommender", "event": "ORDER_SKIPPED", "order_id": "5724bf82-7666-490c-ba8e-41d428b7db0f", "message": "Order marked completed without recommendation", "meta": {"recommended": false, "reason": "not eligible"}}
{"timestamp": "2025-12-30T12:37:23.241326", "level": "INFO", "service": "check_and_recommender", "event": "ORDER_SKIPPED", "order_id": "1d6ba998-1fac-479d-a8db-da046c0c5cac", "message": "Order marked completed without recommendation", "meta": {"recommended": false, "reason": "not eligible"}}
{"timestamp": "2025-12-30T12:37:23.248007", "level": "INFO", "service": "check_and_recommender", "event": "ORDER_SKIPPED", "order_id": "38141f60-c9ce-43b7-ae02-e356a4211ebf", "message": "Order marked completed without recommendation", "meta": {"recommended": false, "reason": "not eligible"}}
{"timestamp": "2025-12-30T12:37:23.249614", "level": "INFO", "service": "check_and_recommender", "event": "ORDER_SKIPPED", "order_id": "9c4fcec2-6d8d-4d3b-a719-93fc8c5684a5", "message": "Order marked completed without recommendation", "meta": {"recommended": false, "reason": "not eligible"}}
{"timestamp": "2025-12-30T12:37:23.255567", "level": "INFO", "service": "check_and_recommender", "event": "ORDER_SKIPPED", "order_id": "b979bdf6-abce-4fc5-bbf6-b88d57105ac0", "message": "Order marked completed without recommendation", "meta": {"recommended": false, "reason": "not eligible"}}
{"timestamp": "2025-12-30T12:37:23.258715", "level": "INFO", "service": "check_and_recommender", "event": "ORDER_SKIPPED", "order_id": "b3cecb54-6aeb-4a56-ad8f-f219d4d5c2c4", "message": "Order marked completed without recommendation", "meta": {"recommended": false, "reason": "not eligible"}}
{"timestamp": "2025-12-30T12:37:23.262618", "level": "INFO", "service": "check_and_recommender", "event": "ORDER_SKIPPED", "order_id": "3d94766a-fd2f-4240-8f12-c17d8387462e", "message": "Order marked completed without recommendation", "meta": {"recommended": false, "reason": "not eligible"}}
{"timestamp": "2025-12-30T12:37:23.266013", "level": "INFO", "service": "check_and_recommender", "event": "ORDER_SKIPPED", "order_id": "25842016-9d6a-49ef-8362-eccbf85bdf65", "message": "Order marked completed without recommendation", "meta": {"recommended": false, "reason": "not eligible"}}
{"timestamp": "2025-12-30T12:37:23.268189", "level": "INFO", "service": "check_and_recommender", "event": "ORDER_SKIPPED", "order_id": "971ab157-7c79-4097-8002-c87390e9b6ad", "message": "Order marked completed without recommendation", "meta": {"recommended": false, "reason": "not eligible"}}
{"timestamp": "2025-12-30T12:37:23.272304", "level": "INFO", "service": "check_and_recommender", "event": "ORDER_SKIPPED", "order_id": "de8d205a-a444-4ab0-9f6c-1638615d7981", "message": "Order marked completed without recommendation", "meta": {"recommended": false, "reason": "not eligible"}}
{"timestamp": "2025-12-30T12:37:23.274582", "level": "INFO", "service": "check_and_recommender", "event": "ORDER_SKIPPED", "order_id": "93f31353-591e-452b-912d-32a08c30a609", "message": "Order marked completed without recommendation", "meta": {"recommended": false, "reason": "not eligible"}}
{"timestamp": "2025-12-30T12:37:23.279121", "level": "INFO", "service": "check_and_recommender", "event": "ORDER_SKIPPED", "order_id": "0ea34223-a549-4772-9748-b5481535c085", "message": "Order marked completed without recommendation", "meta": {"recommended": false, "reason": "not eligible"}}
{"timestamp": "2025-12-30T12:37:23.280135", "level": "INFO", "service": "check_and_recommender", "event": "ORDER_SKIPPED", "order_id": "11b5e2a5-9659-425d-80bf-d0bcb9b4cc6c", "message": "Order marked completed without recommendation", "meta": {"recommended": false, "reason": "not eligible"}}
{"timestamp": "2025-12-30T12:37:23.288068", "level": "INFO", "service": "check_and_recommender", "event": "ORDER_SKIPPED", "order_id": "f9a033e8-13ff-40a9-a2df-21cca9ec6921", "message": "Order marked completed without recommendation", "meta": {"recommended": false, "reason": "not eligible"}}
{"timestamp": "2025-12-30T12:37:23.289581", "level": "INFO", "service": "check_and_recommender", "event": "ORDER_SKIPPED", "order_id": "1cbeaf66-9089-4493-8083-10af50cdb3d5", "message": "Order marked completed without recommendation", "meta": {"recommended": false, "reason": "not eligible"}}
{"timestamp": "2025-12-30T12:37:23.294649", "level": "INFO", "service": "check_and_recommender", "event": "ORDER_SKIPPED", "order_id": "2e7d096a-b455-48a3-9518-f85b4e290a55", "message": "Order marked completed without recommendation", "meta": {"recommended": false, "reason": "not eligible"}}
{"timestamp": "2025-12-30T12:37:23.298197", "level": "INFO", "service": "check_and_recommender", "event": "ORDER_SKIPPED", "order_id": "2bb104dc-6287-452b-aa6d-55cdfa2c8b89", "message": "Order marked completed without recommendation", "meta": {"recommended": false, "reason": "not eligible"}}
{"timestamp": "2025-12-30T12:37:23.306797", "level": "INFO", "service": "check_and_recommender", "event": "ORDER_SKIPPED", "order_id": "c21272d1-3bb2-4925-a2c1-be43a24ad7c0", "message": "Order marked completed without recommendation", "meta": {"recommended": false, "reason": "not eligible"}}
{"timestamp": "2025-12-30T12:37:23.307821", "level": "INFO", "service": "check_and_recommender", "event": "ORDER_SKIPPED", "order_id": "428bc7e5-8605-4fd3-bf52-3a353c1676d2", "message": "Order marked completed without recommendation", "meta": {"recommended": false, "reason": "not eligible"}}
{"timestamp": "2025-12-30T12:37:23.316344", "level": "INFO", "service": "check_and_recommender", "event": "ORDER_SKIPPED", "order_id": "1308e41a-8f49-4819-968b-b16dbfd6d82b", "message": "Order marked completed without recommendation", "meta": {"recommended": false, "reason": "not eligible"}}
{"timestamp": "2025-12-30T12:37:23.323461", "level": "INFO", "service": "check_and_recommender", "event": "ORDER_SKIPPED", "order_id": "1def8374-e95e-45a7-9dfb-72b394c81eca", "message": "Order marked completed without recommendation", "meta": {"recommended": false, "reason": "not eligible"}}
{"timestamp": "2025-12-30T12:37:23.333553", "level": "INFO", "service": "check_and_recommender", "event": "ORDER_SKIPPED", "order_id": "7c160e9a-2d06-4f76-a215-ac7e5d43018a", "message": "Order marked completed without recommendation", "meta": {"recommended": false, "reason": "not eligible"}}
{"timestamp": "2025-12-30T12:37:23.338134", "level": "INFO", "service": "check_and_recommender", "event": "ORDER_SKIPPED", "order_id": "d95002b0-3501-4919-9a97-6c6b196a44c9", "message": "Order marked completed without recommendation", "meta": {"recommended": false, "reason": "not eligible"}}
{"timestamp": "2025-12-30T12:37:23.340131", "level": "INFO", "service": "check_and_recommender", "event": "ORDER_SKIPPED", "order_id": "90fb19a1-e480-45cc-912d-34ed19c85c25", "message": "Order marked completed without recommendation", "meta": {"recommended": false, "reason": "not eligible"}}
{"timestamp": "2025-12-30T12:37:23.345312", "level": "INFO", "service": "check_and_recommender", "event": "ORDER_SKIPPED", "order_id": "b47eeb53-184e-4844-8957-4286b5bc2944", "message": "Order marked completed without recommendation", "meta": {"recommended": false, "reason": "not eligible"}}
{"timestamp": "2025-12-30T12:37:23.348876", "level": "INFO", "service": "check_and_recommender", "event": "ORDER_SKIPPED", "order_id": "df68a7c9-ba88-459b-9ef4-546a54dbfa57", "message": "Order marked completed without recommendation", "meta": {"recommended": false, "reason": "not eligible"}}
{"timestamp": "2025-12-30T12:37:23.356953", "level": "INFO", "service": "check_and_recommender", "event": "ORDER_SKIPPED", "order_id": "339d0fbd-a69c-4074-b9ed-84ed6db1c85b", "message": "Order marked completed without recommendation", "meta": {"recommended": false, "reason": "not eligible"}}
{"timestamp": "2025-12-30T12:37:23.358952", "level": "INFO", "service": "check_and_recommender", "event": "ORDER_SKIPPED", "order_id": "e398c16a-9dbb-45a7-b9c0-6b91b3c95fc5", "message": "Order marked completed without recommendation", "meta": {"recommended": false, "reason": "not eligible"}}
{"timestamp": "2025-12-30T12:37:23.364998", "level": "INFO", "service": "check_and_recommender", "event": "ORDER_SKIPPED", "order_id": "810fecad-d53e-495b-a8c0-ab9d5bbcabde", "message": "Order marked completed without recommendation", "meta": {"recommended": false, "reason": "not eligible"}}
{"timestamp": "2025-12-30T12:37:23.366793", "level": "INFO", "service": "check_and_recommender", "event": "ORDER_SKIPPED", "order_id": "d567cc59-681e-444d-a3f9-1355e90a7fa4", "message": "Order marked completed without recommendation", "meta": {"recommended": false, "reason": "not eligible"}}
{"timestamp": "2025-12-30T12:37:23.374595", "level": "INFO", "service": "check_and_recommender", "event": "ORDER_SKIPPED", "order_id": "a406a899-fad3-4d5f-9839-fcbf9ca37443", "message": "Order marked completed without recommendation", "meta": {"recommended": false, "reason": "not eligible"}}
{"timestamp": "2025-12-30T12:37:23.376131", "level": "INFO", "service": "check_and_recommender", "event": "ORDER_SKIPPED", "order_id": "3ab42a66-0b33-4c54-bc11-b136b6c66a41", "message": "Order marked completed without recommendation", "meta": {"recommended": false, "reason": "not eligible"}}
{"timestamp": "2025-12-30T12:37:23.387938", "level": "INFO", "service": "check_and_recommender", "event": "ORDER_SKIPPED", "order_id": "579b6e0d-d059-4b33-a4da-7416266c3b49", "message": "Order marked completed without recommendation", "meta": {"recommended": false, "reason": "not eligible"}}
{"timestamp": "2025-12-30T12:37:23.388041", "level": "INFO", "service": "check_and_recommender", "event": "ORDER_SKIPPED", "order_id": "d3bbbb70-30dd-4c30-ba7e-c0b718a4e607", "message": "Order marked completed without recommendation", "meta": {"recommended": false, "reason": "not eligible"}}
{"timestamp": "2025-12-30T12:37:23.397158", "level": "INFO", "service": "check_and_recommender", "event": "ORDER_SKIPPED", "order_id": "dfd60f37-32ee-4c88-878c-d220c7ae6ebb", "message": "Order marked completed without recommendation", "meta": {"recommended": false, "reason": "not eligible"}}
{"timestamp": "2025-12-30T12:37:23.424570", "level": "INFO", "service": "check_and_recommender", "event": "ORDER_SKIPPED", "order_id": "88e62b33-359d-41e2-834f-e490fa3a3b02", "message": "Order marked completed without recommendation", "meta": {"recommended": false, "reason": "not eligible"}}
{"timestamp": "2025-12-30T12:37:23.427791", "level": "INFO", "service": "check_and_recommender", "event": "ORDER_SKIPPED", "order_id": "c72b66d0-08ab-4aa4-95fc-e6f85f128838", "message": "Order marked completed without recommendation", "meta": {"recommended": false, "reason": "not eligible"}}
{"timestamp": "2025-12-30T12:37:23.435320", "level": "INFO", "service": "check_and_recommender", "event": "ORDER_SKIPPED", "order_id": "bc4bdad2-0c2d-4d9b-9d7e-dd2fc0df35fa", "message": "Order marked completed without recommendation", "meta": {"recommended": false, "reason": "not eligible"}}
{"timestamp": "2025-12-30T12:37:23.435320", "level": "INFO", "service": "check_and_recommender", "event": "ORDER_SKIPPED", "order_id": "980189c1-7189-4571-8175-a369380d51b3", "message": "Order marked completed without recommendation", "meta": {"recommended": false, "reason": "not eligible"}}
{"timestamp": "2025-12-30T12:37:23.443072", "level": "INFO", "service": "check_and_recommender", "event": "ORDER_SKIPPED", "order_id": "1d986707-313a-47a0-87cf-e1c68e2a3a67", "message": "Order marked completed without recommendation", "meta": {"recommended": false, "reason": "not eligible"}}
{"timestamp": "2025-12-30T12:37:23.449589", "level": "INFO", "service": "check_and_recommender", "event": "ORDER_SKIPPED", "order_id": "42a13ee5-471f-45da-9d1e-908235479c28", "message": "Order marked completed without recommendation", "meta": {"recommended": false, "reason": "not eligible"}}
{"timestamp": "2025-12-30T12:37:23.458502", "level": "INFO", "service": "check_and_recommender", "event": "ORDER_SKIPPED", "order_id": "ab8fab8f-d530-4fb2-a70e-49b3f4fa83f5", "message": "Order marked completed without recommendation", "meta": {"recommended": false, "reason": "not eligible"}}
{"timestamp": "2025-12-30T12:37:23.466286", "level": "INFO", "service": "check_and_recommender", "event": "ORDER_SKIPPED", "order_id": "898e4fd0-ded7-4b10-b15d-3b72900f5dc3", "message": "Order marked completed without recommendation", "meta": {"recommended": false, "reason": "not eligible"}}
{"timestamp": "2025-12-30T12:37:23.468501", "level": "INFO", "service": "check_and_recommender", "event": "ORDER_SKIPPED", "order_id": "b7ec0265-b633-4d4d-9f90-93c7d7cef18f", "message": "Order marked completed without recommendation", "meta": {"recommended": false, "reason": "not eligible"}}
{"timestamp": "2025-12-30T12:37:23.472568", "level": "INFO", "service": "check_and_recommender", "event": "ORDER_SKIPPED", "order_id": "673a8778-4c6a-4c77-9dc5-a8666b3b0096", "message": "Order marked completed without recommendation", "meta": {"recommended": false, "reason": "not eligible"}}
{"timestamp": "2025-12-30T12:37:23.482188", "level": "INFO", "service": "check_and_recommender", "event": "ORDER_SKIPPED", "order_id": "aa67cee1-f9f1-4717-aab5-86a8a26bf060", "message": "Order marked completed without recommendation", "meta": {"recommended": false, "reason": "not eligible"}}
{"timestamp": "2025-12-30T12:37:23.485402", "level": "INFO", "service": "check_and_recommender", "event": "ORDER_SKIPPED", "order_id": "323676a4-7f1d-478d-a508-cff44e183aa9", "message": "Order marked completed without recommendation", "meta": {"recommended": false, "reason": "not eligible"}}
{"timestamp": "2025-12-30T12:37:23.488093", "level": "INFO", "service": "check_and_recommender", "event": "ORDER_SKIPPED", "order_id": "0bfa695a-522e-4552-9142-8e1c7b121b74", "message": "Order marked completed without recommendation", "meta": {"recommended": false, "reason": "not eligible"}}
{"timestamp": "2025-12-30T12:37:23.528468", "level": "INFO", "service": "check_and_recommender", "event": "ORDER_SKIPPED", "order_id": "ec255c92-ba5a-4c28-bfde-219220343eed", "message": "Order marked completed without recommendation", "meta": {"recommended": false, "reason": "not eligible"}}
{"timestamp": "2025-12-30T12:37:23.532688", "level": "INFO", "service": "check_and_recommender", "event": "ORDER_SKIPPED", "order_id": "a5d1365f-66e2-4a0e-a1cc-9a2734da3f08", "message": "Order marked completed without recommendation", "meta": {"recommended": false, "reason": "not eligible"}}
{"timestamp": "2025-12-30T12:37:23.537927", "level": "INFO", "service": "check_and_recommender", "event": "ORDER_SKIPPED", "order_id": "86b1a7bd-c223-46ee-b4d8-e15e1bf2b8d3", "message": "Order marked completed without recommendation", "meta": {"recommended": false, "reason": "not eligible"}}
{"timestamp": "2025-12-30T12:37:23.544525", "level": "INFO", "service": "check_and_recommender", "event": "ORDER_SKIPPED", "order_id": "fd86cb3d-fa04-4f84-bbbc-da29b8d99711", "message": "Order marked completed without recommendation", "meta": {"recommended": false, "reason": "not eligible"}}
{"timestamp": "2025-12-30T12:37:23.550140", "level": "INFO", "service": "check_and_recommender", "event": "ORDER_SKIPPED", "order_id": "125f0988-a4ae-4798-afab-ad729e5d631e", "message": "Order marked completed without recommendation", "meta": {"recommended": false, "reason": "not eligible"}}
{"timestamp": "2025-12-30T12:37:23.556478", "level": "INFO", "service": "check_and_recommender", "event": "ORDER_SKIPPED", "order_id": "6c114799-efae-4757-9303-72e32f5169a8", "message": "Order marked completed without recommendation", "meta": {"recommended": false, "reason": "not eligible"}}
{"timestamp": "2025-12-30T12:37:23.563516", "level": "INFO", "service": "check_and_recommender", "event": "ORDER_SKIPPED", "order_id": "7aac300b-02c3-4fe9-a3b1-4a18647566db", "message": "Order marked completed without recommendation", "meta": {"recommended": false, "reason": "not eligible"}}
{"timestamp": "2025-12-30T12:37:23.570714", "level": "INFO", "service": "check_and_recommender", "event": "ORDER_SKIPPED", "order_id": "b6ee1e5d-a3ba-4d36-8b62-494b1a3bbea9", "message": "Order marked completed without recommendation", "meta": {"recommended": false, "reason": "not eligible"}}
{"timestamp": "2025-12-30T12:37:23.572489", "level": "INFO", "service": "check_and_recommender", "event": "ORDER_SKIPPED", "order_id": "bdbb780b-e0c9-4649-82af-04b36e055e0f", "message": "Order marked completed without recommendation", "meta": {"recommended": false, "reason": "not eligible"}}
{"timestamp": "2025-12-30T12:37:23.575654", "level": "INFO", "service": "check_and_recommender", "event": "ORDER_SKIPPED", "order_id": "f551de01-4801-4805-9df0-e38c799263fe", "message": "Order marked completed without recommendation", "meta": {"recommended": false, "reason": "not eligible"}}
{"timestamp": "2025-12-30T12:37:23.578217", "level": "INFO", "service": "check_and_recommender", "event": "ORDER_SKIPPED", "order_id": "c85a5554-99ae-4638-b148-5a74cea58b6e", "message": "Order marked completed without recommendation", "meta": {"recommended": false, "reason": "not eligible"}}
{"timestamp": "2025-12-30T12:37:23.585274", "level": "INFO", "service": "check_and_recommender", "event": "ORDER_SKIPPED", "order_id": "cae7d08b-e0c1-4397-ba50-dc8766441d95", "message": "Order marked completed without recommendation", "meta": {"recommended": false, "reason": "not eligible"}}
{"timestamp": "2025-12-30T12:37:23.587831", "level": "INFO", "service": "check_and_recommender", "event": "ORDER_SKIPPED", "order_id": "7debabe0-4a4c-4420-b2b6-56f891d04ebe", "message": "Order marked completed without recommendation", "meta": {"recommended": false, "reason": "not eligible"}}
{"timestamp": "2025-12-30T12:37:23.591937", "level": "INFO", "service": "check_and_recommender", "event": "ORDER_SKIPPED", "order_id": "892a955f-ebf9-4340-a6ca-00cf46618ebb", "message": "Order marked completed without recommendation", "meta": {"recommended": false, "reason": "not eligible"}}
{"timestamp": "2025-12-30T12:37:23.593399", "level": "INFO", "service": "check_and_recommender", "event": "ORDER_SKIPPED", "order_id": "7f3eb303-7310-4884-b9f7-78a300cd0966", "message": "Order marked completed without recommendation", "meta": {"recommended": false, "reason": "not eligible"}}
{"timestamp": "2025-12-30T12:37:23.601835", "level": "INFO", "service": "check_and_recommender", "event": "ORDER_SKIPPED", "order_id": "f47f0ffb-8cf7-47d3-88f2-81a7730d9f3f", "message": "Order marked completed without recommendation", "meta": {"recommended": false, "reason": "not eligible"}}
{"timestamp": "2025-12-30T12:37:23.603852", "level": "INFO", "service": "check_and_recommender", "event": "ORDER_SKIPPED", "order_id": "99af5aee-573d-47f7-8fd4-34580dfe78d6", "message": "Order marked completed without recommendation", "meta": {"recommended": false, "reason": "not eligible"}}
{"timestamp": "2025-12-30T12:37:23.617271", "level": "INFO", "service": "check_and_recommender", "event": "ORDER_SKIPPED", "order_id": "5bf50675-64fa-4234-ba5e-f1d6b570b65b", "message": "Order marked completed without recommendation", "meta": {"recommended": false, "reason": "not eligible"}}
{"timestamp": "2025-12-30T12:37:23.623381", "level": "INFO", "service": "check_and_recommender", "event": "ORDER_SKIPPED", "order_id": "781dd9b2-6543-4fc4-b9b4-b6551b40432d", "message": "Order marked completed without recommendation", "meta": {"recommended": false, "reason": "not eligible"}}
{"timestamp": "2025-12-30T12:37:23.665513", "level": "INFO", "service": "check_and_recommender", "event": "ORDER_SKIPPED", "order_id": "a1cd4829-945c-41a2-8bfd-994d9fecc866", "message": "Order marked completed without recommendation", "meta": {"recommended": false, "reason": "not eligible"}}
{"timestamp": "2025-12-30T12:37:23.692271", "level": "INFO", "service": "check_and_recommender", "event": "ORDER_SKIPPED", "order_id": "bec78e2c-95be-461a-a823-538d780b131f", "message": "Order marked completed without recommendation", "meta": {"recommended": false, "reason": "not eligible"}}
{"timestamp": "2025-12-30T12:37:23.698365", "level": "INFO", "service": "check_and_recommender", "event": "ORDER_SKIPPED", "order_id": "88d6d0f2-7572-490b-b481-31edd2870724", "message": "Order marked completed without recommendation", "meta": {"recommended": false, "reason": "not eligible"}}
{"timestamp": "2025-12-30T12:37:23.704470", "level": "INFO", "service": "check_and_recommender", "event": "ORDER_SKIPPED", "order_id": "9613565d-eb76-4175-ac8f-83087b950db8", "message": "Order marked completed without recommendation", "meta": {"recommended": false, "reason": "not eligible"}}
{"timestamp": "2025-12-30T12:37:23.711797", "level": "INFO", "service": "check_and_recommender", "event": "ORDER_SKIPPED", "order_id": "335b0ac5-6eb4-44c5-af67-85e1c9554b96", "message": "Order marked completed without recommendation", "meta": {"recommended": false, "reason": "not eligible"}}
{"timestamp": "2025-12-30T12:37:23.723567", "level": "INFO", "service": "check_and_recommender", "event": "ORDER_SKIPPED", "order_id": "cd2d80c2-1fc3-4413-84f4-441e38ceb941", "message": "Order marked completed without recommendation", "meta": {"recommended": false, "reason": "not eligible"}}
{"timestamp": "2025-12-30T12:37:23.729140", "level": "INFO", "service": "check_and_recommender", "event": "ORDER_SKIPPED", "order_id": "fdac18ac-480d-42af-b544-d4a5d3c5b9d9", "message": "Order marked completed without recommendation", "meta": {"recommended": false, "reason": "not eligible"}}
{"timestamp": "2025-12-30T12:37:23.736777", "level": "INFO", "service": "check_and_recommender", "event": "ORDER_SKIPPED", "order_id": "b8bc078c-8b4b-4057-bbf7-fe6be60c8086", "message": "Order marked completed without recommendation", "meta": {"recommended": false, "reason": "not eligible"}}
{"timestamp": "2025-12-30T12:37:23.739336", "level": "INFO", "service": "check_and_recommender", "event": "ORDER_SKIPPED", "order_id": "ea9dab12-0e29-4f22-824b-4f698b7e817c", "message": "Order marked completed without recommendation", "meta": {"recommended": false, "reason": "not eligible"}}
{"timestamp": "2025-12-30T12:37:23.750029", "level": "INFO", "service": "check_and_recommender", "event": "ORDER_SKIPPED", "order_id": "ffe63115-3976-4207-bfb0-ad82116f374e", "message": "Order marked completed without recommendation", "meta": {"recommended": false, "reason": "not eligible"}}
{"timestamp": "2025-12-30T12:37:23.760649", "level": "INFO", "service": "check_and_recommender", "event": "ORDER_SKIPPED", "order_id": "917c6dab-a0ba-4921-877a-58ba2c278958", "message": "Order marked completed without recommendation", "meta": {"recommended": false, "reason": "not eligible"}}
{"timestamp": "2025-12-30T12:37:23.767320", "level": "INFO", "service": "check_and_recommender", "event": "ORDER_SKIPPED", "order_id": "0ddf421c-cb86-4374-98a7-a68d4e798eb7", "message": "Order marked completed without recommendation", "meta": {"recommended": false, "reason": "not eligible"}}
{"timestamp": "2025-12-30T12:37:23.781764", "level": "INFO", "service": "check_and_recommender", "event": "ORDER_SKIPPED", "order_id": "b1f3c299-2bfe-424b-a4ff-42f65ebdace7", "message": "Order marked completed without recommendation", "meta": {"recommended": false, "reason": "not eligible"}}
{"timestamp": "2025-12-30T12:37:23.794431", "level": "INFO", "service": "check_and_recommender", "event": "ORDER_SKIPPED", "order_id": "4010dfdc-eb26-4afb-b748-d9cab6899dbd", "message": "Order marked completed without recommendation", "meta": {"recommended": false, "reason": "not eligible"}}
{"timestamp": "2025-12-30T12:37:23.800000", "level": "INFO", "service": "check_and_recommender", "event": "ORDER_SKIPPED", "order_id": "75d63999-4c8c-4d70-860c-7a81b0cfa826", "message": "Order marked completed without recommendation", "meta": {"recommended": false, "reason": "not eligible"}}
{"timestamp": "2025-12-30T12:37:23.807122", "level": "INFO", "service": "check_and_recommender", "event": "ORDER_SKIPPED", "order_id": "06eb2cfc-c5fe-4649-a776-350144e0672f", "message": "Order marked completed without recommendation", "meta": {"recommended": false, "reason": "not eligible"}}
{"timestamp": "2025-12-30T12:37:23.838892", "level": "INFO", "service": "check_and_recommender", "event": "ORDER_SKIPPED", "order_id": "74175702-230a-4220-b9e0-a4f7e5bf8530", "message": "Order marked completed without recommendation", "meta": {"recommended": false, "reason": "not eligible"}}
{"timestamp": "2025-12-30T12:37:23.839908", "level": "INFO", "service": "check_and_recommender", "event": "ORDER_SKIPPED", "order_id": "ba3c6ba4-a01b-4579-94f2-d6b0caaddd7d", "message": "Order marked completed without recommendation", "meta": {"recommended": false, "reason": "not eligible"}}
{"timestamp": "2025-12-30T12:37:23.845286", "level": "INFO", "service": "check_and_recommender", "event": "ORDER_SKIPPED", "order_id": "4b8dd6f2-e265-4f2d-a08b-d7dfe2279455", "message": "Order marked completed without recommendation", "meta": {"recommended": false, "reason": "not eligible"}}
{"timestamp": "2025-12-30T12:37:23.849076", "level": "INFO", "service": "check_and_recommender", "event": "ORDER_SKIPPED", "order_id": "e5624d36-fc92-430d-8774-007124d146dd", "message": "Order marked completed without recommendation", "meta": {"recommended": false, "reason": "not eligible"}}
{"timestamp": "2025-12-30T12:37:23.851095", "level": "INFO", "service": "check_and_recommender", "event": "ORDER_SKIPPED", "order_id": "4de72912-465f-4c66-b61b-62528ec74d56", "message": "Order marked completed without recommendation", "meta": {"recommended": false, "reason": "not eligible"}}
{"timestamp": "2025-12-30T12:37:23.856874", "level": "INFO", "service": "check_and_recommender", "event": "ORDER_SKIPPED", "order_id": "b44f86a4-d100-4827-9b0e-d8623de7d349", "message": "Order marked completed without recommendation", "meta": {"recommended": false, "reason": "not eligible"}}
{"timestamp": "2025-12-30T12:37:23.862446", "level": "INFO", "service": "check_and_recommender", "event": "ORDER_SKIPPED", "order_id": "4322bab9-0c03-4176-adc8-e5c1054f8a5f", "message": "Order marked completed without recommendation", "meta": {"recommended": false, "reason": "not eligible"}}
{"timestamp": "2025-12-30T12:37:23.925941", "level": "INFO", "service": "check_and_recommender", "event": "ORDER_SKIPPED", "order_id": "6fa80b92-9fbe-4e9d-bdaa-0608f8a16b5a", "message": "Order marked completed without recommendation", "meta": {"recommended": false, "reason": "not eligible"}}
{"timestamp": "2025-12-30T12:37:23.935309", "level": "INFO", "service": "check_and_recommender", "event": "ORDER_SKIPPED", "order_id": "012a18bb-a874-4d17-ad9e-117c6f88f5e4", "message": "Order marked completed without recommendation", "meta": {"recommended": false, "reason": "not eligible"}}
{"timestamp": "2025-12-30T12:37:23.941631", "level": "INFO", "service": "check_and_recommender", "event": "ORDER_SKIPPED", "order_id": "e19a1ced-a72d-4e6f-a1f2-22040bf5b2d0", "message": "Order marked completed without recommendation", "meta": {"recommended": false, "reason": "not eligible"}}
{"timestamp": "2025-12-30T12:37:23.990775", "level": "INFO", "service": "check_and_recommender", "event": "ORDER_SKIPPED", "order_id": "28bbdb0e-514e-4bf4-ace8-e3978ee100ef", "message": "Order marked completed without recommendation", "meta": {"recommended": false, "reason": "not eligible"}}
{"timestamp": "2025-12-30T12:37:23.990775", "level": "INFO", "service": "check_and_recommender", "event": "ORDER_SKIPPED", "order_id": "305f9fa2-f92e-40e2-a1fe-f86fc02ee4e6", "message": "Order marked completed without recommendation", "meta": {"recommended": false, "reason": "not eligible"}}
{"timestamp": "2025-12-30T12:37:23.996409", "level": "INFO", "service": "check_and_recommender", "event": "ORDER_SKIPPED", "order_id": "4916be53-93d8-4c0f-bb4e-78a553753011", "message": "Order marked completed without recommendation", "meta": {"recommended": false, "reason": "not eligible"}}
{"timestamp": "2025-12-30T12:37:24.058106", "level": "INFO", "service": "check_and_recommender", "event": "ORDER_SKIPPED", "order_id": "2d7f4537-252b-479c-87ae-0163e6b16d25", "message": "Order marked completed without recommendation", "meta": {"recommended": false, "reason": "not eligible"}}
{"timestamp": "2025-12-30T12:37:24.115907", "level": "INFO", "service": "check_and_recommender", "event": "ORDER_SKIPPED", "order_id": "16c199d3-153f-4e20-ac9c-bf1102c24b78", "message": "Order marked completed without recommendation", "meta": {"recommended": false, "reason": "not eligible"}}
{"timestamp": "2025-12-30T12:37:24.120919", "level": "INFO", "service": "check_and_recommender", "event": "ORDER_SKIPPED", "order_id": "33cebc0d-60b6-43db-bd4b-656eece8857b", "message": "Order marked completed without recommendation", "meta": {"recommended": false, "reason": "not eligible"}}
{"timestamp": "2025-12-30T12:37:24.157237", "level": "INFO", "service": "check_and_recommender", "event": "ORDER_SKIPPED", "order_id": "fe33c94e-7dc9-440c-90bc-5096deb4a51a", "message": "Order marked completed without recommendation", "meta": {"recommended": false, "reason": "not eligible"}}
{"timestamp": "2025-12-30T12:37:24.162240", "level": "INFO", "service": "check_and_recommender", "event": "ORDER_SKIPPED", "order_id": "18af4171-5450-45f1-bca6-668b834ff3ef", "message": "Order marked completed without recommendation", "meta": {"recommended": false, "reason": "not eligible"}}
{"timestamp": "2025-12-30T12:37:24.187427", "level": "INFO", "service": "check_and_recommender", "event": "ORDER_SKIPPED", "order_id": "b9a4d297-f09a-41c4-939f-f6907257dbe1", "message": "Order marked completed without recommendation", "meta": {"recommended": false, "reason": "not eligible"}}
{"timestamp": "2025-12-30T12:37:24.250822", "level": "INFO", "service": "check_and_recommender", "event": "ORDER_SKIPPED", "order_id": "62e89d2f-c1a8-4884-8483-b4691940b77a", "message": "Order marked completed without recommendation", "meta": {"recommended": false, "reason": "not eligible"}}
{"timestamp": "2025-12-30T12:37:24.254906", "level": "INFO", "service": "check_and_recommender", "event": "ORDER_SKIPPED", "order_id": "f969000a-20db-45d2-b314-beda797c1b27", "message": "Order marked completed without recommendation", "meta": {"recommended": false, "reason": "not eligible"}}
{"timestamp": "2025-12-30T12:37:24.335912", "level": "INFO", "service": "check_and_recommender", "event": "ORDER_SKIPPED", "order_id": "d5775131-b6ae-4e07-8ad1-f3ab765d6b25", "message": "Order marked completed without recommendation", "meta": {"recommended": false, "reason": "not eligible"}}
{"timestamp": "2025-12-30T12:37:24.675679", "level": "INFO", "service": "check_and_recommender", "event": "ORDER_SKIPPED", "order_id": "5e2ad90a-7dd7-43a0-87e3-9a702849b5a2", "message": "Order marked completed without recommendation", "meta": {"recommended": false, "reason": "not eligible"}}
{"timestamp": "2025-12-30T12:37:24.686941", "level": "INFO", "service": "check_and_recommender", "event": "ORDER_SKIPPED", "order_id": "0c47917c-1a16-4d0d-8a9a-e5d89bef2231", "message": "Order marked completed without recommendation", "meta": {"recommended": false, "reason": "not eligible"}}
{"timestamp": "2025-12-30T12:37:24.688442", "level": "INFO", "service": "check_and_recommender", "event": "ORDER_SKIPPED", "order_id": "b965f665-620a-4d03-aa14-c9a0a86bb6db", "message": "Order marked completed without recommendation", "meta": {"recommended": false, "reason": "not eligible"}}
{"timestamp": "2025-12-30T12:37:24.695299", "level": "INFO", "service": "check_and_recommender", "event": "ORDER_SKIPPED", "order_id": "71320750-bba6-4391-b68a-87cbee6a8b28", "message": "Order marked completed without recommendation", "meta": {"recommended": false, "reason": "not eligible"}}
{"timestamp": "2025-12-30T12:37:24.702490", "level": "INFO", "service": "check_and_recommender", "event": "ORDER_SKIPPED", "order_id": "dd86ad8f-f381-4436-a477-d76781d6247a", "message": "Order marked completed without recommendation", "meta": {"recommended": false, "reason": "not eligible"}}
{"timestamp": "2025-12-30T12:37:24.776724", "level": "INFO", "service": "check_and_recommender", "event": "ORDER_SKIPPED", "order_id": "8d6568ef-5cd4-4448-b663-68b442b6ba2a", "message": "Order marked completed without recommendation", "meta": {"recommended": false, "reason": "not eligible"}}
{"timestamp": "2025-12-30T12:37:24.810887", "level": "INFO", "service": "check_and_recommender", "event": "ORDER_SKIPPED", "order_id": "5225107f-cd1f-4fd8-a312-9f534741d7a1", "message": "Order marked completed without recommendation", "meta": {"recommended": false, "reason": "not eligible"}}
{"timestamp": "2025-12-30T12:37:24.870559", "level": "INFO", "service": "check_and_recommender", "event": "ORDER_SKIPPED", "order_id": "e6e254c0-43fa-4e6a-a998-a7aaf7c4cc84", "message": "Order marked completed without recommendation", "meta": {"recommended": false, "reason": "not eligible"}}
{"timestamp": "2025-12-30T12:37:24.879576", "level": "INFO", "service": "check_and_recommender", "event": "ORDER_SKIPPED", "order_id": "0d2ddaf5-1802-47c7-b728-334d21d28d18", "message": "Order marked completed without recommendation", "meta": {"recommended": false, "reason": "not eligible"}}
{"timestamp": "2025-12-30T12:37:24.884354", "level": "INFO", "service": "check_and_recommender", "event": "ORDER_SKIPPED", "order_id": "7065c442-d9dd-4cd2-ab40-a05ce001ae4f", "message": "Order marked completed without recommendation", "meta": {"recommended": false, "reason": "not eligible"}}
{"timestamp": "2025-12-30T12:37:24.892207", "level": "INFO", "service": "check_and_recommender", "event": "ORDER_SKIPPED", "order_id": "e335928e-d2db-4c36-9bf2-7266c23d0769", "message": "Order marked completed without recommendation", "meta": {"recommended": false, "reason": "not eligible"}}
{"timestamp": "2025-12-30T12:37:24.902409", "level": "INFO", "service": "check_and_recommender", "event": "ORDER_SKIPPED", "order_id": "d5bd088c-2431-492c-b196-be5e4ade6a84", "message": "Order marked completed without recommendation", "meta": {"recommended": false, "reason": "not eligible"}}
{"timestamp": "2025-12-30T12:37:24.911553", "level": "INFO", "service": "check_and_recommender", "event": "ORDER_SKIPPED", "order_id": "b71ebf91-0592-4281-8f2e-bbd4eb117180", "message": "Order marked completed without recommendation", "meta": {"recommended": false, "reason": "not eligible"}}
{"timestamp": "2025-12-30T12:37:46.039907", "level": "INFO", "service": "check_and_recommender", "event": "ORDER_SKIPPED", "order_id": "16bdc8ea-3467-4c6b-aac8-f58f527177d3", "message": "Order marked completed without recommendation", "meta": {"recommended": false, "reason": "not eligible"}}
{"timestamp": "2025-12-30T12:37:46.053384", "level": "INFO", "service": "check_and_recommender", "event": "ORDER_SKIPPED", "order_id": "593145ee-c530-4d08-a5d0-2a7bac1195f8", "message": "Order marked completed without recommendation", "meta": {"recommended": false, "reason": "not eligible"}}
{"timestamp": "2025-12-30T12:37:46.241893", "level": "INFO", "service": "check_and_recommender", "event": "ORDER_SKIPPED", "order_id": "d2309a98-08ec-42d7-8df5-f725a1f6c1fc", "message": "Order marked completed without recommendation", "meta": {"recommended": false, "reason": "not eligible"}}
{"timestamp": "2025-12-30T12:37:46.567087", "level": "INFO", "service": "check_and_recommender", "event": "ORDER_SKIPPED", "order_id": "707a9ee2-d014-469e-85f8-f24bfdad5c11", "message": "Order marked completed without recommendation", "meta": {"recommended": false, "reason": "not eligible"}}
{"timestamp": "2025-12-30T12:37:46.665993", "level": "INFO", "service": "check_and_recommender", "event": "ORDER_SKIPPED", "order_id": "94b3cca9-265a-4faf-8ac1-04670710dfa7", "message": "Order marked completed without recommendation", "meta": {"recommended": false, "reason": "not eligible"}}
{"timestamp": "2025-12-30T12:37:46.740847", "level": "INFO", "service": "check_and_recommender", "event": "ORDER_SKIPPED", "order_id": "c2ce4a92-5d53-4fc5-9c4b-3eda7a2747b3", "message": "Order marked completed without recommendation", "meta": {"recommended": false, "reason": "not eligible"}}
{"timestamp": "2025-12-30T12:37:46.768091", "level": "INFO", "service": "check_and_recommender", "event": "ORDER_SKIPPED", "order_id": "fac7df92-37f0-4c6a-9dee-2439a22b7d0c", "message": "Order marked completed without recommendation", "meta": {"recommended": false, "reason": "not eligible"}}
{"timestamp": "2025-12-30T12:37:46.774947", "level": "INFO", "service": "check_and_recommender", "event": "ORDER_SKIPPED", "order_id": "a21d978c-d616-4dfd-a5c2-cb0869821898", "message": "Order marked completed without recommendation", "meta": {"recommended": false, "reason": "not eligible"}}
{"timestamp": "2025-12-30T12:37:46.781800", "level": "INFO", "service": "check_and_recommender", "event": "ORDER_SKIPPED", "order_id": "6c8043ae-e856-4949-8863-738f32fff2da", "message": "Order marked completed without recommendation", "meta": {"recommended": false, "reason": "not eligible"}}
{"timestamp": "2025-12-30T12:37:47.194690", "level": "INFO", "service": "check_and_recommender", "event": "ORDER_SKIPPED", "order_id": "7ca708fe-c1ec-4c58-aff0-6022114adfb7", "message": "Order marked completed without recommendation", "meta": {"recommended": false, "reason": "not eligible"}}
{"timestamp": "2025-12-30T12:37:47.246926", "level": "INFO", "service": "check_and_recommender", "event": "ORDER_SKIPPED", "order_id": "d6628e03-73c4-40a7-bb3b-68cea7d68d85", "message": "Order marked completed without recommendation", "meta": {"recommended": false, "reason": "not eligible"}}
{"timestamp": "2025-12-30T12:37:47.270371", "level": "INFO", "service": "check_and_recommender", "event": "ORDER_SKIPPED", "order_id": "98e0f862-fee1-4047-9191-14d1944c4f76", "message": "Order marked completed without recommendation", "meta": {"recommended": false, "reason": "not eligible"}}
{"timestamp": "2025-12-30T12:37:47.270884", "level": "INFO", "service": "check_and_recommender", "event": "ORDER_SKIPPED", "order_id": "cb358319-4507-4efe-af3f-882f22b959a8", "message": "Order marked completed without recommendation", "meta": {"recommended": false, "reason": "not eligible"}}
{"timestamp": "2025-12-30T12:37:47.286649", "level": "INFO", "service": "check_and_recommender", "event": "ORDER_SKIPPED", "order_id": "9488beef-6286-4571-8a9c-f3178bd86d72", "message": "Order marked completed without recommendation", "meta": {"recommended": false, "reason": "not eligible"}}
{"timestamp": "2025-12-30T12:37:47.301347", "level": "INFO", "service": "check_and_recommender", "event": "ORDER_SKIPPED", "order_id": "855031c1-8a5d-45c9-a749-8d8638f27814", "message": "Order marked completed without recommendation", "meta": {"recommended": false, "reason": "not eligible"}}
{"timestamp": "2025-12-30T12:37:47.321202", "level": "INFO", "service": "check_and_recommender", "event": "ORDER_SKIPPED", "order_id": "ec9113c4-14e2-4e8b-96a9-7fb955859d06", "message": "Order marked completed without recommendation", "meta": {"recommended": false, "reason": "not eligible"}}
{"timestamp": "2025-12-30T12:37:47.397244", "level": "INFO", "service": "check_and_recommender", "event": "ORDER_SKIPPED", "order_id": "5b641ed3-5e89-4574-b643-9dad0c724c02", "message": "Order marked completed without recommendation", "meta": {"recommended": false, "reason": "not eligible"}}
{"timestamp": "2025-12-30T12:37:47.412482", "level": "INFO", "service": "check_and_recommender", "event": "ORDER_SKIPPED", "order_id": "5f8bb084-30f5-45d7-8821-65afe08fc231", "message": "Order marked completed without recommendation", "meta": {"recommended": false, "reason": "not eligible"}}
{"timestamp": "2025-12-30T12:37:47.512101", "level": "INFO", "service": "check_and_recommender", "event": "ORDER_SKIPPED", "order_id": "53337463-ed78-42bf-bd3f-1665912901d0", "message": "Order marked completed without recommendation", "meta": {"recommended": false, "reason": "not eligible"}}
{"timestamp": "2025-12-30T12:37:47.526965", "level": "INFO", "service": "check_and_recommender", "event": "ORDER_SKIPPED", "order_id": "b77554e3-33ef-420d-a5df-2e641bf35847", "message": "Order marked completed without recommendation", "meta": {"recommended": false, "reason": "not eligible"}}
{"timestamp": "2025-12-30T12:37:47.532844", "level": "INFO", "service": "check_and_recommender", "event": "ORDER_SKIPPED", "order_id": "188847c9-43ff-4fc3-8fe9-9dde1d674d05", "message": "Order marked completed without recommendation", "meta": {"recommended": false, "reason": "not eligible"}}
{"timestamp": "2025-12-30T12:37:47.544055", "level": "INFO", "service": "check_and_recommender", "event": "ORDER_SKIPPED", "order_id": "94220e70-e594-426a-aac0-0aee0fc4aec6", "message": "Order marked completed without recommendation", "meta": {"recommended": false, "reason": "not eligible"}}
{"timestamp": "2025-12-30T12:37:47.558867", "level": "INFO", "service": "check_and_recommender", "event": "ORDER_SKIPPED", "order_id": "e8b47b3f-974e-4bbe-8681-b6368fb13c7d", "message": "Order marked completed without recommendation", "meta": {"recommended": false, "reason": "not eligible"}}
{"timestamp": "2025-12-30T12:37:47.567508", "level": "INFO", "service": "check_and_recommender", "event": "ORDER_SKIPPED", "order_id": "fff5e5cd-611a-4160-b6e8-9f044e829e29", "message": "Order marked completed without recommendation", "meta": {"recommended": false, "reason": "not eligible"}}
{"timestamp": "2025-12-30T12:37:47.577471", "level": "INFO", "service": "check_and_recommender", "event": "ORDER_SKIPPED", "order_id": "a11bb46d-ef0b-466b-94f1-56474a354a8e", "message": "Order marked completed without recommendation", "meta": {"recommended": false, "reason": "not eligible"}}
{"timestamp": "2025-12-30T12:37:47.671691", "level": "INFO", "service": "check_and_recommender", "event": "ORDER_SKIPPED", "order_id": "b2a1d41c-657a-431c-9195-805734065119", "message": "Order marked completed without recommendation", "meta": {"recommended": false, "reason": "not eligible"}}
{"timestamp": "2025-12-30T12:37:47.724441", "level": "INFO", "service": "check_and_recommender", "event": "ORDER_SKIPPED", "order_id": "24ccbccb-5fe8-499a-bd3b-140bbcfa8134", "message": "Order marked completed without recommendation", "meta": {"recommended": false, "reason": "not eligible"}}
{"timestamp": "2025-12-30T12:37:47.735065", "level": "INFO", "service": "check_and_recommender", "event": "ORDER_SKIPPED", "order_id": "f00e482b-70f6-447d-a09c-0aab3b1d6cfb", "message": "Order marked completed without recommendation", "meta": {"recommended": false, "reason": "not eligible"}}
{"timestamp": "2025-12-30T12:37:47.745405", "level": "INFO", "service": "check_and_recommender", "event": "ORDER_SKIPPED", "order_id": "b098ec25-f260-4624-95d6-8a4cb3a37a2a", "message": "Order marked completed without recommendation", "meta": {"recommended": false, "reason": "not eligible"}}
{"timestamp": "2025-12-30T12:37:47.753361", "level": "INFO", "service": "check_and_recommender", "event": "ORDER_SKIPPED", "order_id": "594b6ffd-57a9-4ab5-8ecf-7385f9218138", "message": "Order marked completed without recommendation", "meta": {"recommended": false, "reason": "not eligible"}}
{"timestamp": "2025-12-30T12:37:47.909940", "level": "INFO", "service": "check_and_recommender", "event": "ORDER_SKIPPED", "order_id": "f2ab8cb6-6ac3-4e72-908e-9488d384ac92", "message": "Order marked completed without recommendation", "meta": {"recommended": false, "reason": "not eligible"}}
{"timestamp": "2025-12-30T12:37:47.916232", "level": "INFO", "service": "check_and_recommender", "event": "ORDER_SKIPPED", "order_id": "1eed689f-806e-4856-800a-8f3a37c8e56c", "message": "Order marked completed without recommendation", "meta": {"recommended": false, "reason": "not eligible"}}
{"timestamp": "2025-12-30T12:37:47.924392", "level": "INFO", "service": "check_and_recommender", "event": "ORDER_SKIPPED", "order_id": "c2eaea91-2325-4b7d-b396-7f4087329b94", "message": "Order marked completed without recommendation", "meta": {"recommended": false, "reason": "not eligible"}}
{"timestamp": "2025-12-30T12:37:48.145356", "level": "INFO", "service": "check_and_recommender", "event": "ORDER_SKIPPED", "order_id": "f5c9fe2f-88c0-4dec-a122-c6e63532436a", "message": "Order marked completed without recommendation", "meta": {"recommended": false, "reason": "not eligible"}}
{"timestamp": "2025-12-30T12:37:48.152951", "level": "INFO", "service": "check_and_recommender", "event": "ORDER_SKIPPED", "order_id": "89690c4b-f1f7-4223-8faf-22724812b50b", "message": "Order marked completed without recommendation", "meta": {"recommended": false, "reason": "not eligible"}}
{"timestamp": "2025-12-30T12:37:48.159820", "level": "INFO", "service": "check_and_recommender", "event": "ORDER_SKIPPED", "order_id": "b4c72585-02e2-4ce5-9cd0-1ad63639e32a", "message": "Order marked completed without recommendation", "meta": {"recommended": false, "reason": "not eligible"}}
{"timestamp": "2025-12-30T12:37:48.309208", "level": "INFO", "service": "check_and_recommender", "event": "ORDER_SKIPPED", "order_id": "755a0c22-ca0d-4135-b386-418795524fe2", "message": "Order marked completed without recommendation", "meta": {"recommended": false, "reason": "not eligible"}}
{"timestamp": "2025-12-30T12:37:48.316745", "level": "INFO", "service": "check_and_recommender", "event": "ORDER_SKIPPED", "order_id": "ee7b4892-e0ba-4679-ba4f-f88df4b9a2b8", "message": "Order marked completed without recommendation", "meta": {"recommended": false, "reason": "not eligible"}}
{"timestamp": "2025-12-30T12:37:48.322844", "level": "INFO", "service": "check_and_recommender", "event": "ORDER_SKIPPED", "order_id": "76ce768d-39fc-4d55-a74b-02e13983732d", "message": "Order marked completed without recommendation", "meta": {"recommended": false, "reason": "not eligible"}}
{"timestamp": "2025-12-30T12:37:48.343541", "level": "INFO", "service": "check_and_recommender", "event": "ORDER_SKIPPED", "order_id": "3169a00d-0c25-42d8-af98-3650f2475705", "message": "Order marked completed without recommendation", "meta": {"recommended": false, "reason": "not eligible"}}
{"timestamp": "2025-12-30T12:37:48.344532", "level": "INFO", "service": "check_and_recommender", "event": "ORDER_SKIPPED", "order_id": "e232b6f2-f0cc-4225-a94b-35accd868de8", "message": "Order marked completed without recommendation", "meta": {"recommended": false, "reason": "not eligible"}}
{"timestamp": "2025-12-30T12:37:48.354392", "level": "INFO", "service": "check_and_recommender", "event": "ORDER_SKIPPED", "order_id": "250935ac-6c1d-400a-b440-d2750afe37fb", "message": "Order marked completed without recommendation", "meta": {"recommended": false, "reason": "not eligible"}}
{"timestamp": "2025-12-30T12:37:48.357569", "level": "INFO", "service": "check_and_recommender", "event": "ORDER_SKIPPED", "order_id": "766daa0a-b2e5-43d0-8c2a-7f2fbdd13d1b", "message": "Order marked completed without recommendation", "meta": {"recommended": false, "reason": "not eligible"}}
{"timestamp": "2025-12-30T12:37:48.366573", "level": "INFO", "service": "check_and_recommender", "event": "ORDER_SKIPPED", "order_id": "d7befd02-3dd5-49d0-b123-1f49cbf1f8cf", "message": "Order marked completed without recommendation", "meta": {"recommended": false, "reason": "not eligible"}}
{"timestamp": "2025-12-30T12:37:48.368176", "level": "INFO", "service": "check_and_recommender", "event": "ORDER_SKIPPED", "order_id": "125942a9-ddbe-4c98-96ae-38f651da534c", "message": "Order marked completed without recommendation", "meta": {"recommended": false, "reason": "not eligible"}}
{"timestamp": "2025-12-30T12:37:48.374782", "level": "INFO", "service": "check_and_recommender", "event": "ORDER_SKIPPED", "order_id": "b1752cc4-7a38-4b8e-bfdd-7d7c6769200c", "message": "Order marked completed without recommendation", "meta": {"recommended": false, "reason": "not eligible"}}
{"timestamp": "2025-12-30T12:37:48.383792", "level": "INFO", "service": "check_and_recommender", "event": "ORDER_SKIPPED", "order_id": "fd6f7b25-adc5-4296-86bd-6d5810dbf3f9", "message": "Order marked completed without recommendation", "meta": {"recommended": false, "reason": "not eligible"}}
{"timestamp": "2025-12-30T12:37:48.391422", "level": "INFO", "service": "check_and_recommender", "event": "ORDER_SKIPPED", "order_id": "c70d9b15-8101-49dd-ad00-b3d6a911fa37", "message": "Order marked completed without recommendation", "meta": {"recommended": false, "reason": "not eligible"}}
{"timestamp": "2025-12-30T12:37:48.479753", "level": "INFO", "service": "check_and_recommender", "event": "ORDER_SKIPPED", "order_id": "27ceb646-9078-4220-a3d3-e37a99cba84c", "message": "Order marked completed without recommendation", "meta": {"recommended": false, "reason": "not eligible"}}
{"timestamp": "2025-12-30T12:37:48.522770", "level": "INFO", "service": "check_and_recommender", "event": "ORDER_SKIPPED", "order_id": "66cf47a6-1e66-4144-82a0-f7a30870d9dc", "message": "Order marked completed without recommendation", "meta": {"recommended": false, "reason": "not eligible"}}
{"timestamp": "2025-12-30T12:37:48.559476", "level": "INFO", "service": "check_and_recommender", "event": "ORDER_SKIPPED", "order_id": "d359a13e-643d-4652-9820-63382a800c9b", "message": "Order marked completed without recommendation", "meta": {"recommended": false, "reason": "not eligible"}}
{"timestamp": "2025-12-30T12:37:48.577940", "level": "INFO", "service": "check_and_recommender", "event": "ORDER_SKIPPED", "order_id": "f3940f79-28f9-4fd8-b2df-8f65743d8c95", "message": "Order marked completed without recommendation", "meta": {"recommended": false, "reason": "not eligible"}}
{"timestamp": "2025-12-30T12:37:48.595347", "level": "INFO", "service": "check_and_recommender", "event": "ORDER_SKIPPED", "order_id": "a37b8a09-8d1c-4023-b0a4-786e4a4976e4", "message": "Order marked completed without recommendation", "meta": {"recommended": false, "reason": "not eligible"}}
{"timestamp": "2025-12-30T12:37:48.690467", "level": "INFO", "service": "check_and_recommender", "event": "ORDER_SKIPPED", "order_id": "b72bc3c7-3f9b-448c-9c23-6b0bda03bad0", "message": "Order marked completed without recommendation", "meta": {"recommended": false, "reason": "not eligible"}}
{"timestamp": "2025-12-30T12:37:48.738666", "level": "INFO", "service": "check_and_recommender", "event": "ORDER_SKIPPED", "order_id": "4dbe2b7a-0424-4b37-a389-04ebb8f6f968", "message": "Order marked completed without recommendation", "meta": {"recommended": false, "reason": "not eligible"}}
{"timestamp": "2025-12-30T12:37:48.745002", "level": "INFO", "service": "check_and_recommender", "event": "ORDER_SKIPPED", "order_id": "9d6db2b5-e7d0-48b2-ba07-da42ad497b87", "message": "Order marked completed without recommendation", "meta": {"recommended": false, "reason": "not eligible"}}
{"timestamp": "2025-12-30T12:37:48.758707", "level": "INFO", "service": "check_and_recommender", "event": "ORDER_SKIPPED", "order_id": "38b7c070-f4e9-4241-a3fe-8f9518c4fb16", "message": "Order marked completed without recommendation", "meta": {"recommended": false, "reason": "not eligible"}}
{"timestamp": "2025-12-30T12:37:48.860957", "level": "INFO", "service": "check_and_recommender", "event": "ORDER_SKIPPED", "order_id": "88771665-7098-480d-9634-f6c45ef12c4f", "message": "Order marked completed without recommendation", "meta": {"recommended": false, "reason": "not eligible"}}
{"timestamp": "2025-12-30T12:37:48.872627", "level": "INFO", "service": "check_and_recommender", "event": "ORDER_SKIPPED", "order_id": "85c5a388-15c8-4919-a10d-a0197dd9d693", "message": "Order marked completed without recommendation", "meta": {"recommended": false, "reason": "not eligible"}}
{"timestamp": "2025-12-30T12:37:48.899062", "level": "INFO", "service": "check_and_recommender", "event": "ORDER_SKIPPED", "order_id": "81c9d55b-0d2b-4f6b-acc7-ed49bc3069c4", "message": "Order marked completed without recommendation", "meta": {"recommended": false, "reason": "not eligible"}}
{"timestamp": "2025-12-30T12:37:49.236939", "level": "INFO", "service": "check_and_recommender", "event": "ORDER_SKIPPED", "order_id": "9f79d3d7-1184-40ee-be67-62a34cc305f9", "message": "Order marked completed without recommendation", "meta": {"recommended": false, "reason": "not eligible"}}
{"timestamp": "2025-12-30T12:37:49.355181", "level": "INFO", "service": "check_and_recommender", "event": "ORDER_SKIPPED", "order_id": "b020042b-fa18-420a-9217-52b1ef2f2d37", "message": "Order marked completed without recommendation", "meta": {"recommended": false, "reason": "not eligible"}}
{"timestamp": "2025-12-30T12:37:49.373176", "level": "INFO", "service": "check_and_recommender", "event": "ORDER_SKIPPED", "order_id": "6c6bce89-e173-4dc9-8649-76f0c4fc6873", "message": "Order marked completed without recommendation", "meta": {"recommended": false, "reason": "not eligible"}}
{"timestamp": "2025-12-30T12:37:49.390119", "level": "INFO", "service": "check_and_recommender", "event": "ORDER_SKIPPED", "order_id": "9aaaf480-f33e-4638-a508-88e035040375", "message": "Order marked completed without recommendation", "meta": {"recommended": false, "reason": "not eligible"}}
{"timestamp": "2025-12-30T12:37:49.406525", "level": "INFO", "service": "check_and_recommender", "event": "ORDER_SKIPPED", "order_id": "3f48f39d-3faf-4eaf-a423-7f582d3f1d88", "message": "Order marked completed without recommendation", "meta": {"recommended": false, "reason": "not eligible"}}
{"timestamp": "2025-12-30T12:37:49.522958", "level": "INFO", "service": "check_and_recommender", "event": "ORDER_SKIPPED", "order_id": "67c1dec2-a8f0-446a-8470-1371f75d6fbb", "message": "Order marked completed without recommendation", "meta": {"recommended": false, "reason": "not eligible"}}
{"timestamp": "2025-12-30T12:37:49.542887", "level": "INFO", "service": "check_and_recommender", "event": "ORDER_SKIPPED", "order_id": "61f9fa6c-b725-41d9-90b4-c8f93ce4c86c", "message": "Order marked completed without recommendation", "meta": {"recommended": false, "reason": "not eligible"}}
{"timestamp": "2025-12-30T12:37:49.972647", "level": "INFO", "service": "check_and_recommender", "event": "ORDER_SKIPPED", "order_id": "8a4f78b1-5298-40e1-b7f5-b29feb4852a6", "message": "Order marked completed without recommendation", "meta": {"recommended": false, "reason": "not eligible"}}
{"timestamp": "2025-12-30T12:37:49.986493", "level": "INFO", "service": "check_and_recommender", "event": "ORDER_SKIPPED", "order_id": "8bb2ede2-319b-4803-8f1a-24240e48b1b4", "message": "Order marked completed without recommendation", "meta": {"recommended": false, "reason": "not eligible"}}
{"timestamp": "2025-12-30T12:37:50.093809", "level": "INFO", "service": "check_and_recommender", "event": "ORDER_SKIPPED", "order_id": "6f3f5422-bc99-4442-ba57-f78605ea8e71", "message": "Order marked completed without recommendation", "meta": {"recommended": false, "reason": "not eligible"}}
{"timestamp": "2025-12-30T12:37:50.347078", "level": "INFO", "service": "check_and_recommender", "event": "ORDER_SKIPPED", "order_id": "91b78ba9-904b-489e-bb60-1dc7d9da3751", "message": "Order marked completed without recommendation", "meta": {"recommended": false, "reason": "not eligible"}}
{"timestamp": "2025-12-30T12:37:50.359828", "level": "INFO", "service": "check_and_recommender", "event": "ORDER_SKIPPED", "order_id": "f2c215c8-acc2-4bf2-a0d2-47444c08e8d5", "message": "Order marked completed without recommendation", "meta": {"recommended": false, "reason": "not eligible"}}
{"timestamp": "2025-12-30T12:37:50.781777", "level": "INFO", "service": "check_and_recommender", "event": "ORDER_SKIPPED", "order_id": "98402ade-041c-424c-950e-7b0e516a59c9", "message": "Order marked completed without recommendation", "meta": {"recommended": false, "reason": "not eligible"}}
{"timestamp": "2025-12-30T12:37:50.829470", "level": "INFO", "service": "check_and_recommender", "event": "ORDER_SKIPPED", "order_id": "afda8f71-501c-46b2-a709-88946814dbd2", "message": "Order marked completed without recommendation", "meta": {"recommended": false, "reason": "not eligible"}}
{"timestamp": "2025-12-30T12:37:50.851782", "level": "INFO", "service": "check_and_recommender", "event": "ORDER_SKIPPED", "order_id": "87a2ed31-81db-4596-a2fa-f250599b275e", "message": "Order marked completed without recommendation", "meta": {"recommended": false, "reason": "not eligible"}}
{"timestamp": "2025-12-30T12:37:52.094601", "level": "INFO", "service": "check_and_recommender", "event": "ORDER_SKIPPED", "order_id": "062b73fd-373b-41b5-8b22-489f0ec27ca7", "message": "Order marked completed without recommendation", "meta": {"recommended": false, "reason": "not eligible"}}
{"timestamp": "2025-12-30T12:37:52.662159", "level": "INFO", "service": "check_and_recommender", "event": "ORDER_SKIPPED", "order_id": "8c7b0caa-c23b-4ecd-a7ab-b20f989d6364", "message": "Order marked completed without recommendation", "meta": {"recommended": false, "reason": "not eligible"}}
{"timestamp": "2025-12-30T12:37:53.339228", "level": "INFO", "service": "check_and_recommender", "event": "ORDER_SKIPPED", "order_id": "bc571027-847a-48c3-9499-3b58221126fc", "message": "Order marked completed without recommendation", "meta": {"recommended": false, "reason": "not eligible"}}
{"timestamp": "2025-12-30T12:37:53.395171", "level": "INFO", "service": "check_and_recommender", "event": "ORDER_SKIPPED", "order_id": "3fddb3f6-788e-4112-a5ae-4f42e7673e1e", "message": "Order marked completed without recommendation", "meta": {"recommended": false, "reason": "not eligible"}}
{"timestamp": "2025-12-30T12:37:53.456984", "level": "INFO", "service": "check_and_recommender", "event": "ORDER_SKIPPED", "order_id": "8627a9a7-1d93-4923-a3d0-2413519754cf", "message": "Order marked completed without recommendation", "meta": {"recommended": false, "reason": "not eligible"}}
{"timestamp": "2025-12-30T12:37:53.609100", "level": "INFO", "service": "check_and_recommender", "event": "ORDER_SKIPPED", "order_id": "b5c1177b-e004-4999-bb24-275a77d20bc2", "message": "Order marked completed without recommendation", "meta": {"recommended": false, "reason": "not eligible"}}
{"timestamp": "2025-12-30T12:37:53.812616", "level": "INFO", "service": "check_and_recommender", "event": "ORDER_SKIPPED", "order_id": "93fe31aa-dd59-4f83-89bd-b4e979d10827", "message": "Order marked completed without recommendation", "meta": {"recommended": false, "reason": "not eligible"}}
{"timestamp": "2025-12-30T12:37:54.029654", "level": "INFO", "service": "check_and_recommender", "event": "ORDER_SKIPPED", "order_id": "9377759d-a1d6-4062-bce2-bbff9a434dc4", "message": "Order marked completed without recommendation", "meta": {"recommended": false, "reason": "not eligible"}}
{"timestamp": "2025-12-30T12:37:54.059810", "level": "INFO", "service": "check_and_recommender", "event": "ORDER_SKIPPED", "order_id": "0d1c1977-11ae-4ccc-b2f2-f0559a719ce7", "message": "Order marked completed without recommendation", "meta": {"recommended": false, "reason": "not eligible"}}
{"timestamp": "2025-12-30T12:37:54.259217", "level": "INFO", "service": "check_and_recommender", "event": "ORDER_SKIPPED", "order_id": "5e82becb-a0a9-4d1b-9c65-1773d4667917", "message": "Order marked completed without recommendation", "meta": {"recommended": false, "reason": "not eligible"}}
{"timestamp": "2025-12-30T12:37:54.974056", "level": "INFO", "service": "check_and_recommender", "event": "ORDER_SKIPPED", "order_id": "920105ce-c74c-44e1-a9ff-95f1b94bb056", "message": "Order marked completed without recommendation", "meta": {"recommended": false, "reason": "not eligible"}}
{"timestamp": "2025-12-30T12:37:55.136333", "level": "INFO", "service": "check_and_recommender", "event": "ORDER_SKIPPED", "order_id": "84b2ce99-b9de-489f-9d56-6b3f0daecf74", "message": "Order marked completed without recommendation", "meta": {"recommended": false, "reason": "not eligible"}}
{"timestamp": "2025-12-30T12:37:55.147579", "level": "INFO", "service": "check_and_recommender", "event": "ORDER_SKIPPED", "order_id": "a09838a1-fa0e-4605-9b0a-7df461e6e666", "message": "Order marked completed without recommendation", "meta": {"recommended": false, "reason": "not eligible"}}
{"timestamp": "2025-12-30T12:37:55.168524", "level": "INFO", "service": "check_and_recommender", "event": "ORDER_SKIPPED", "order_id": "6294f970-45b1-4a4b-9f7e-9e7e1614b378", "message": "Order marked completed without recommendation", "meta": {"recommended": false, "reason": "not eligible"}}
{"timestamp": "2025-12-30T12:37:55.379185", "level": "INFO", "service": "check_and_recommender", "event": "ORDER_SKIPPED", "order_id": "dd6c6cf5-6613-4e16-a91d-7d208a2e6e3a", "message": "Order marked completed without recommendation", "meta": {"recommended": false, "reason": "not eligible"}}
{"timestamp": "2025-12-30T12:37:55.421691", "level": "INFO", "service": "check_and_recommender", "event": "ORDER_SKIPPED", "order_id": "675b59ef-d2da-427e-9618-21f26a46966b", "message": "Order marked completed without recommendation", "meta": {"recommended": false, "reason": "not eligible"}}
{"timestamp": "2025-12-30T12:37:55.443837", "level": "INFO", "service": "check_and_recommender", "event": "ORDER_SKIPPED", "order_id": "efd3578e-8ad6-4cce-99f9-bbc21779ad71", "message": "Order marked completed without recommendation", "meta": {"recommended": false, "reason": "not eligible"}}
{"timestamp": "2025-12-30T12:37:55.459436", "level": "INFO", "service": "check_and_recommender", "event": "ORDER_SKIPPED", "order_id": "0c4c9ca7-e9bf-4dae-9542-4bfac9627c7b", "message": "Order marked completed without recommendation", "meta": {"recommended": false, "reason": "not eligible"}}
{"timestamp": "2025-12-30T12:37:55.493280", "level": "INFO", "service": "check_and_recommender", "event": "ORDER_SKIPPED", "order_id": "3b2bd1d6-5d24-4e24-80ee-252e59581c47", "message": "Order marked completed without recommendation", "meta": {"recommended": false, "reason": "not eligible"}}
{"timestamp": "2025-12-30T12:37:55.590431", "level": "INFO", "service": "check_and_recommender", "event": "ORDER_SKIPPED", "order_id": "0594cc49-f453-403c-b504-ef70df8cbba0", "message": "Order marked completed without recommendation", "meta": {"recommended": false, "reason": "not eligible"}}
{"timestamp": "2025-12-30T12:37:55.621996", "level": "INFO", "service": "check_and_recommender", "event": "ORDER_SKIPPED", "order_id": "279f8a5d-68d0-4f80-8fb0-8dedbb069d2d", "message": "Order marked completed without recommendation", "meta": {"recommended": false, "reason": "not eligible"}}
{"timestamp": "2025-12-30T12:37:55.629572", "level": "INFO", "service": "check_and_recommender", "event": "ORDER_SKIPPED", "order_id": "369c1019-9432-472d-938c-6a3a9a8e3a86", "message": "Order marked completed without recommendation", "meta": {"recommended": false, "reason": "not eligible"}}
{"timestamp": "2025-12-30T12:37:55.675258", "level": "INFO", "service": "check_and_recommender", "event": "ORDER_SKIPPED", "order_id": "08a38b35-d893-43da-bde2-6423df549c50", "message": "Order marked completed without recommendation", "meta": {"recommended": false, "reason": "not eligible"}}
{"timestamp": "2025-12-30T12:37:55.698810", "level": "INFO", "service": "check_and_recommender", "event": "ORDER_SKIPPED", "order_id": "0d6ac71a-11a2-412e-84db-755cf0ff2a50", "message": "Order marked completed without recommendation", "meta": {"recommended": false, "reason": "not eligible"}}
{"timestamp": "2025-12-30T12:37:55.720930", "level": "INFO", "service": "check_and_recommender", "event": "ORDER_SKIPPED", "order_id": "7129f271-b00b-40c7-83e5-83f5e746b040", "message": "Order marked completed without recommendation", "meta": {"recommended": false, "reason": "not eligible"}}
{"timestamp": "2025-12-30T12:37:56.065198", "level": "INFO", "service": "check_and_recommender", "event": "ORDER_SKIPPED", "order_id": "7da0fff3-5a09-42c7-95eb-2e35f8a8562f", "message": "Order marked completed without recommendation", "meta": {"recommended": false, "reason": "not eligible"}}
{"timestamp": "2025-12-30T12:37:56.140604", "level": "INFO", "service": "check_and_recommender", "event": "ORDER_SKIPPED", "order_id": "dd193655-1932-4fa7-ab4b-2b33210ab7be", "message": "Order marked completed without recommendation", "meta": {"recommended": false, "reason": "not eligible"}}
{"timestamp": "2025-12-30T12:37:56.178014", "level": "INFO", "service": "check_and_recommender", "event": "ORDER_SKIPPED", "order_id": "5c4f1ca6-faa0-427e-a0bd-3d4baafda706", "message": "Order marked completed without recommendation", "meta": {"recommended": false, "reason": "not eligible"}}
{"timestamp": "2025-12-30T12:37:56.321304", "level": "INFO", "service": "check_and_recommender", "event": "ORDER_SKIPPED", "order_id": "3e88bd0b-c1fb-4e67-86bc-235c236dfab6", "message": "Order marked completed without recommendation", "meta": {"recommended": false, "reason": "not eligible"}}
{"timestamp": "2025-12-30T12:37:56.339749", "level": "INFO", "service": "check_and_recommender", "event": "ORDER_SKIPPED", "order_id": "9ec8319b-3cbf-4f57-aa2c-c97cd2ccfd77", "message": "Order marked completed without recommendation", "meta": {"recommended": false, "reason": "not eligible"}}
{"timestamp": "2025-12-30T12:37:57.060716", "level": "INFO", "service": "check_and_recommender", "event": "ORDER_SKIPPED", "order_id": "0ec7f2b3-8992-4e8c-b464-4ecbad4cea66", "message": "Order marked completed without recommendation", "meta": {"recommended": false, "reason": "not eligible"}}
{"timestamp": "2025-12-30T12:37:57.215788", "level": "INFO", "service": "check_and_recommender", "event": "ORDER_SKIPPED", "order_id": "60cf3298-dccd-4571-be13-444ebf5e8a47", "message": "Order marked completed without recommendation", "meta": {"recommended": false, "reason": "not eligible"}}
{"timestamp": "2025-12-30T12:37:57.398247", "level": "INFO", "service": "check_and_recommender", "event": "ORDER_SKIPPED", "order_id": "477790f5-784f-411a-abd9-1d596ca6ee34", "message": "Order marked completed without recommendation", "meta": {"recommended": false, "reason": "not eligible"}}
{"timestamp": "2025-12-30T12:37:57.761381", "level": "INFO", "service": "check_and_recommender", "event": "ORDER_SKIPPED", "order_id": "ebdc35c7-252a-44c4-9afa-968f06c44dc0", "message": "Order marked completed without recommendation", "meta": {"recommended": false, "reason": "not eligible"}}
{"timestamp": "2025-12-30T12:37:57.835225", "level": "INFO", "service": "check_and_recommender", "event": "ORDER_SKIPPED", "order_id": "b08c972c-8c2a-4c61-890f-2290682a7981", "message": "Order marked completed without recommendation", "meta": {"recommended": false, "reason": "not eligible"}}
{"timestamp": "2025-12-30T12:37:58.855966", "level": "INFO", "service": "check_and_recommender", "event": "ORDER_SKIPPED", "order_id": "8d48968b-dc19-4389-a4c0-1ddaffc42116", "message": "Order marked completed without recommendation", "meta": {"recommended": false, "reason": "not eligible"}}
{"timestamp": "2025-12-30T12:37:58.892343", "level": "INFO", "service": "check_and_recommender", "event": "ORDER_SKIPPED", "order_id": "4bcd3ad4-da53-4290-bfab-b20115f1feaf", "message": "Order marked completed without recommendation", "meta": {"recommended": false, "reason": "not eligible"}}
{"timestamp": "2025-12-30T12:37:58.904357", "level": "INFO", "service": "check_and_recommender", "event": "ORDER_SKIPPED", "order_id": "fbcce766-17dd-43d5-821d-ee7621b6bf30", "message": "Order marked completed without recommendation", "meta": {"recommended": false, "reason": "not eligible"}}
{"timestamp": "2025-12-30T12:38:00.445781", "level": "INFO", "service": "check_and_recommender", "event": "ORDER_SKIPPED", "order_id": "46fa1d0f-d4fe-4397-8f31-60d3e6c07299", "message": "Order marked completed without recommendation", "meta": {"recommended": false, "reason": "not eligible"}}
{"timestamp": "2025-12-30T12:38:00.480821", "level": "INFO", "service": "check_and_recommender", "event": "ORDER_SKIPPED", "order_id": "48c1750d-a1ec-4625-b9d7-9b6498a21d0d", "message": "Order marked completed without recommendation", "meta": {"recommended": false, "reason": "not eligible"}}
{"timestamp": "2025-12-30T12:38:00.843574", "level": "INFO", "service": "check_and_recommender", "event": "ORDER_SKIPPED", "order_id": "1aaf9a6f-516a-4411-8ebe-637d8fe108ca", "message": "Order marked completed without recommendation", "meta": {"recommended": false, "reason": "not eligible"}}
{"timestamp": "2025-12-30T12:38:02.761849", "level": "INFO", "service": "check_and_recommender", "event": "ORDER_SKIPPED", "order_id": "059e7f53-d8e9-4964-9818-f4c09bea591e", "message": "Order marked completed without recommendation", "meta": {"recommended": false, "reason": "not eligible"}}
{"timestamp": "2025-12-30T12:38:02.946612", "level": "INFO", "service": "check_and_recommender", "event": "ORDER_SKIPPED", "order_id": "52f11b88-1792-4702-a13c-cd2774df9fb5", "message": "Order marked completed without recommendation", "meta": {"recommended": false, "reason": "not eligible"}}
{"timestamp": "2025-12-30T12:38:06.469673", "level": "INFO", "service": "check_and_recommender", "event": "ORDER_SKIPPED", "order_id": "a1fff8fd-2148-4e8a-bb3e-6dc6cb17310c", "message": "Order marked completed without recommendation", "meta": {"recommended": false, "reason": "not eligible"}}
{"timestamp": "2025-12-30T12:38:10.487663", "level": "INFO", "service": "check_and_recommender", "event": "ORDER_SKIPPED", "order_id": "24fe0f56-e01d-461c-81ce-7556aebb375e", "message": "Order marked completed without recommendation", "meta": {"recommended": false, "reason": "not eligible"}}
{"timestamp": "2025-12-30T12:38:10.543623", "level": "INFO", "service": "check_and_recommender", "event": "ORDER_SKIPPED", "order_id": "5e97177f-6907-46de-87eb-53f226678a84", "message": "Order marked completed without recommendation", "meta": {"recommended": false, "reason": "not eligible"}}
{"timestamp": "2025-12-30T12:38:10.574464", "level": "INFO", "service": "check_and_recommender", "event": "ORDER_SKIPPED", "order_id": "52079743-aa46-4c7d-a8e4-f0f0834d6c5e", "message": "Order marked completed without recommendation", "meta": {"recommended": false, "reason": "not eligible"}}
{"timestamp": "2025-12-30T12:38:10.578913", "level": "INFO", "service": "check_and_recommender", "event": "ORDER_SKIPPED", "order_id": "879bf907-88f5-4686-bb16-616486a93c9b", "message": "Order marked completed without recommendation", "meta": {"recommended": false, "reason": "not eligible"}}
{"timestamp": "2025-12-30T12:38:10.592902", "level": "INFO", "service": "check_and_recommender", "event": "ORDER_SKIPPED", "order_id": "acecec3a-1df4-42fc-b986-15efbe745be3", "message": "Order marked completed without recommendation", "meta": {"recommended": false, "reason": "not eligible"}}
{"timestamp": "2025-12-30T12:38:11.526155", "level": "INFO", "service": "check_and_recommender", "event": "ORDER_SKIPPED", "order_id": "c8a3d5c4-19dc-4188-ad02-595b9d9232ff", "message": "Order marked completed without recommendation", "meta": {"recommended": false, "reason": "not eligible"}}
{"timestamp": "2025-12-30T12:38:11.708696", "level": "INFO", "service": "check_and_recommender", "event": "ORDER_SKIPPED", "order_id": "d6e66793-b7b0-40bc-a6cc-ae6f120294ca", "message": "Order marked completed without recommendation", "meta": {"recommended": false, "reason": "not eligible"}}
{"timestamp": "2025-12-30T12:38:11.726955", "level": "INFO", "service": "check_and_recommender", "event": "ORDER_SKIPPED", "order_id": "f1d91f61-436c-46a4-90ec-733c56219bbe", "message": "Order marked completed without recommendation", "meta": {"recommended": false, "reason": "not eligible"}}
{"timestamp": "2025-12-30T12:38:11.908916", "level": "INFO", "service": "check_and_recommender", "event": "ORDER_SKIPPED", "order_id": "9f7cc58c-f6c5-484f-920f-d0de74e7a663", "message": "Order marked completed without recommendation", "meta": {"recommended": false, "reason": "not eligible"}}
{"timestamp": "2025-12-30T12:38:12.098224", "level": "INFO", "service": "check_and_recommender", "event": "ORDER_SKIPPED", "order_id": "1c6f7e46-6b85-4092-88b5-6f5d85b23218", "message": "Order marked completed without recommendation", "meta": {"recommended": false, "reason": "not eligible"}}
{"timestamp": "2025-12-30T12:38:12.207490", "level": "INFO", "service": "check_and_recommender", "event": "ORDER_SKIPPED", "order_id": "00309240-2583-4e7a-aebc-4f0b19f6892c", "message": "Order marked completed without recommendation", "meta": {"recommended": false, "reason": "not eligible"}}
{"timestamp": "2025-12-30T12:38:13.078575", "level": "INFO", "service": "check_and_recommender", "event": "ORDER_SKIPPED", "order_id": "8e3e0424-84f9-4c64-b11d-1c139a375bc3", "message": "Order marked completed without recommendation", "meta": {"recommended": false, "reason": "not eligible"}}
{"timestamp": "2025-12-30T12:38:13.092864", "level": "INFO", "service": "check_and_recommender", "event": "ORDER_SKIPPED", "order_id": "0ed51d23-cab6-4189-954c-0f8f994121c5", "message": "Order marked completed without recommendation", "meta": {"recommended": false, "reason": "not eligible"}}
{"timestamp": "2025-12-30T12:38:13.109445", "level": "INFO", "service": "check_and_recommender", "event": "ORDER_SKIPPED", "order_id": "f19b1073-7c30-40c6-9e36-5c2357339c47", "message": "Order marked completed without recommendation", "meta": {"recommended": false, "reason": "not eligible"}}
{"timestamp": "2025-12-30T12:38:13.397164", "level": "INFO", "service": "check_and_recommender", "event": "ORDER_SKIPPED", "order_id": "e2fec616-ec4f-4df6-ace8-6f3b299c5df1", "message": "Order marked completed without recommendation", "meta": {"recommended": false, "reason": "not eligible"}}
{"timestamp": "2025-12-30T12:38:13.400294", "level": "INFO", "service": "check_and_recommender", "event": "ORDER_SKIPPED", "order_id": "6517f15a-46e9-4be3-a15c-c86b8dfac756", "message": "Order marked completed without recommendation", "meta": {"recommended": false, "reason": "not eligible"}}
{"timestamp": "2025-12-30T12:38:13.409821", "level": "INFO", "service": "check_and_recommender", "event": "ORDER_SKIPPED", "order_id": "cf5bee8b-eb9b-420a-98aa-76fafcef6cc5", "message": "Order marked completed without recommendation", "meta": {"recommended": false, "reason": "not eligible"}}
{"timestamp": "2025-12-30T12:38:13.648428", "level": "INFO", "service": "check_and_recommender", "event": "ORDER_SKIPPED", "order_id": "2f4f72a2-c19a-4237-af8b-9093a90997d9", "message": "Order marked completed without recommendation", "meta": {"recommended": false, "reason": "not eligible"}}
{"timestamp": "2025-12-30T12:38:13.658549", "level": "INFO", "service": "check_and_recommender", "event": "ORDER_SKIPPED", "order_id": "2b241c12-26e5-42fa-a680-81613cfb5d75", "message": "Order marked completed without recommendation", "meta": {"recommended": false, "reason": "not eligible"}}
{"timestamp": "2025-12-30T12:38:18.386676", "level": "INFO", "service": "check_and_recommender", "event": "ORDER_SKIPPED", "order_id": "33e4d7a1-2ea6-4e83-8322-8846b6686b4e", "message": "Order marked completed without recommendation", "meta": {"recommended": false, "reason": "not eligible"}}
{"timestamp": "2025-12-30T12:38:18.400861", "level": "INFO", "service": "check_and_recommender", "event": "ORDER_SKIPPED", "order_id": "973fa1a0-95e4-407e-86a8-c105916ebad3", "message": "Order marked completed without recommendation", "meta": {"recommended": false, "reason": "not eligible"}}
{"timestamp": "2025-12-30T12:38:18.431292", "level": "INFO", "service": "check_and_recommender", "event": "ORDER_SKIPPED", "order_id": "b9ec5277-bd3a-410e-97f6-4185977742c4", "message": "Order marked completed without recommendation", "meta": {"recommended": false, "reason": "not eligible"}}
{"timestamp": "2025-12-30T12:38:18.479336", "level": "INFO", "service": "check_and_recommender", "event": "ORDER_SKIPPED", "order_id": "7fe3766d-57f9-4191-b960-1a73c806cf95", "message": "Order marked completed without recommendation", "meta": {"recommended": false, "reason": "not eligible"}}
{"timestamp": "2025-12-30T12:38:18.489353", "level": "INFO", "service": "check_and_recommender", "event": "ORDER_SKIPPED", "order_id": "3df78f26-d3b1-4a9c-8ef5-00b5608b5925", "message": "Order marked completed without recommendation", "meta": {"recommended": false, "reason": "not eligible"}}
{"timestamp": "2025-12-30T12:38:19.772072", "level": "INFO", "service": "check_and_recommender", "event": "ORDER_SKIPPED", "order_id": "e1c9cac7-9f83-4671-8f2b-a50c40198e6c", "message": "Order marked completed without recommendation", "meta": {"recommended": false, "reason": "not eligible"}}
{"timestamp": "2025-12-30T12:38:19.787742", "level": "INFO", "service": "check_and_recommender", "event": "ORDER_SKIPPED", "order_id": "8f20074b-789b-4a48-88ba-c980af1ed2a8", "message": "Order marked completed without recommendation", "meta": {"recommended": false, "reason": "not eligible"}}
{"timestamp": "2025-12-30T12:38:22.383119", "level": "INFO", "service": "check_and_recommender", "event": "ORDER_SKIPPED", "order_id": "90b394dd-33b5-40ab-9336-fa77326a6bed", "message": "Order marked completed without recommendation", "meta": {"recommended": false, "reason": "not eligible"}}
{"timestamp": "2025-12-30T12:38:22.604738", "level": "INFO", "service": "check_and_recommender", "event": "ORDER_SKIPPED", "order_id": "805abbfe-5309-454d-af58-07ee81cb8756", "message": "Order marked completed without recommendation", "meta": {"recommended": false, "reason": "not eligible"}}
{"timestamp": "2025-12-30T12:38:23.048313", "level": "INFO", "service": "check_and_recommender", "event": "ORDER_SKIPPED", "order_id": "7a4c25bc-13ac-44f1-8ff4-03cf9e12e6a1", "message": "Order marked completed without recommendation", "meta": {"recommended": false, "reason": "not eligible"}}
{"timestamp": "2025-12-30T12:38:27.501759", "level": "INFO", "service": "check_and_recommender", "event": "ORDER_SKIPPED", "order_id": "a9bf8b84-b937-46ae-a3d7-2f3ab63792ab", "message": "Order marked completed without recommendation", "meta": {"recommended": false, "reason": "not eligible"}}
{"timestamp": "2025-12-30T12:38:28.237995", "level": "INFO", "service": "check_and_recommender", "event": "ORDER_SKIPPED", "order_id": "19d8eb48-37a7-4ee1-9cb8-0726681e908d", "message": "Order marked completed without recommendation", "meta": {"recommended": false, "reason": "not eligible"}}
{"timestamp": "2025-12-30T12:38:29.461000", "level": "INFO", "service": "check_and_recommender", "event": "ORDER_SKIPPED", "order_id": "9f40d49f-d1f6-4b50-a9d6-3c35582b4bb1", "message": "Order marked completed without recommendation", "meta": {"recommended": false, "reason": "not eligible"}}
{"timestamp": "2025-12-30T12:38:29.476909", "level": "INFO", "service": "check_and_recommender", "event": "ORDER_SKIPPED", "order_id": "0f682ef5-0083-477f-8f46-c88764e6c538", "message": "Order marked completed without recommendation", "meta": {"recommended": false, "reason": "not eligible"}}
{"timestamp": "2025-12-30T12:38:29.519120", "level": "INFO", "service": "check_and_recommender", "event": "ORDER_SKIPPED", "order_id": "d47c5651-a5b4-4161-b346-5c22ed5d1931", "message": "Order marked completed without recommendation", "meta": {"recommended": false, "reason": "not eligible"}}
{"timestamp": "2025-12-30T12:38:29.544047", "level": "INFO", "service": "check_and_recommender", "event": "ORDER_SKIPPED", "order_id": "1cd8e044-1896-48f6-a43e-19280069419e", "message": "Order marked completed without recommendation", "meta": {"recommended": false, "reason": "not eligible"}}
{"timestamp": "2025-12-30T12:38:29.561238", "level": "INFO", "service": "check_and_recommender", "event": "ORDER_SKIPPED", "order_id": "f02803f4-1de4-4bd6-acd7-1d27efb0aa47", "message": "Order marked completed without recommendation", "meta": {"recommended": false, "reason": "not eligible"}}
{"timestamp": "2025-12-30T12:38:29.583144", "level": "INFO", "service": "check_and_recommender", "event": "ORDER_SKIPPED", "order_id": "a516fde3-d93d-40fb-9d50-a17cf58aa6bf", "message": "Order marked completed without recommendation", "meta": {"recommended": false, "reason": "not eligible"}}
{"timestamp": "2025-12-30T12:38:29.615834", "level": "INFO", "service": "check_and_recommender", "event": "ORDER_SKIPPED", "order_id": "4dff4988-d608-45d7-a0c3-102863a046a2", "message": "Order marked completed without recommendation", "meta": {"recommended": false, "reason": "not eligible"}}
{"timestamp": "2025-12-30T12:38:29.636659", "level": "INFO", "service": "check_and_recommender", "event": "ORDER_SKIPPED", "order_id": "57843173-34eb-4910-829a-4934d8f045e9", "message": "Order marked completed without recommendation", "meta": {"recommended": false, "reason": "not eligible"}}
{"timestamp": "2025-12-30T12:38:29.648274", "level": "INFO", "service": "check_and_recommender", "event": "ORDER_SKIPPED", "order_id": "a45f807c-6e97-41da-a49f-c9ac5dcac2b8", "message": "Order marked completed without recommendation", "meta": {"recommended": false, "reason": "not eligible"}}
{"timestamp": "2025-12-30T12:38:29.664817", "level": "INFO", "service": "check_and_recommender", "event": "ORDER_SKIPPED", "order_id": "461e1c35-412a-4186-9053-79f76b04ed07", "message": "Order marked completed without recommendation", "meta": {"recommended": false, "reason": "not eligible"}}
{"timestamp": "2025-12-30T12:38:29.680481", "level": "INFO", "service": "check_and_recommender", "event": "ORDER_SKIPPED", "order_id": "7b18ae7c-df39-462f-baf8-868c64ea464b", "message": "Order marked completed without recommendation", "meta": {"recommended": false, "reason": "not eligible"}}
{"timestamp": "2025-12-30T12:38:29.752829", "level": "INFO", "service": "check_and_recommender", "event": "ORDER_SKIPPED", "order_id": "bd051d0d-2897-4fed-9f40-9a3b55a0f88f", "message": "Order marked completed without recommendation", "meta": {"recommended": false, "reason": "not eligible"}}
{"timestamp": "2025-12-30T12:38:29.761403", "level": "INFO", "service": "check_and_recommender", "event": "ORDER_SKIPPED", "order_id": "0201f6a4-634b-4880-a2d2-87ec38d22b2b", "message": "Order marked completed without recommendation", "meta": {"recommended": false, "reason": "not eligible"}}
{"timestamp": "2025-12-30T12:38:29.771534", "level": "INFO", "service": "check_and_recommender", "event": "ORDER_SKIPPED", "order_id": "e3199e8c-c0b7-4f4b-9d66-74bb68523b2a", "message": "Order marked completed without recommendation", "meta": {"recommended": false, "reason": "not eligible"}}
{"timestamp": "2025-12-30T12:38:29.780795", "level": "INFO", "service": "check_and_recommender", "event": "ORDER_SKIPPED", "order_id": "a6258a49-817e-48e0-aa46-00eefce94496", "message": "Order marked completed without recommendation", "meta": {"recommended": false, "reason": "not eligible"}}
{"timestamp": "2025-12-30T12:38:30.006612", "level": "INFO", "service": "check_and_recommender", "event": "ORDER_SKIPPED", "order_id": "f998fc6a-5c23-4acb-8e79-c6073b1e26bc", "message": "Order marked completed without recommendation", "meta": {"recommended": false, "reason": "not eligible"}}
{"timestamp": "2025-12-30T12:38:30.016772", "level": "INFO", "service": "check_and_recommender", "event": "ORDER_SKIPPED", "order_id": "2c32546f-7a32-4dbe-b383-bed61998e6ef", "message": "Order marked completed without recommendation", "meta": {"recommended": false, "reason": "not eligible"}}
{"timestamp": "2025-12-30T12:38:30.026026", "level": "INFO", "service": "check_and_recommender", "event": "ORDER_SKIPPED", "order_id": "29b0ad7c-73a4-4d5a-8113-e35ae62c10f0", "message": "Order marked completed without recommendation", "meta": {"recommended": false, "reason": "not eligible"}}
{"timestamp": "2025-12-30T12:38:30.034461", "level": "INFO", "service": "check_and_recommender", "event": "ORDER_SKIPPED", "order_id": "dbb1563d-0465-4690-a652-843331e00a11", "message": "Order marked completed without recommendation", "meta": {"recommended": false, "reason": "not eligible"}}
{"timestamp": "2025-12-30T12:38:30.044542", "level": "INFO", "service": "check_and_recommender", "event": "ORDER_SKIPPED", "order_id": "9e517f22-669f-4bf8-ba78-fed2d4b3858a", "message": "Order marked completed without recommendation", "meta": {"recommended": false, "reason": "not eligible"}}
{"timestamp": "2025-12-30T12:38:30.057882", "level": "INFO", "service": "check_and_recommender", "event": "ORDER_SKIPPED", "order_id": "d05b5bbd-7810-416a-8d87-901d42140f74", "message": "Order marked completed without recommendation", "meta": {"recommended": false, "reason": "not eligible"}}
{"timestamp": "2025-12-30T12:38:30.066026", "level": "INFO", "service": "check_and_recommender", "event": "ORDER_SKIPPED", "order_id": "33292306-89eb-4093-b50f-72116f82ad10", "message": "Order marked completed without recommendation", "meta": {"recommended": false, "reason": "not eligible"}}
{"timestamp": "2025-12-30T12:38:30.075622", "level": "INFO", "service": "check_and_recommender", "event": "ORDER_SKIPPED", "order_id": "c0f78d4d-9eb0-4814-8b01-5903efe27f22", "message": "Order marked completed without recommendation", "meta": {"recommended": false, "reason": "not eligible"}}
{"timestamp": "2025-12-30T12:38:43.593329", "level": "INFO", "service": "check_and_recommender", "event": "ORDER_SKIPPED", "order_id": "bc58d1c9-c173-4b9e-87cc-a5125688ce51", "message": "Order marked completed without recommendation", "meta": {"recommended": false, "reason": "not eligible"}}
{"timestamp": "2025-12-30T12:38:43.670250", "level": "INFO", "service": "check_and_recommender", "event": "ORDER_SKIPPED", "order_id": "c2af8e09-6bd2-4dfc-baea-37734c3ccd9f", "message": "Order marked completed without recommendation", "meta": {"recommended": false, "reason": "not eligible"}}
{"timestamp": "2025-12-30T12:38:43.694348", "level": "INFO", "service": "check_and_recommender", "event": "ORDER_SKIPPED", "order_id": "7736db6c-423b-4632-84bf-2652dcae695d", "message": "Order marked completed without recommendation", "meta": {"recommended": false, "reason": "not eligible"}}
{"timestamp": "2025-12-30T12:38:43.696893", "level": "INFO", "service": "check_and_recommender", "event": "ORDER_SKIPPED", "order_id": "8e43ef7c-f397-4357-b991-7a88b5e5e949", "message": "Order marked completed without recommendation", "meta": {"recommended": false, "reason": "not eligible"}}
{"timestamp": "2025-12-30T12:38:43.701427", "level": "INFO", "service": "check_and_recommender", "event": "ORDER_SKIPPED", "order_id": "e2c5a40f-d778-47de-bf92-d627c76027d9", "message": "Order marked completed without recommendation", "meta": {"recommended": false, "reason": "not eligible"}}
{"timestamp": "2025-12-30T12:38:43.910237", "level": "INFO", "service": "check_and_recommender", "event": "ORDER_SKIPPED", "order_id": "497a5cdf-15bf-4f28-b864-d50c7a2db011", "message": "Order marked completed without recommendation", "meta": {"recommended": false, "reason": "not eligible"}}
{"timestamp": "2025-12-30T12:38:43.931868", "level": "INFO", "service": "check_and_recommender", "event": "ORDER_SKIPPED", "order_id": "75f72012-abaa-4db6-ba1f-0eb5a104c7de", "message": "Order marked completed without recommendation", "meta": {"recommended": false, "reason": "not eligible"}}
{"timestamp": "2025-12-30T12:38:43.981933", "level": "INFO", "service": "check_and_recommender", "event": "ORDER_SKIPPED", "order_id": "371c29b9-51ba-4dd1-8a49-0d372741e4eb", "message": "Order marked completed without recommendation", "meta": {"recommended": false, "reason": "not eligible"}}
{"timestamp": "2025-12-30T12:38:43.998648", "level": "INFO", "service": "check_and_recommender", "event": "ORDER_SKIPPED", "order_id": "73c50991-2df7-4062-adcc-bce2f6986833", "message": "Order marked completed without recommendation", "meta": {"recommended": false, "reason": "not eligible"}}
{"timestamp": "2025-12-30T12:38:45.513026", "level": "INFO", "service": "check_and_recommender", "event": "ORDER_SKIPPED", "order_id": "04103098-fb5d-4ae6-b1ad-e29187ba04fc", "message": "Order marked completed without recommendation", "meta": {"recommended": false, "reason": "not eligible"}}
{"timestamp": "2025-12-30T12:38:49.710493", "level": "INFO", "service": "check_and_recommender", "event": "ORDER_SKIPPED", "order_id": "a183d9b3-db73-4699-bfc5-71a7655dcf4b", "message": "Order marked completed without recommendation", "meta": {"recommended": false, "reason": "not eligible"}}
{"timestamp": "2025-12-30T12:38:49.736527", "level": "INFO", "service": "check_and_recommender", "event": "ORDER_SKIPPED", "order_id": "e21930fc-ddee-4294-8970-4da277f2221c", "message": "Order marked completed without recommendation", "meta": {"recommended": false, "reason": "not eligible"}}
{"timestamp": "2025-12-30T12:39:10.693985", "level": "INFO", "service": "check_and_recommender", "event": "ORDER_SKIPPED", "order_id": "1a5f5b95-3c2c-42e7-9cf3-19f7947922a6", "message": "Order marked completed without recommendation", "meta": {"recommended": false, "reason": "not eligible"}}
{"timestamp": "2025-12-30T12:39:10.921848", "level": "INFO", "service": "check_and_recommender", "event": "ORDER_SKIPPED", "order_id": "963fbbb0-5588-467f-a061-4a44a4de2643", "message": "Order marked completed without recommendation", "meta": {"recommended": false, "reason": "not eligible"}}
{"timestamp": "2025-12-30T12:39:10.922362", "level": "INFO", "service": "check_and_recommender", "event": "ORDER_SKIPPED", "order_id": "6ee73c47-8eff-4f56-8ac0-1d43a07146b0", "message": "Order marked completed without recommendation", "meta": {"recommended": false, "reason": "not eligible"}}
{"timestamp": "2025-12-30T12:39:10.940095", "level": "INFO", "service": "check_and_recommender", "event": "ORDER_SKIPPED", "order_id": "afaf1f79-e120-408b-8253-09e81d8606a6", "message": "Order marked completed without recommendation", "meta": {"recommended": false, "reason": "not eligible"}}
{"timestamp": "2025-12-30T12:39:11.330220", "level": "INFO", "service": "check_and_recommender", "event": "ORDER_SKIPPED", "order_id": "5d7174bc-dbd5-436b-bb0d-b8ab281c3ffb", "message": "Order marked completed without recommendation", "meta": {"recommended": false, "reason": "not eligible"}}
{"timestamp": "2025-12-30T12:39:11.359111", "level": "INFO", "service": "check_and_recommender", "event": "ORDER_SKIPPED", "order_id": "aa5d2b08-8d73-4358-9f6c-4e99566356dc", "message": "Order marked completed without recommendation", "meta": {"recommended": false, "reason": "not eligible"}}
{"timestamp": "2025-12-30T12:39:11.372133", "level": "INFO", "service": "check_and_recommender", "event": "ORDER_SKIPPED", "order_id": "6543b774-23cb-4903-afb0-d00f1ef83466", "message": "Order marked completed without recommendation", "meta": {"recommended": false, "reason": "not eligible"}}
{"timestamp": "2025-12-30T12:39:11.391488", "level": "INFO", "service": "check_and_recommender", "event": "ORDER_SKIPPED", "order_id": "b8df047e-8b32-4e4f-bbd5-762d304aea28", "message": "Order marked completed without recommendation", "meta": {"recommended": false, "reason": "not eligible"}}
{"timestamp": "2025-12-30T12:39:16.576464", "level": "INFO", "service": "check_and_recommender", "event": "ORDER_SKIPPED", "order_id": "a659b52e-366f-4f44-a2da-bc7e9c51f13c", "message": "Order marked completed without recommendation", "meta": {"recommended": false, "reason": "not eligible"}}
{"timestamp": "2025-12-30T12:39:37.490524", "level": "INFO", "service": "check_and_recommender", "event": "ORDER_SKIPPED", "order_id": "51bb845b-132b-4b63-82a6-0e497d9b2c07", "message": "Order marked completed without recommendation", "meta": {"recommended": false, "reason": "not eligible"}}
{"timestamp": "2025-12-30T12:39:41.751007", "level": "INFO", "service": "check_and_recommender", "event": "ORDER_SKIPPED", "order_id": "ccd083fd-cda2-4a68-9cd3-b097c2c4882e", "message": "Order marked completed without recommendation", "meta": {"recommended": false, "reason": "not eligible"}}
{"timestamp": "2025-12-30T12:39:41.762160", "level": "INFO", "service": "check_and_recommender", "event": "ORDER_SKIPPED", "order_id": "85cc6085-23ee-4081-bb89-81b83fbcd10c", "message": "Order marked completed without recommendation", "meta": {"recommended": false, "reason": "not eligible"}}
{"timestamp": "2025-12-30T12:39:41.775839", "level": "INFO", "service": "check_and_recommender", "event": "ORDER_SKIPPED", "order_id": "42c6793b-5e16-4509-9fcc-ea62df36e8c0", "message": "Order marked completed without recommendation", "meta": {"recommended": false, "reason": "not eligible"}}
{"timestamp": "2025-12-30T12:39:41.782647", "level": "INFO", "service": "check_and_recommender", "event": "ORDER_SKIPPED", "order_id": "5f861403-1774-4067-8ac4-62156c0705c4", "message": "Order marked completed without recommendation", "meta": {"recommended": false, "reason": "not eligible"}}
{"timestamp": "2025-12-30T12:39:41.790741", "level": "INFO", "service": "check_and_recommender", "event": "ORDER_SKIPPED", "order_id": "82f9a67c-cba8-497c-bc0e-1841bb6054f4", "message": "Order marked completed without recommendation", "meta": {"recommended": false, "reason": "not eligible"}}
{"timestamp": "2025-12-30T12:39:45.737242", "level": "INFO", "service": "check_and_recommender", "event": "ORDER_SKIPPED", "order_id": "c299656a-cd9c-46ee-a72b-5e877fd6e25a", "message": "Order marked completed without recommendation", "meta": {"recommended": false, "reason": "not eligible"}}
{"timestamp": "2025-12-30T12:39:45.754647", "level": "INFO", "service": "check_and_recommender", "event": "ORDER_SKIPPED", "order_id": "ba19f298-5a9d-4422-8db2-bac11365ea16", "message": "Order marked completed without recommendation", "meta": {"recommended": false, "reason": "not eligible"}}
{"timestamp": "2025-12-30T12:39:46.500623", "level": "INFO", "service": "check_and_recommender", "event": "ORDER_SKIPPED", "order_id": "475d27b6-1ed9-462b-8b49-57ef55f2cd15", "message": "Order marked completed without recommendation", "meta": {"recommended": false, "reason": "not eligible"}}
{"timestamp": "2025-12-30T12:39:46.512451", "level": "INFO", "service": "check_and_recommender", "event": "ORDER_SKIPPED", "order_id": "aeb750a0-7ea1-40fd-88f9-d969fdfd9691", "message": "Order marked completed without recommendation", "meta": {"recommended": false, "reason": "not eligible"}}
{"timestamp": "2025-12-30T12:39:46.794742", "level": "INFO", "service": "check_and_recommender", "event": "ORDER_SKIPPED", "order_id": "5d3d8ec6-a225-4d3a-bee6-fe0d5a086f17", "message": "Order marked completed without recommendation", "meta": {"recommended": false, "reason": "not eligible"}}
{"timestamp": "2025-12-30T12:39:46.807795", "level": "INFO", "service": "check_and_recommender", "event": "ORDER_SKIPPED", "order_id": "079904b3-cc60-404c-9bac-b29565ede620", "message": "Order marked completed without recommendation", "meta": {"recommended": false, "reason": "not eligible"}}
{"timestamp": "2025-12-30T12:39:49.472369", "level": "INFO", "service": "check_and_recommender", "event": "ORDER_SKIPPED", "order_id": "c51deccb-8fc3-47e2-a67f-4262e7a1eeae", "message": "Order marked completed without recommendation", "meta": {"recommended": false, "reason": "not eligible"}}
{"timestamp": "2025-12-30T12:39:49.481061", "level": "INFO", "service": "check_and_recommender", "event": "ORDER_SKIPPED", "order_id": "f048c6ac-e33e-4625-936b-65c8d35be29e", "message": "Order marked completed without recommendation", "meta": {"recommended": false, "reason": "not eligible"}}
{"timestamp": "2025-12-30T12:40:00.166894", "level": "INFO", "service": "check_and_recommender", "event": "ORDER_SKIPPED", "order_id": "8c39cb10-5d84-4355-92b2-ca206b75c7eb", "message": "Order marked completed without recommendation", "meta": {"recommended": false, "reason": "not eligible"}}
{"timestamp": "2025-12-30T12:40:00.841509", "level": "INFO", "service": "check_and_recommender", "event": "ORDER_SKIPPED", "order_id": "5c245fdc-d283-4f68-898b-ac6509056f46", "message": "Order marked completed without recommendation", "meta": {"recommended": false, "reason": "not eligible"}}
{"timestamp": "2025-12-30T12:40:00.870472", "level": "INFO", "service": "check_and_recommender", "event": "ORDER_SKIPPED", "order_id": "07b78517-2147-4943-89d7-fe5033ff8e73", "message": "Order marked completed without recommendation", "meta": {"recommended": false, "reason": "not eligible"}}
{"timestamp": "2025-12-30T12:40:00.872492", "level": "INFO", "service": "check_and_recommender", "event": "ORDER_SKIPPED", "order_id": "8da56cff-7471-4da8-9b7d-9736bd776869", "message": "Order marked completed without recommendation", "meta": {"recommended": false, "reason": "not eligible"}}
{"timestamp": "2025-12-30T12:40:00.875534", "level": "INFO", "service": "check_and_recommender", "event": "ORDER_SKIPPED", "order_id": "134fd522-f31a-4e34-adcf-abc9d3f26054", "message": "Order marked completed without recommendation", "meta": {"recommended": false, "reason": "not eligible"}}
{"timestamp": "2025-12-30T12:40:00.885259", "level": "INFO", "service": "check_and_recommender", "event": "ORDER_SKIPPED", "order_id": "5e087837-a1ba-494e-9bfc-4b9387a1df46", "message": "Order marked completed without recommendation", "meta": {"recommended": false, "reason": "not eligible"}}
{"timestamp": "2025-12-30T12:40:00.889315", "level": "INFO", "service": "check_and_recommender", "event": "ORDER_SKIPPED", "order_id": "911457b1-fa24-4977-8664-998a15563c94", "message": "Order marked completed without recommendation", "meta": {"recommended": false, "reason": "not eligible"}}
{"timestamp": "2025-12-30T12:40:00.900224", "level": "INFO", "service": "check_and_recommender", "event": "ORDER_SKIPPED", "order_id": "0b25dde4-933b-4f72-9348-891a50ec9dc5", "message": "Order marked completed without recommendation", "meta": {"recommended": false, "reason": "not eligible"}}
{"timestamp": "2025-12-30T12:40:00.902240", "level": "INFO", "service": "check_and_recommender", "event": "ORDER_SKIPPED", "order_id": "7e42b0cb-bd9b-44d6-bf65-b94b3e4cddb9", "message": "Order marked completed without recommendation", "meta": {"recommended": false, "reason": "not eligible"}}
{"timestamp": "2025-12-30T12:40:00.908871", "level": "INFO", "service": "check_and_recommender", "event": "ORDER_SKIPPED", "order_id": "b4760944-552c-4ad3-bc92-7cddf995418c", "message": "Order marked completed without recommendation", "meta": {"recommended": false, "reason": "not eligible"}}
{"timestamp": "2025-12-30T12:40:00.908871", "level": "INFO", "service": "check_and_recommender", "event": "ORDER_SKIPPED", "order_id": "7cb148bc-1462-4229-a9c5-ce0169360131", "message": "Order marked completed without recommendation", "meta": {"recommended": false, "reason": "not eligible"}}
{"timestamp": "2025-12-30T12:40:00.919512", "level": "INFO", "service": "check_and_recommender", "event": "ORDER_SKIPPED", "order_id": "016252dd-7fff-435d-968f-65bd1bdb6fd6", "message": "Order marked completed without recommendation", "meta": {"recommended": false, "reason": "not eligible"}}
{"timestamp": "2025-12-30T12:40:00.920528", "level": "INFO", "service": "check_and_recommender", "event": "ORDER_SKIPPED", "order_id": "ccd1fb22-9bff-452a-a19f-1e79cce36b14", "message": "Order marked completed without recommendation", "meta": {"recommended": false, "reason": "not eligible"}}
{"timestamp": "2025-12-30T12:40:00.941292", "level": "INFO", "service": "check_and_recommender", "event": "ORDER_SKIPPED", "order_id": "ffeb2204-e6c1-4d31-9f16-86543966f779", "message": "Order marked completed without recommendation", "meta": {"recommended": false, "reason": "not eligible"}}
{"timestamp": "2025-12-30T12:40:00.947937", "level": "INFO", "service": "check_and_recommender", "event": "ORDER_SKIPPED", "order_id": "dfad9c89-54df-4998-b9f9-dc7f597e6c1f", "message": "Order marked completed without recommendation", "meta": {"recommended": false, "reason": "not eligible"}}
{"timestamp": "2025-12-30T12:40:00.959052", "level": "INFO", "service": "check_and_recommender", "event": "ORDER_SKIPPED", "order_id": "86b82d76-5fa4-4491-8a30-5b014bf8ce66", "message": "Order marked completed without recommendation", "meta": {"recommended": false, "reason": "not eligible"}}
{"timestamp": "2025-12-30T12:40:00.972134", "level": "INFO", "service": "check_and_recommender", "event": "ORDER_SKIPPED", "order_id": "57f6618f-ebd4-41ed-9800-6b8ddd5822fd", "message": "Order marked completed without recommendation", "meta": {"recommended": false, "reason": "not eligible"}}
{"timestamp": "2025-12-30T12:40:00.995378", "level": "INFO", "service": "check_and_recommender", "event": "ORDER_SKIPPED", "order_id": "120659b5-0105-4d09-b7ff-20a02566df53", "message": "Order marked completed without recommendation", "meta": {"recommended": false, "reason": "not eligible"}}
{"timestamp": "2025-12-30T12:40:01.016939", "level": "INFO", "service": "check_and_recommender", "event": "ORDER_SKIPPED", "order_id": "e77ef6c4-2db7-4e6a-9cd3-57fbe572bd05", "message": "Order marked completed without recommendation", "meta": {"recommended": false, "reason": "not eligible"}}
